index,time,phase,station,probability
"(2024000260, 2025)","('2024-03-20T02:17:48.710000Z', '2024-03-20T02:17:48.710000Z')",P,PURA,"(1.0, 0.89333427)"
"(2024000260, 2026)","('2024-03-20T02:17:49.590000Z', '2024-03-20T02:17:49.620000Z')",S,PURA,"(1.0, 0.8766139)"
"(2024000260, 2183)","('2024-03-20T02:17:49.870000Z', '2024-03-20T02:17:49.870000Z')",P,CSM,"(1.0, 0.88955104)"
"(2024000260, 2177)","('2024-03-20T02:17:50.230000Z', '2024-03-20T02:17:50.230000Z')",P,CLUD,"(1.0, 0.82959133)"
"(2024000260, 1966)","('2024-03-20T02:17:50.280000Z', '2024-03-20T02:17:50.360000Z')",P,STAL,"(1.0, 0.60808563)"
"(2024000260, 2168)","('2024-03-20T02:17:51.090000Z', '2024-03-20T02:17:51.010000Z')",P,CIMO,"(1.0, 0.57197785)"
"(2024000260, 1711)","('2024-03-20T02:17:51.530000Z', '2024-03-20T02:17:51.480000Z')",P,FVI,"(1.0, 0.8001002)"
"(2024000260, 2184)","('2024-03-20T02:17:51.770000Z', '2024-03-20T02:17:51.790000Z')",S,CSM,"(1.0, 0.82443064)"
"(2024000260, 2178)","('2024-03-20T02:17:52.580000Z', '2024-03-20T02:17:52.580000Z')",S,CLUD,"(1.0, 0.670632)"
"(2024000260, 2169)","('2024-03-20T02:17:54.040000Z', '2024-03-20T02:17:54.220000Z')",S,CIMO,"(1.0, 0.3538238)"
"(2024000260, 1712)","('2024-03-20T02:17:54.450000Z', '2024-03-20T02:17:54.610000Z')",S,FVI,"(1.0, 0.6719333)"
"(2024000261, 1651)","('2024-03-20T10:24:46.100000Z', '2024-03-20T10:24:46.120000Z')",P,BRMO,"(1.0, 0.8636677)"
"(2024000261, 1652)","('2024-03-20T10:24:48.130000Z', '2024-03-20T10:24:48.180000Z')",S,BRMO,"(1.0, 0.85434175)"
"(2024000261, 4054)","('2024-03-20T10:24:48.550000Z', '2024-03-20T10:24:48.490000Z')",P,CARE,"(1.0, 0.14391394)"
"(2024000262, 3882)","('2024-03-20T22:48:17.780000Z', '2024-03-20T22:48:17.760000Z')",P,JAVS,"(1.0, 0.8718714)"
"(2024000262, 3841)","('2024-03-20T22:48:19.250000Z', '2024-03-20T22:48:19.260000Z')",P,GBAS,"(1.0, 0.7910108)"
"(2024000262, 3788)","('2024-03-20T22:48:19.330000Z', '2024-03-20T22:48:19.290000Z')",P,CEY,"(1.0, 0.70495224)"
"(2024000262, 4051)","('2024-03-20T22:48:20.270000Z', '2024-03-20T22:48:20.270000Z')",P,VOJS,"(1.0, 0.5773019)"
"(2024000262, 3883)","('2024-03-20T22:48:20.390000Z', '2024-03-20T22:48:20.380000Z')",S,JAVS,"(1.0, 0.84773093)"
"(2024000262, 4011)","('2024-03-20T22:48:20.390000Z', '2024-03-20T22:48:20.510000Z')",P,SKDS,"(1.0, 0.26849237)"
"(2024000262, 3789)","('2024-03-20T22:48:22.820000Z', '2024-03-20T22:48:22.830000Z')",S,CEY,"(1.0, 0.7544952)"
"(2024000262, 3842)","('2024-03-20T22:48:23.020000Z', '2024-03-20T22:48:23.100000Z')",S,GBAS,"(1.0, 0.7252038)"
"(2024000262, 4052)","('2024-03-20T22:48:25.020000Z', '2024-03-20T22:48:25.020000Z')",S,VOJS,"(1.0, 0.7539287)"
"(2024000262, 4012)","('2024-03-20T22:48:25.300000Z', '2024-03-20T22:48:25.320000Z')",S,SKDS,"(1.0, 0.53452075)"
"(2024000262, 3911)","('2024-03-20T22:48:26.530000Z', '2024-03-20T22:48:26.550000Z')",S,KNDS,"(1.0, 0.118472464)"
"(2024000263, 1697)","('2024-03-21T02:43:28.700000Z', '2024-03-21T02:43:28.660000Z')",P,MABI,"(1.0, 0.8875071)"
"(2024000263, 1698)","('2024-03-21T02:43:29.650000Z', '2024-03-21T02:43:29.660000Z')",S,MABI,"(1.0, 0.88201684)"
"(2024000263, 4012)","('2024-03-21T02:43:30.170000Z', '2024-03-21T02:43:30.200000Z')",S,RONC,"(1.0, 0.8298273)"
"(2024000263, 2217)","('2024-03-21T02:43:30.650000Z', '2024-03-21T02:43:30.680000Z')",P,GAVI,"(1.0, 0.62530196)"
"(2024000263, 3609)","('2024-03-21T02:43:32.030000Z', '2024-03-21T02:43:32.010000Z')",P,LUSI,"(1.0, 0.6690114)"
"(2024000263, 3990)","('2024-03-21T02:43:32.120000Z', '2024-03-21T02:43:32.060000Z')",P,GAGG,"(1.0, 0.82780486)"
"(2024000263, 1703)","('2024-03-21T02:43:32.530000Z', '2024-03-21T02:43:32.540000Z')",P,MAGA,"(1.0, 0.7124657)"
"(2024000263, 2218)","('2024-03-21T02:43:32.980000Z', '2024-03-21T02:43:33.140000Z')",S,GAVI,"(1.0, 0.52424145)"
"(2024000263, 3980)","('2024-03-21T02:43:34.570000Z', '2024-03-21T02:43:34.540000Z')",P,CARE,"(1.0, 0.80347556)"
"(2024000263, 3610)","('2024-03-21T02:43:35.890000Z', '2024-03-21T02:43:35.930000Z')",S,LUSI,"(1.0, 0.6803697)"
"(2024000263, 3991)","('2024-03-21T02:43:36.090000Z', '2024-03-21T02:43:36.160000Z')",S,GAGG,"(1.0, 0.7830085)"
"(2024000263, 3988)","('2024-03-21T02:43:36.160000Z', '2024-03-21T02:43:36.010000Z')",P,DOSS,"(1.0, 0.86392355)"
"(2024000263, 1704)","('2024-03-21T02:43:36.800000Z', '2024-03-21T02:43:36.890000Z')",S,MAGA,"(1.0, 0.5954681)"
"(2024000263, 3981)","('2024-03-21T02:43:39.740000Z', '2024-03-21T02:43:39.560000Z')",S,CARE,"(1.0, 0.63164765)"
"(2024000263, 3989)","('2024-03-21T02:43:42.420000Z', '2024-03-21T02:43:42.350000Z')",S,DOSS,"(1.0, 0.39591375)"
"(2024000264, 3925)","('2024-03-21T22:11:15.800000Z', '2024-03-21T22:11:15.800000Z')",P,ROBS,"(1.0, 0.8929595)"
"(2024000264, 2212)","('2024-03-21T22:11:16.530000Z', '2024-03-21T22:11:16.420000Z')",P,DRE,"(1.0, 0.3671107)"
"(2024000264, 3638)","('2024-03-21T22:11:17.080000Z', '2024-03-21T22:11:17.070000Z')",P,CADS,"(1.0, 0.7646202)"
"(2024000264, 3926)","('2024-03-21T22:11:17.330000Z', '2024-03-21T22:11:17.340000Z')",S,ROBS,"(1.0, 0.8614842)"
"(2024000264, 2202)","('2024-03-21T22:11:17.480000Z', '2024-03-21T22:11:17.550000Z')",P,COLI,"(1.0, 0.82949644)"
"(2024000264, 2076)","('2024-03-21T22:11:17.590000Z', '2024-03-21T22:11:17.610000Z')",P,VINO,"(1.0, 0.7904071)"
"(2024000264, 2276)","('2024-03-21T22:11:17.970000Z', '2024-03-21T22:11:17.940000Z')",P,PRED,"(1.0, 0.8680008)"
"(2024000264, 2213)","('2024-03-21T22:11:18.650000Z', '2024-03-21T22:11:18.680000Z')",S,DRE,"(1.0, 0.7306749)"
"(2024000264, 3639)","('2024-03-21T22:11:19.650000Z', '2024-03-21T22:11:19.770000Z')",S,CADS,"(1.0, 0.6443653)"
"(2024000264, 2203)","('2024-03-21T22:11:20.630000Z', '2024-03-21T22:11:20.640000Z')",S,COLI,"(1.0, 0.8241084)"
"(2024000264, 2077)","('2024-03-21T22:11:20.830000Z', '2024-03-21T22:11:20.840000Z')",S,VINO,"(1.0, 0.7677574)"
"(2024000264, 2277)","('2024-03-21T22:11:21.350000Z', '2024-03-21T22:11:21.400000Z')",S,PRED,"(1.0, 0.7817948)"
"(2024000265, 4092)","('2024-03-22T03:10:23.770000Z', '2024-03-22T03:10:23.820000Z')",P,ROBS,"(1.0, 0.8738265)"
"(2024000265, 2439)","('2024-03-22T03:10:24.160000Z', '2024-03-22T03:10:24.210000Z')",P,DRE,"(1.0, 0.85864466)"
"(2024000265, 3730)","('2024-03-22T03:10:24.940000Z', '2024-03-22T03:10:24.900000Z')",P,CADS,"(1.0, 0.9086653)"
"(2024000265, 2417)","('2024-03-22T03:10:24.990000Z', '2024-03-22T03:10:24.980000Z')",P,COLI,"(1.0, 0.9121545)"
"(2024000265, 4093)","('2024-03-22T03:10:25.060000Z', '2024-03-22T03:10:25.400000Z')",S,ROBS,"(1.0, 0.8472648)"
"(2024000265, 2088)","('2024-03-22T03:10:25.620000Z', '2024-03-22T03:10:25.610000Z')",P,VINO,"(1.0, 0.8790184)"
"(2024000265, 2203)","('2024-03-22T03:10:25.980000Z', '2024-03-22T03:10:25.980000Z')",P,BAD,"(1.0, 0.84909)"
"(2024000265, 2440)","('2024-03-22T03:10:26.040000Z', '2024-03-22T03:10:26.080000Z')",S,DRE,"(1.0, 0.8168803)"
"(2024000265, 2575)","('2024-03-22T03:10:26.420000Z', '2024-03-22T03:10:26.440000Z')",P,SABO,"(1.0, 0.841547)"
"(2024000265, 1615)","('2024-03-22T03:10:26.420000Z', '2024-03-22T03:10:26.440000Z')",P,PTCC,"(1.0, 0.85551757)"
"(2024000265, 2564)","('2024-03-22T03:10:26.520000Z', '2024-03-22T03:10:26.500000Z')",P,PRED,"(1.0, 0.872954)"
"(2024000265, 2465)","('2024-03-22T03:10:27.200000Z', '2024-03-22T03:10:27.200000Z')",P,LSR,"(1.0, 0.7969654)"
"(2024000265, 2800)","('2024-03-22T03:10:27.310000Z', '2024-03-22T03:10:27.280000Z')",P,GEPF,"(1.0, 0.75496906)"
"(2024000265, 2321)","('2024-03-22T03:10:27.390000Z', '2024-03-22T03:10:27.420000Z')",P,BUA,"(1.0, 0.74702007)"
"(2024000265, 4159)","('2024-03-22T03:10:27.420000Z', '2024-03-22T03:10:27.420000Z')",P,VOJS,"(1.0, 0.81614554)"
"(2024000265, 3731)","('2024-03-22T03:10:27.620000Z', '2024-03-22T03:10:27.610000Z')",S,CADS,"(1.0, 0.7730319)"
"(2024000265, 2418)","('2024-03-22T03:10:27.680000Z', '2024-03-22T03:10:27.730000Z')",S,COLI,"(1.0, 0.8547339)"
"(2024000265, 4009)","('2024-03-22T03:10:28.070000Z', '2024-03-22T03:10:28.080000Z')",P,GORS,"(1.0, 0.84188765)"
"(2024000265, 2175)","('2024-03-22T03:10:28.540000Z', '2024-03-22T03:10:28.580000Z')",P,ACOM,"(1.0, 0.71815884)"
"(2024000265, 2089)","('2024-03-22T03:10:28.940000Z', '2024-03-22T03:10:28.920000Z')",S,VINO,"(1.0, 0.7763812)"
"(2024000265, 2529)","('2024-03-22T03:10:29.370000Z', '2024-03-22T03:10:29.290000Z')",P,MPRI,"(1.0, 0.50837255)"
"(2024000265, 2204)","('2024-03-22T03:10:29.550000Z', '2024-03-22T03:10:29.600000Z')",S,BAD,"(1.0, 0.60604334)"
"(2024000265, 2556)","('2024-03-22T03:10:30.230000Z', '2024-03-22T03:10:30.300000Z')",P,PLRO,"(1.0, 0.59472775)"
"(2024000265, 1616)","('2024-03-22T03:10:30.390000Z', '2024-03-22T03:10:30.390000Z')",S,PTCC,"(1.0, 0.7609935)"
"(2024000265, 2565)","('2024-03-22T03:10:30.440000Z', '2024-03-22T03:10:30.560000Z')",S,PRED,"(1.0, 0.79075354)"
"(2024000265, 4013)","('2024-03-22T03:10:30.500000Z', '2024-03-22T03:10:30.430000Z')",P,JAVS,"(1.0, 0.78838944)"
"(2024000265, 2576)","('2024-03-22T03:10:30.640000Z', '2024-03-22T03:10:30.710000Z')",S,SABO,"(1.0, 0.74362177)"
"(2024000265, 2413)","('2024-03-22T03:10:31.330000Z', '2024-03-22T03:10:31.370000Z')",P,CLUD,"(1.0, 0.77479947)"
"(2024000265, 2801)","('2024-03-22T03:10:31.900000Z', '2024-03-22T03:10:31.960000Z')",S,GEPF,"(1.0, 0.66322774)"
"(2024000265, 2466)","('2024-03-22T03:10:31.920000Z', '2024-03-22T03:10:31.980000Z')",S,LSR,"(1.0, 0.52619565)"
"(2024000265, 2322)","('2024-03-22T03:10:32.450000Z', '2024-03-22T03:10:32.540000Z')",S,BUA,"(1.0, 0.65683544)"
"(2024000265, 4160)","('2024-03-22T03:10:32.470000Z', '2024-03-22T03:10:32.560000Z')",S,VOJS,"(1.0, 0.69915557)"
"(2024000265, 4010)","('2024-03-22T03:10:33.770000Z', '2024-03-22T03:10:33.850000Z')",S,GORS,"(1.0, 0.4854573)"
"(2024000265, 4043)","('2024-03-22T03:10:33.960000Z', '2024-03-22T03:10:33.810000Z')",P,MOZS,"(1.0, 0.27536026)"
"(2024000265, 2176)","('2024-03-22T03:10:34.140000Z', '2024-03-22T03:10:34.070000Z')",S,ACOM,"(1.0, 0.38313845)"
"(2024000265, 3765)","('2024-03-22T03:10:35.640000Z', '2024-03-22T03:10:35.630000Z')",P,CEY,"(1.0, 0.68085927)"
"(2024000265, 2558)","('2024-03-22T03:10:37.260000Z', '2024-03-22T03:10:37.270000Z')",S,PLRO,"(1.0, 0.8482652)"
"(2024000265, 2414)","('2024-03-22T03:10:39.180000Z', '2024-03-22T03:10:39.150000Z')",S,CLUD,"(1.0, 0.47936338)"
"(2024000265, 3766)","('2024-03-22T03:10:47.970000Z', '2024-03-22T03:10:48.060000Z')",S,CEY,"(1.0, 0.32740337)"
"(2024000266, 2447)","('2024-03-22T13:44:45.810000Z', '2024-03-22T13:44:45.850000Z')",P,DRE,"(1.0, 0.59063673)"
"(2024000266, 2424)","('2024-03-22T13:44:45.860000Z', '2024-03-22T13:44:45.920000Z')",P,COLI,"(1.0, 0.83409613)"
"(2024000266, 2425)","('2024-03-22T13:44:48.060000Z', '2024-03-22T13:44:47.960000Z')",S,COLI,"(1.0, 0.40454844)"
"(2024000267, 3642)","('2024-03-23T03:18:00.910000Z', '2024-03-23T03:18:00.940000Z')",P,ABSI,"(1.0, 0.83818716)"
"(2024000267, 3643)","('2024-03-23T03:18:04.480000Z', '2024-03-23T03:18:04.510000Z')",S,ABSI,"(1.0, 0.632453)"
"(2024000267, 3650)","('2024-03-23T03:18:05.270000Z', '2024-03-23T03:18:05.240000Z')",P,KOSI,"(1.0, 0.7309364)"
"(2024000267, 1567)","('2024-03-23T03:18:05.460000Z', '2024-03-23T03:18:05.510000Z')",P,APPI,"(1.0, 0.83234894)"
"(2024000267, 2168)","('2024-03-23T03:18:05.850000Z', '2024-03-23T03:18:05.980000Z')",P,FETA,"(1.0, 0.8635112)"
"(2024000267, 4331)","('2024-03-23T03:18:07.770000Z', '2024-03-23T03:18:07.720000Z')",P,OZOL,"(1.0, 0.8352174)"
"(2024000267, 4347)","('2024-03-23T03:18:08.480000Z', '2024-03-23T03:18:08.560000Z')",P,ZIAN,"(1.0, 0.86907554)"
"(2024000267, 3651)","('2024-03-23T03:18:11.780000Z', '2024-03-23T03:18:11.850000Z')",S,KOSI,"(1.0, 0.7136524)"
"(2024000267, 1568)","('2024-03-23T03:18:12.130000Z', '2024-03-23T03:18:12.190000Z')",S,APPI,"(1.0, 0.7467608)"
"(2024000267, 2169)","('2024-03-23T03:18:12.870000Z', '2024-03-23T03:18:13.050000Z')",S,FETA,"(1.0, 0.6140846)"
"(2024000267, 4332)","('2024-03-23T03:18:15.950000Z', '2024-03-23T03:18:16.120000Z')",S,OZOL,"(1.0, 0.61663)"
"(2024000267, 4348)","('2024-03-23T03:18:17.230000Z', '2024-03-23T03:18:17.390000Z')",S,ZIAN,"(1.0, 0.76935875)"
"(2024000268, 2283)","('2024-03-24T05:25:29.310000Z', '2024-03-24T05:25:29.300000Z')",P,MYKA,"(1.0, 0.8796035)"
"(2024000268, 2284)","('2024-03-24T05:25:30.930000Z', '2024-03-24T05:25:30.980000Z')",S,MYKA,"(1.0, 0.862936)"
"(2024000268, 3017)","('2024-03-24T05:25:31.640000Z', '2024-03-24T05:25:31.700000Z')",P,PRED,"(1.0, 0.74726814)"
"(2024000268, 2928)","('2024-03-24T05:25:31.740000Z', '2024-03-24T05:25:31.760000Z')",P,LSR,"(1.0, 0.8344518)"
"(2024000268, 3003)","('2024-03-24T05:25:34.820000Z', '2024-03-24T05:25:34.830000Z')",P,PLRO,"(1.0, 0.78931904)"
"(2024000268, 3018)","('2024-03-24T05:25:35.170000Z', '2024-03-24T05:25:35.190000Z')",S,PRED,"(1.0, 0.68681085)"
"(2024000268, 2929)","('2024-03-24T05:25:35.220000Z', '2024-03-24T05:25:35.240000Z')",S,LSR,"(1.0, 0.7685983)"
"(2024000268, 3004)","('2024-03-24T05:25:40.620000Z', '2024-03-24T05:25:40.580000Z')",S,PLRO,"(1.0, 0.61994344)"
"(2024000269, 4794)","('2024-03-24T06:48:43.260000Z', '2024-03-24T06:48:43.280000Z')",P,LJU,"(1.0, 0.8870725)"
"(2024000269, 4619)","('2024-03-24T06:48:43.290000Z', '2024-03-24T06:48:43.280000Z')",P,GBAS,"(1.0, 0.8819916)"
"(2024000269, 5006)","('2024-03-24T06:48:45.110000Z', '2024-03-24T06:48:45.110000Z')",P,VNDS,"(1.0, 0.84305686)"
"(2024000269, 4721)","('2024-03-24T06:48:45.310000Z', '2024-03-24T06:48:45.340000Z')",P,JAVS,"(1.0, 0.8255615)"
"(2024000269, 4808)","('2024-03-24T06:48:45.360000Z', '2024-03-24T06:48:45.390000Z')",P,MOZS,"(1.0, 0.7901567)"
"(2024000269, 4795)","('2024-03-24T06:48:45.490000Z', '2024-03-24T06:48:45.530000Z')",S,LJU,"(1.0, 0.8553122)"
"(2024000269, 4620)","('2024-03-24T06:48:45.670000Z', '2024-03-24T06:48:45.650000Z')",S,GBAS,"(1.0, 0.83781856)"
"(2024000269, 5007)","('2024-03-24T06:48:48.330000Z', '2024-03-24T06:48:48.480000Z')",S,VNDS,"(1.0, 0.27816254)"
"(2024000269, 4722)","('2024-03-24T06:48:49.720000Z', '2024-03-24T06:48:49.720000Z')",S,JAVS,"(1.0, 0.6650698)"
"(2024000270, 2852)","('2024-03-24T18:11:32.730000Z', '2024-03-24T18:11:32.780000Z')",P,FUSE,"(1.0, 0.8981447)"
"(2024000270, 2793)","('2024-03-24T18:11:33.340000Z', '2024-03-24T18:11:33.370000Z')",P,CLUD,"(1.0, 0.8663084)"
"(2024000270, 2724)","('2024-03-24T18:11:33.570000Z', '2024-03-24T18:11:33.630000Z')",P,BOO,"(1.0, 0.84236395)"
"(2024000270, 2200)","('2024-03-24T18:11:34.530000Z', '2024-03-24T18:11:34.620000Z')",P,PURA,"(1.0, 0.6971965)"
"(2024000270, 3012)","('2024-03-24T18:11:34.610000Z', '2024-03-24T18:11:34.600000Z')",P,PLRO,"(1.0, 0.77466077)"
"(2024000270, 2853)","('2024-03-24T18:11:34.670000Z', '2024-03-24T18:11:34.690000Z')",S,FUSE,"(1.0, 0.671813)"
"(2024000270, 2419)","('2024-03-24T18:11:35.620000Z', '2024-03-24T18:11:35.530000Z')",P,BAD,"(1.0, 0.65784127)"
"(2024000270, 2794)","('2024-03-24T18:11:35.660000Z', '2024-03-24T18:11:35.640000Z')",S,CLUD,"(1.0, 0.84209037)"
"(2024000270, 2725)","('2024-03-24T18:11:36.170000Z', '2024-03-24T18:11:36.210000Z')",S,BOO,"(1.0, 0.83682716)"
"(2024000270, 3013)","('2024-03-24T18:11:37.820000Z', '2024-03-24T18:11:37.750000Z')",S,PLRO,"(1.0, 0.6470252)"
"(2024000270, 2202)","('2024-03-24T18:11:37.850000Z', '2024-03-24T18:11:37.830000Z')",S,PURA,"(1.0, 0.7313998)"
"(2024000270, 2420)","('2024-03-24T18:11:39.900000Z', '2024-03-24T18:11:39.900000Z')",S,BAD,"(1.0, 0.62984896)"
"(2024000271, 1618)","('2024-03-24T23:43:30.930000Z', '2024-03-24T23:43:30.900000Z')",P,CHIE,"(1.0, 0.8856339)"
"(2024000271, 2100)","('2024-03-24T23:43:31.170000Z', '2024-03-24T23:43:31.190000Z')",P,STAL,"(1.0, 0.8845783)"
"(2024000271, 1619)","('2024-03-24T23:43:31.240000Z', '2024-03-24T23:43:31.270000Z')",S,CHIE,"(1.0, 0.82083726)"
"(2024000271, 2101)","('2024-03-24T23:43:31.660000Z', '2024-03-24T23:43:31.680000Z')",S,STAL,"(1.0, 0.8670212)"
"(2024000271, 2985)","('2024-03-24T23:43:33.380000Z', '2024-03-24T23:43:33.530000Z')",P,MLN,"(1.0, 0.15141332)"
"(2024000271, 2205)","('2024-03-24T23:43:33.510000Z', '2024-03-24T23:43:33.530000Z')",P,PURA,"(1.0, 0.66342896)"
"(2024000271, 2996)","('2024-03-24T23:43:33.890000Z', '2024-03-24T23:43:33.880000Z')",P,MPRI,"(1.0, 0.4984181)"
"(2024000271, 2787)","('2024-03-24T23:43:34.310000Z', '2024-03-24T23:43:34.250000Z')",P,CIMO,"(1.0, 0.6557534)"
"(2024000271, 2795)","('2024-03-24T23:43:34.700000Z', '2024-03-24T23:43:34.680000Z')",P,CLUD,"(1.0, 0.7847507)"
"(2024000271, 2854)","('2024-03-24T23:43:34.930000Z', '2024-03-24T23:43:35.000000Z')",P,FUSE,"(1.0, 0.87314075)"
"(2024000271, 2735)","('2024-03-24T23:43:35.250000Z', '2024-03-24T23:43:35.020000Z')",P,BOO,"(1.0, 0.7227191)"
"(2024000271, 2405)","('2024-03-24T23:43:36.140000Z', '2024-03-24T23:43:36.010000Z')",P,APGO,"(1.0, 0.844502)"
"(2024000271, 2997)","('2024-03-24T23:43:36.780000Z', '2024-03-24T23:43:36.770000Z')",S,MPRI,"(1.0, 0.6116003)"
"(2024000271, 2788)","('2024-03-24T23:43:37.620000Z', '2024-03-24T23:43:37.560000Z')",S,CIMO,"(1.0, 0.3977164)"
"(2024000271, 2797)","('2024-03-24T23:43:38.260000Z', '2024-03-24T23:43:38.280000Z')",S,CLUD,"(1.0, 0.60830873)"
"(2024000271, 2855)","('2024-03-24T23:43:38.560000Z', '2024-03-24T23:43:38.580000Z')",S,FUSE,"(1.0, 0.45601085)"
"(2024000271, 2736)","('2024-03-24T23:43:39.310000Z', '2024-03-24T23:43:39.310000Z')",S,BOO,"(1.0, 0.42096812)"
"(2024000272, 3955)","('2024-03-25T00:49:36.090000Z', '2024-03-25T00:49:36.070000Z')",P,LJU,"(1.0, 0.90587187)"
"(2024000272, 3765)","('2024-03-25T00:49:36.920000Z', '2024-03-25T00:49:37.000000Z')",P,GBAS,"(1.0, 0.9197098)"
"(2024000272, 3956)","('2024-03-25T00:49:37.620000Z', '2024-03-25T00:49:37.620000Z')",S,LJU,"(1.0, 0.85759073)"
"(2024000272, 3969)","('2024-03-25T00:49:38.720000Z', '2024-03-25T00:49:38.690000Z')",P,MOZS,"(1.0, 0.8200941)"
"(2024000272, 3766)","('2024-03-25T00:49:39.310000Z', '2024-03-25T00:49:39.340000Z')",S,GBAS,"(1.0, 0.73908323)"
"(2024000272, 3869)","('2024-03-25T00:49:40.280000Z', '2024-03-25T00:49:40.050000Z')",P,JAVS,"(1.0, 0.73845834)"
"(2024000272, 3627)","('2024-03-25T00:49:40.550000Z', '2024-03-25T00:49:40.460000Z')",P,CEY,"(1.0, 0.44522935)"
"(2024000272, 4135)","('2024-03-25T00:49:41.340000Z', '2024-03-25T00:49:41.300000Z')",P,VOJS,"(1.0, 0.76615417)"
"(2024000272, 3846)","('2024-03-25T00:49:41.450000Z', '2024-03-25T00:49:41.450000Z')",P,GORS,"(1.0, 0.6302371)"
"(2024000272, 3870)","('2024-03-25T00:49:45.000000Z', '2024-03-25T00:49:44.670000Z')",S,JAVS,"(1.0, 0.24844155)"
"(2024000272, 3628)","('2024-03-25T00:49:45.770000Z', '2024-03-25T00:49:45.960000Z')",S,CEY,"(1.0, 0.40069988)"
"(2024000272, 3847)","('2024-03-25T00:49:46.890000Z', '2024-03-25T00:49:46.890000Z')",S,GORS,"(1.0, 0.32646942)"
"(2024000272, 4136)","('2024-03-25T00:49:47.110000Z', '2024-03-25T00:49:47.200000Z')",S,VOJS,"(1.0, 0.5721749)"
"(2024000273, 3649)","('2024-03-25T02:35:00.300000Z', '2024-03-25T02:35:00.300000Z')",P,CEY,"(1.0, 0.8652549)"
"(2024000273, 3876)","('2024-03-25T02:35:00.430000Z', '2024-03-25T02:35:00.410000Z')",P,JAVS,"(1.0, 0.8713806)"
"(2024000273, 3771)","('2024-03-25T02:35:00.770000Z', '2024-03-25T02:35:00.530000Z')",P,GBAS,"(1.0, 0.4603611)"
"(2024000273, 3650)","('2024-03-25T02:35:02.980000Z', '2024-03-25T02:35:03.000000Z')",S,CEY,"(1.0, 0.7901768)"
"(2024000273, 3877)","('2024-03-25T02:35:03.180000Z', '2024-03-25T02:35:03.240000Z')",S,JAVS,"(1.0, 0.73008496)"
"(2024000273, 3772)","('2024-03-25T02:35:03.250000Z', '2024-03-25T02:35:03.230000Z')",S,GBAS,"(1.0, 0.678148)"
"(2024000274, 3921)","('2024-03-25T05:32:14.720000Z', '2024-03-25T05:32:14.710000Z')",P,KNDS,"(1.0, 0.8842765)"
"(2024000274, 3677)","('2024-03-25T05:32:14.980000Z', '2024-03-25T05:32:15.050000Z')",P,CEY,"(1.0, 0.81443495)"
"(2024000274, 4068)","('2024-03-25T05:32:15.110000Z', '2024-03-25T05:32:15.070000Z')",P,SKDS,"(1.0, 0.8799842)"
"(2024000274, 3883)","('2024-03-25T05:32:16.940000Z', '2024-03-25T05:32:16.980000Z')",P,JAVS,"(1.0, 0.8253204)"
"(2024000274, 1889)","('2024-03-25T05:32:17.150000Z', '2024-03-25T05:32:17.090000Z')",P,DST2,"(1.0, 0.45005405)"
"(2024000274, 3922)","('2024-03-25T05:32:17.240000Z', '2024-03-25T05:32:17.290000Z')",S,KNDS,"(1.0, 0.810717)"
"(2024000274, 3678)","('2024-03-25T05:32:17.860000Z', '2024-03-25T05:32:17.850000Z')",S,CEY,"(1.0, 0.6286894)"
"(2024000274, 4069)","('2024-03-25T05:32:17.970000Z', '2024-03-25T05:32:17.970000Z')",S,SKDS,"(1.0, 0.8106454)"
"(2024000274, 3884)","('2024-03-25T05:32:21.680000Z', '2024-03-25T05:32:21.720000Z')",S,JAVS,"(1.0, 0.6889338)"
"(2024000274, 1890)","('2024-03-25T05:32:22.160000Z', '2024-03-25T05:32:22.260000Z')",S,DST2,"(1.0, 0.21997963)"
"(2024000275, 3786)","('2024-03-25T07:04:40.840000Z', '2024-03-25T07:04:40.920000Z')",P,GBAS,"(1.0, 0.8738893)"
"(2024000275, 3975)","('2024-03-25T07:04:41.160000Z', '2024-03-25T07:04:41.140000Z')",P,MOZS,"(1.0, 0.7394612)"
"(2024000275, 3890)","('2024-03-25T07:04:42.200000Z', '2024-03-25T07:04:42.280000Z')",P,JAVS,"(1.0, 0.6361808)"
"(2024000275, 3856)","('2024-03-25T07:04:42.380000Z', '2024-03-25T07:04:42.320000Z')",P,GORS,"(1.0, 0.16052873)"
"(2024000275, 3787)","('2024-03-25T07:04:44.090000Z', '2024-03-25T07:04:44.110000Z')",S,GBAS,"(1.0, 0.7431141)"
"(2024000275, 3976)","('2024-03-25T07:04:44.350000Z', '2024-03-25T07:04:44.390000Z')",S,MOZS,"(1.0, 0.5589132)"
"(2024000275, 2273)","('2024-03-25T07:04:45.780000Z', '2024-03-25T07:04:45.820000Z')",P,DRE,"(1.0, 0.7968304)"
"(2024000275, 3891)","('2024-03-25T07:04:46.940000Z', '2024-03-25T07:04:47.120000Z')",S,JAVS,"(1.0, 0.52857333)"
"(2024000275, 4147)","('2024-03-25T07:04:47.600000Z', '2024-03-25T07:04:47.560000Z')",S,VOJS,"(1.0, 0.6599013)"
"(2024000275, 2274)","('2024-03-25T07:04:53.250000Z', '2024-03-25T07:04:53.380000Z')",S,DRE,"(1.0, 0.54015285)"
"(2024000276, 4178)","('2024-03-25T10:03:18.950000Z', '2024-03-25T10:03:18.920000Z')",P,DOSS,"(1.0, 0.8385117)"
"(2024000276, 3557)","('2024-03-25T10:03:20.110000Z', '2024-03-25T10:03:20.210000Z')",P,LUSI,"(1.0, 0.84089196)"
"(2024000276, 4179)","('2024-03-25T10:03:20.960000Z', '2024-03-25T10:03:21.020000Z')",S,DOSS,"(1.0, 0.8429828)"
"(2024000276, 4199)","('2024-03-25T10:03:22.030000Z', '2024-03-25T10:03:22.090000Z')",P,PANI,"(1.0, 0.8321131)"
"(2024000276, 4185)","('2024-03-25T10:03:22.110000Z', '2024-03-25T10:03:22.140000Z')",P,GAGG,"(1.0, 0.88319784)"
"(2024000276, 3558)","('2024-03-25T10:03:23.200000Z', '2024-03-25T10:03:23.350000Z')",S,LUSI,"(1.0, 0.6636405)"
"(2024000276, 4200)","('2024-03-25T10:03:26.160000Z', '2024-03-25T10:03:26.200000Z')",S,PANI,"(1.0, 0.7105183)"
"(2024000276, 4186)","('2024-03-25T10:03:26.770000Z', '2024-03-25T10:03:26.850000Z')",S,GAGG,"(1.0, 0.69171065)"
"(2024000277, 3713)","('2024-03-25T13:42:00.270000Z', '2024-03-25T13:42:00.240000Z')",P,CEY,"(1.0, 0.8057327)"
"(2024000277, 3932)","('2024-03-25T13:42:00.430000Z', '2024-03-25T13:42:00.420000Z')",P,KNDS,"(1.0, 0.84645706)"
"(2024000277, 4082)","('2024-03-25T13:42:00.460000Z', '2024-03-25T13:42:00.440000Z')",P,SKDS,"(1.0, 0.7937634)"
"(2024000277, 3897)","('2024-03-25T13:42:01.750000Z', '2024-03-25T13:42:01.740000Z')",P,JAVS,"(1.0, 0.78115827)"
"(2024000277, 3793)","('2024-03-25T13:42:02.800000Z', '2024-03-25T13:42:02.760000Z')",P,GBAS,"(1.0, 0.7926492)"
"(2024000277, 3714)","('2024-03-25T13:42:02.880000Z', '2024-03-25T13:42:02.940000Z')",S,CEY,"(1.0, 0.82322013)"
"(2024000277, 3933)","('2024-03-25T13:42:03.310000Z', '2024-03-25T13:42:03.320000Z')",S,KNDS,"(1.0, 0.6977884)"
"(2024000277, 4083)","('2024-03-25T13:42:03.440000Z', '2024-03-25T13:42:03.460000Z')",S,SKDS,"(1.0, 0.7747414)"
"(2024000277, 4153)","('2024-03-25T13:42:04.960000Z', '2024-03-25T13:42:05.000000Z')",P,VOJS,"(1.0, 0.9246013)"
"(2024000277, 3898)","('2024-03-25T13:42:06.000000Z', '2024-03-25T13:42:06.010000Z')",S,JAVS,"(1.0, 0.5772584)"
"(2024000277, 3794)","('2024-03-25T13:42:07.700000Z', '2024-03-25T13:42:07.660000Z')",S,GBAS,"(1.0, 0.48159423)"
"(2024000277, 4154)","('2024-03-25T13:42:12.000000Z', '2024-03-25T13:42:12.180000Z')",S,VOJS,"(1.0, 0.5918582)"
"(2024000278, 1940)","('2024-03-25T17:19:29.350000Z', '2024-03-25T17:19:29.350000Z')",P,VINO,"(1.0, 0.8869046)"
"(2024000278, 2094)","('2024-03-25T17:19:29.570000Z', '2024-03-25T17:19:29.550000Z')",P,BAD,"(1.0, 0.85489035)"
"(2024000278, 4044)","('2024-03-25T17:19:30.040000Z', '2024-03-25T17:19:30.050000Z')",P,ROBS,"(1.0, 0.8916142)"
"(2024000278, 2252)","('2024-03-25T17:19:30.200000Z', '2024-03-25T17:19:30.300000Z')",P,COLI,"(1.0, 0.5724322)"
"(2024000278, 1628)","('2024-03-25T17:19:30.780000Z', '2024-03-25T17:19:30.790000Z')",P,PTCC,"(1.0, 0.2204369)"
"(2024000278, 1941)","('2024-03-25T17:19:30.990000Z', '2024-03-25T17:19:30.980000Z')",S,VINO,"(1.0, 0.8722487)"
"(2024000278, 2095)","('2024-03-25T17:19:31.380000Z', '2024-03-25T17:19:31.370000Z')",S,BAD,"(1.0, 0.81669426)"
"(2024000278, 4045)","('2024-03-25T17:19:32.270000Z', '2024-03-25T17:19:32.270000Z')",S,ROBS,"(1.0, 0.8536542)"
"(2024000278, 2394)","('2024-03-25T17:19:32.320000Z', '2024-03-25T17:19:32.210000Z')",P,PRED,"(1.0, 0.7231787)"
"(2024000278, 2253)","('2024-03-25T17:19:32.670000Z', '2024-03-25T17:19:32.710000Z')",S,COLI,"(1.0, 0.59656036)"
"(2024000278, 1629)","('2024-03-25T17:19:33.720000Z', '2024-03-25T17:19:33.710000Z')",S,PTCC,"(1.0, 0.1604701)"
"(2024000278, 2395)","('2024-03-25T17:19:36.320000Z', '2024-03-25T17:19:36.390000Z')",S,PRED,"(1.0, 0.72675127)"
"(2024000279, 4053)","('2024-03-25T21:51:39.200000Z', '2024-03-25T21:51:39.180000Z')",P,ROBS,"(1.0, 0.89815634)"
"(2024000279, 2286)","('2024-03-25T21:51:39.900000Z', '2024-03-25T21:51:39.930000Z')",P,DRE,"(1.0, 0.87252635)"
"(2024000279, 3615)","('2024-03-25T21:51:40.400000Z', '2024-03-25T21:51:40.460000Z')",P,CADS,"(1.0, 0.82757664)"
"(2024000279, 4054)","('2024-03-25T21:51:40.720000Z', '2024-03-25T21:51:40.730000Z')",S,ROBS,"(1.0, 0.86522055)"
"(2024000279, 2254)","('2024-03-25T21:51:40.910000Z', '2024-03-25T21:51:40.950000Z')",P,COLI,"(1.0, 0.8847597)"
"(2024000279, 1944)","('2024-03-25T21:51:40.980000Z', '2024-03-25T21:51:41.030000Z')",P,VINO,"(1.0, 0.8562596)"
"(2024000279, 2398)","('2024-03-25T21:51:41.300000Z', '2024-03-25T21:51:41.340000Z')",P,PRED,"(1.0, 0.8505768)"
"(2024000279, 2287)","('2024-03-25T21:51:42.040000Z', '2024-03-25T21:51:42.080000Z')",S,DRE,"(1.0, 0.80897295)"
"(2024000279, 3616)","('2024-03-25T21:51:43.000000Z', '2024-03-25T21:51:43.080000Z')",S,CADS,"(1.0, 0.7750678)"
"(2024000279, 2255)","('2024-03-25T21:51:44.020000Z', '2024-03-25T21:51:44.010000Z')",S,COLI,"(1.0, 0.8269767)"
"(2024000279, 1945)","('2024-03-25T21:51:44.130000Z', '2024-03-25T21:51:44.210000Z')",S,VINO,"(1.0, 0.7556747)"
"(2024000279, 2399)","('2024-03-25T21:51:44.760000Z', '2024-03-25T21:51:44.800000Z')",S,PRED,"(1.0, 0.72305316)"
"(2024000280, 4402)","('2024-03-27T10:35:40.260000Z', '2024-03-27T10:35:40.170000Z')",P,ROBS,"(1.0, 0.6446656)"
"(2024000280, 1269)","('2024-03-27T10:35:41.080000Z', '2024-03-27T10:35:41.060000Z')",P,PTCC,"(1.0, 0.854587)"
"(2024000280, 1842)","('2024-03-27T10:35:41.280000Z', '2024-03-27T10:35:41.310000Z')",P,VINO,"(1.0, 0.87068576)"
"(2024000280, 2574)","('2024-03-27T10:35:41.400000Z', '2024-03-27T10:35:41.410000Z')",P,PRED,"(1.0, 0.8398243)"
"(2024000280, 2106)","('2024-03-27T10:35:41.820000Z', '2024-03-27T10:35:41.960000Z')",P,BAD,"(1.0, 0.81007856)"
"(2024000280, 2381)","('2024-03-27T10:35:41.880000Z', '2024-03-27T10:35:41.960000Z')",P,DRE,"(1.0, 0.8918054)"
"(2024000280, 2464)","('2024-03-27T10:35:41.950000Z', '2024-03-27T10:35:42.030000Z')",P,LSR,"(1.0, 0.87817055)"
"(2024000280, 3910)","('2024-03-27T10:35:42.000000Z', '2024-03-27T10:35:42.030000Z')",P,CADS,"(1.0, 0.874291)"
"(2024000280, 4403)","('2024-03-27T10:35:42.050000Z', '2024-03-27T10:35:41.960000Z')",S,ROBS,"(1.0, 0.5246163)"
"(2024000280, 2308)","('2024-03-27T10:35:42.250000Z', '2024-03-27T10:35:42.240000Z')",P,COLI,"(1.0, 0.84875953)"
"(2024000280, 2954)","('2024-03-27T10:35:42.770000Z', '2024-03-27T10:35:42.900000Z')",P,GEPF,"(1.0, 0.8346713)"
"(2024000280, 2039)","('2024-03-27T10:35:42.990000Z', '2024-03-27T10:35:43.050000Z')",P,ACOM,"(1.0, 0.7660413)"
"(2024000280, 2153)","('2024-03-27T10:35:43.170000Z', '2024-03-27T10:35:43.160000Z')",P,BOO,"(1.0, 0.841928)"
"(2024000280, 2188)","('2024-03-27T10:35:43.210000Z', '2024-03-27T10:35:43.250000Z')",P,BUA,"(1.0, 0.7461966)"
"(2024000280, 1270)","('2024-03-27T10:35:43.520000Z', '2024-03-27T10:35:43.530000Z')",S,PTCC,"(1.0, 0.71856683)"
"(2024000280, 1843)","('2024-03-27T10:35:43.850000Z', '2024-03-27T10:35:44.070000Z')",S,VINO,"(1.0, 0.7413715)"
"(2024000280, 2575)","('2024-03-27T10:35:44.160000Z', '2024-03-27T10:35:44.250000Z')",S,PRED,"(1.0, 0.7889949)"
"(2024000280, 2558)","('2024-03-27T10:35:44.480000Z', '2024-03-27T10:35:44.620000Z')",P,PLRO,"(1.0, 0.6920595)"
"(2024000280, 2398)","('2024-03-27T10:35:44.540000Z', '2024-03-27T10:35:44.620000Z')",P,FUSE,"(1.0, 0.65758127)"
"(2024000280, 2587)","('2024-03-27T10:35:44.640000Z', '2024-03-27T10:35:44.680000Z')",P,SABO,"(1.0, 0.7723187)"
"(2024000280, 4279)","('2024-03-27T10:35:44.690000Z', '2024-03-27T10:35:44.740000Z')",P,GORS,"(1.0, 0.75644803)"
"(2024000280, 1968)","('2024-03-27T10:35:44.920000Z', '2024-03-27T10:35:44.960000Z')",P,MYKA,"(1.0, 0.6410847)"
"(2024000280, 2382)","('2024-03-27T10:35:45.160000Z', '2024-03-27T10:35:45.240000Z')",S,DRE,"(1.0, 0.6388284)"
"(2024000280, 4503)","('2024-03-27T10:35:45.320000Z', '2024-03-27T10:35:45.310000Z')",P,VOJS,"(1.0, 0.8020878)"
"(2024000280, 2465)","('2024-03-27T10:35:45.320000Z', '2024-03-27T10:35:45.340000Z')",S,LSR,"(1.0, 0.6894474)"
"(2024000280, 2107)","('2024-03-27T10:35:45.420000Z', '2024-03-27T10:35:45.500000Z')",S,BAD,"(1.0, 0.5706088)"
"(2024000280, 3911)","('2024-03-27T10:35:45.560000Z', '2024-03-27T10:35:45.530000Z')",S,CADS,"(1.0, 0.5910234)"
"(2024000280, 2309)","('2024-03-27T10:35:45.790000Z', '2024-03-27T10:35:45.890000Z')",S,COLI,"(1.0, 0.6529674)"
"(2024000280, 2233)","('2024-03-27T10:35:46.060000Z', '2024-03-27T10:35:46.070000Z')",P,CLUD,"(1.0, 0.782879)"
"(2024000280, 2633)","('2024-03-27T10:35:46.220000Z', '2024-03-27T10:35:46.220000Z')",P,ZOU,"(1.0, 0.8090575)"
"(2024000280, 2955)","('2024-03-27T10:35:46.860000Z', '2024-03-27T10:35:46.950000Z')",S,GEPF,"(1.0, 0.6407675)"
"(2024000280, 2040)","('2024-03-27T10:35:47.080000Z', '2024-03-27T10:35:47.310000Z')",S,ACOM,"(1.0, 0.44160694)"
"(2024000280, 1498)","('2024-03-27T10:35:47.460000Z', '2024-03-27T10:35:47.520000Z')",P,STAL,"(1.0, 0.37766537)"
"(2024000280, 2154)","('2024-03-27T10:35:47.500000Z', '2024-03-27T10:35:47.580000Z')",S,BOO,"(1.0, 0.77087855)"
"(2024000280, 2189)","('2024-03-27T10:35:48.100000Z', '2024-03-27T10:35:48.160000Z')",S,BUA,"(1.0, 0.7351431)"
"(2024000280, 4301)","('2024-03-27T10:35:48.290000Z', '2024-03-27T10:35:48.470000Z')",P,JAVS,"(1.0, 0.71157485)"
"(2024000280, 1171)","('2024-03-27T10:35:48.370000Z', '2024-03-27T10:35:48.370000Z')",P,FVI,"(1.0, 0.64391315)"
"(2024000280, 2559)","('2024-03-27T10:35:49.750000Z', '2024-03-27T10:35:49.810000Z')",S,PLRO,"(1.0, 0.29252344)"
"(2024000280, 1969)","('2024-03-27T10:35:50.070000Z', '2024-03-27T10:35:50.120000Z')",S,MYKA,"(1.0, 0.71174145)"
"(2024000280, 2588)","('2024-03-27T10:35:50.830000Z', '2024-03-27T10:35:50.900000Z')",S,SABO,"(1.0, 0.34905863)"
"(2024000281, 4358)","('2024-03-27T12:10:16.990000Z', '2024-03-27T12:10:16.980000Z')",P,MOZS,"(1.0, 0.86284107)"
"(2024000281, 4359)","('2024-03-27T12:10:18.440000Z', '2024-03-27T12:10:18.560000Z')",S,MOZS,"(1.0, 0.8215853)"
"(2024000281, 4481)","('2024-03-27T12:10:20.440000Z', '2024-03-27T12:10:20.150000Z')",P,VNDS,"(1.0, 0.14005098)"
"(2024000281, 4283)","('2024-03-27T12:10:21.000000Z', '2024-03-27T12:10:21.040000Z')",P,GORS,"(1.0, 0.75171125)"
"(2024000281, 4232)","('2024-03-27T12:10:21.900000Z', '2024-03-27T12:10:21.890000Z')",P,GBAS,"(1.0, 0.794248)"
"(2024000281, 4482)","('2024-03-27T12:10:23.740000Z', '2024-03-27T12:10:23.800000Z')",S,VNDS,"(1.0, 0.4524802)"
"(2024000281, 4509)","('2024-03-27T12:10:23.830000Z', '2024-03-27T12:10:23.800000Z')",P,VOJS,"(1.0, 0.65770316)"
"(2024000281, 4303)","('2024-03-27T12:10:23.950000Z', '2024-03-27T12:10:23.950000Z')",P,JAVS,"(1.0, 0.5668361)"
"(2024000281, 3912)","('2024-03-27T12:10:24.140000Z', '2024-03-27T12:10:24.090000Z')",P,CADS,"(1.0, 0.25012362)"
"(2024000281, 4284)","('2024-03-27T12:10:25.700000Z', '2024-03-27T12:10:26.180000Z')",S,GORS,"(1.0, 0.6051872)"
"(2024000281, 2383)","('2024-03-27T12:10:25.980000Z', '2024-03-27T12:10:25.870000Z')",P,DRE,"(1.0, 0.2683804)"
"(2024000281, 4233)","('2024-03-27T12:10:26.700000Z', '2024-03-27T12:10:26.850000Z')",S,GBAS,"(1.0, 0.47405672)"
"(2024000281, 4510)","('2024-03-27T12:10:30.930000Z', '2024-03-27T12:10:31.270000Z')",S,VOJS,"(1.0, 0.43271884)"
"(2024000281, 4304)","('2024-03-27T12:10:31.180000Z', '2024-03-27T12:10:31.610000Z')",S,JAVS,"(1.0, 0.15914519)"
"(2024000282, 4406)","('2024-03-27T16:36:08.330000Z', '2024-03-27T16:36:08.320000Z')",P,ROBS,"(1.0, 0.87061656)"
"(2024000282, 4407)","('2024-03-27T16:36:09.130000Z', '2024-03-27T16:36:09.190000Z')",S,ROBS,"(1.0, 0.86798733)"
"(2024000282, 1847)","('2024-03-27T16:36:09.920000Z', '2024-03-27T16:36:09.940000Z')",P,VINO,"(1.0, 0.90509737)"
"(2024000282, 2386)","('2024-03-27T16:36:10.220000Z', '2024-03-27T16:36:10.240000Z')",P,DRE,"(1.0, 0.56235397)"
"(2024000282, 2111)","('2024-03-27T16:36:10.520000Z', '2024-03-27T16:36:10.420000Z')",P,BAD,"(1.0, 0.46130407)"
"(2024000282, 2578)","('2024-03-27T16:36:10.710000Z', '2024-03-27T16:36:10.720000Z')",P,PRED,"(1.0, 0.81546557)"
"(2024000282, 3917)","('2024-03-27T16:36:10.800000Z', '2024-03-27T16:36:10.850000Z')",P,CADS,"(1.0, 0.5194458)"
"(2024000282, 2468)","('2024-03-27T16:36:11.280000Z', '2024-03-27T16:36:11.330000Z')",P,LSR,"(1.0, 0.71495247)"
"(2024000282, 2387)","('2024-03-27T16:36:12.680000Z', '2024-03-27T16:36:12.840000Z')",S,DRE,"(1.0, 0.6478851)"
"(2024000282, 1848)","('2024-03-27T16:36:12.680000Z', '2024-03-27T16:36:12.840000Z')",S,VINO,"(1.0, 0.6267684)"
"(2024000282, 2043)","('2024-03-27T16:36:12.690000Z', '2024-03-27T16:36:12.700000Z')",P,ACOM,"(1.0, 0.83293855)"
"(2024000282, 2579)","('2024-03-27T16:36:13.360000Z', '2024-03-27T16:36:13.650000Z')",S,PRED,"(1.0, 0.7055528)"
"(2024000282, 4287)","('2024-03-27T16:36:13.740000Z', '2024-03-27T16:36:13.900000Z')",P,GORS,"(1.0, 0.7692683)"
"(2024000282, 2112)","('2024-03-27T16:36:13.820000Z', '2024-03-27T16:36:13.970000Z')",S,BAD,"(1.0, 0.51867783)"
"(2024000282, 2469)","('2024-03-27T16:36:14.600000Z', '2024-03-27T16:36:14.850000Z')",S,LSR,"(1.0, 0.58184433)"
"(2024000282, 2044)","('2024-03-27T16:36:17.020000Z', '2024-03-27T16:36:17.150000Z')",S,ACOM,"(1.0, 0.7122745)"
"(2024000282, 4288)","('2024-03-27T16:36:19.900000Z', '2024-03-27T16:36:20.020000Z')",S,GORS,"(1.0, 0.3680585)"
"(2024000283, 1731)","('2024-03-27T21:19:39.700000Z', '2024-03-27T21:19:39.690000Z')",P,PURA,"(1.0, 0.79454)"
"(2024000283, 2237)","('2024-03-27T21:19:40.000000Z', '2024-03-27T21:19:40.010000Z')",P,CLUD,"(1.0, 0.91421425)"
"(2024000283, 1506)","('2024-03-27T21:19:40.100000Z', '2024-03-27T21:19:40.020000Z')",P,STAL,"(1.0, 0.8976463)"
"(2024000283, 2401)","('2024-03-27T21:19:40.600000Z', '2024-03-27T21:19:40.890000Z')",P,FUSE,"(1.0, 0.1821082)"
"(2024000283, 2538)","('2024-03-27T21:19:40.600000Z', '2024-03-27T21:19:40.980000Z')",P,MPRI,"(1.0, 0.71521395)"
"(2024000283, 2339)","('2024-03-27T21:19:41.220000Z', '2024-03-27T21:19:41.240000Z')",P,CSM,"(1.0, 0.3443111)"
"(2024000283, 1732)","('2024-03-27T21:19:41.340000Z', '2024-03-27T21:19:41.400000Z')",S,PURA,"(1.0, 0.7220728)"
"(2024000283, 2159)","('2024-03-27T21:19:41.380000Z', '2024-03-27T21:19:41.340000Z')",P,BOO,"(1.0, 0.4813045)"
"(2024000283, 2238)","('2024-03-27T21:19:42.040000Z', '2024-03-27T21:19:42.010000Z')",S,CLUD,"(1.0, 0.69027275)"
"(2024000283, 1507)","('2024-03-27T21:19:42.120000Z', '2024-03-27T21:19:42.220000Z')",S,STAL,"(1.0, 0.6867744)"
"(2024000283, 2958)","('2024-03-27T21:19:42.130000Z', '2024-03-27T21:19:42.170000Z')",P,GEPF,"(1.0, 0.53332716)"
"(2024000283, 2227)","('2024-03-27T21:19:42.170000Z', '2024-03-27T21:19:42.030000Z')",P,CIMO,"(1.0, 0.5608033)"
"(2024000283, 2638)","('2024-03-27T21:19:42.220000Z', '2024-03-27T21:19:42.180000Z')",P,ZOU,"(1.0, 0.71070397)"
"(2024000283, 2505)","('2024-03-27T21:19:42.230000Z', '2024-03-27T21:19:42.170000Z')",P,MLN,"(1.0, 0.50065607)"
"(2024000283, 1175)","('2024-03-27T21:19:42.380000Z', '2024-03-27T21:19:42.360000Z')",P,FVI,"(1.0, 0.71141136)"
"(2024000283, 2191)","('2024-03-27T21:19:42.460000Z', '2024-03-27T21:19:42.350000Z')",P,BUA,"(1.0, 0.484105)"
"(2024000283, 2402)","('2024-03-27T21:19:43.190000Z', '2024-03-27T21:19:43.000000Z')",S,FUSE,"(1.0, 0.37521082)"
"(2024000283, 2560)","('2024-03-27T21:19:43.420000Z', '2024-03-27T21:19:43.500000Z')",P,PLRO,"(1.0, 0.5923422)"
"(2024000283, 2113)","('2024-03-27T21:19:43.620000Z', '2024-03-27T21:19:43.700000Z')",P,BAD,"(1.0, 0.621624)"
"(2024000283, 1855)","('2024-03-27T21:19:43.740000Z', '2024-03-27T21:19:43.850000Z')",P,VINO,"(1.0, 0.5391443)"
"(2024000283, 2376)","('2024-03-27T21:19:43.750000Z', '2024-03-27T21:19:43.820000Z')",P,CSO,"(1.0, 0.804693)"
"(2024000283, 2539)","('2024-03-27T21:19:44.150000Z', '2024-03-27T21:19:44.140000Z')",S,MPRI,"(1.0, 0.24086508)"
"(2024000283, 2081)","('2024-03-27T21:19:44.380000Z', '2024-03-27T21:19:44.420000Z')",P,APGO,"(1.0, 0.6476426)"
"(2024000283, 1271)","('2024-03-27T21:19:44.390000Z', '2024-03-27T21:19:44.250000Z')",P,PTCC,"(1.0, 0.40936205)"
"(2024000283, 2340)","('2024-03-27T21:19:44.470000Z', '2024-03-27T21:19:44.570000Z')",S,CSM,"(1.0, 0.63552344)"
"(2024000283, 1708)","('2024-03-27T21:19:45.340000Z', '2024-03-27T21:19:45.330000Z')",P,POLC,"(1.0, 0.61139184)"
"(2024000283, 2197)","('2024-03-27T21:19:45.730000Z', '2024-03-27T21:19:45.770000Z')",P,CAE,"(1.0, 0.4672174)"
"(2024000283, 2639)","('2024-03-27T21:19:45.920000Z', '2024-03-27T21:19:45.930000Z')",S,ZOU,"(1.0, 0.69975847)"
"(2024000283, 2315)","('2024-03-27T21:19:46.060000Z', '2024-03-27T21:19:46.120000Z')",P,COLI,"(1.0, 0.7308121)"
"(2024000283, 1883)","('2024-03-27T21:19:46.070000Z', '2024-03-27T21:19:45.920000Z')",P,ABTA,"(1.0, 0.47685412)"
"(2024000283, 1176)","('2024-03-27T21:19:46.120000Z', '2024-03-27T21:19:46.140000Z')",S,FVI,"(1.0, 0.74914765)"
"(2024000283, 2228)","('2024-03-27T21:19:46.130000Z', '2024-03-27T21:19:45.990000Z')",S,CIMO,"(1.0, 0.43095747)"
"(2024000283, 4410)","('2024-03-27T21:19:46.190000Z', '2024-03-27T21:19:46.260000Z')",P,ROBS,"(1.0, 0.41829422)"
"(2024000283, 2066)","('2024-03-27T21:19:46.360000Z', '2024-03-27T21:19:46.800000Z')",P,AFL,"(1.0, 0.51731914)"
"(2024000283, 2606)","('2024-03-27T21:19:46.540000Z', '2024-03-27T21:19:46.650000Z')",P,TLI,"(1.0, 0.71904296)"
"(2024000283, 2959)","('2024-03-27T21:19:46.590000Z', '2024-03-27T21:19:46.550000Z')",S,GEPF,"(1.0, 0.32416406)"
"(2024000283, 2071)","('2024-03-27T21:19:46.750000Z', '2024-03-27T21:19:46.950000Z')",P,AGOR,"(1.0, 0.22144753)"
"(2024000283, 2471)","('2024-03-27T21:19:46.950000Z', '2024-03-27T21:19:47.060000Z')",P,LSR,"(1.0, 0.5168177)"
"(2024000283, 2580)","('2024-03-27T21:19:46.960000Z', '2024-03-27T21:19:46.960000Z')",P,PRED,"(1.0, 0.37374723)"
"(2024000283, 2045)","('2024-03-27T21:19:47.380000Z', '2024-03-27T21:19:47.710000Z')",P,ACOM,"(1.0, 0.45445538)"
"(2024000283, 2192)","('2024-03-27T21:19:47.590000Z', '2024-03-27T21:19:47.290000Z')",S,BUA,"(1.0, 0.47318283)"
"(2024000283, 2623)","('2024-03-27T21:19:48.040000Z', '2024-03-27T21:19:48.090000Z')",P,VARN,"(1.0, 0.54556906)"
"(2024000283, 2392)","('2024-03-27T21:19:48.170000Z', '2024-03-27T21:19:48.170000Z')",P,DRE,"(1.0, 0.4891666)"
"(2024000283, 2561)","('2024-03-27T21:19:48.320000Z', '2024-03-27T21:19:48.330000Z')",S,PLRO,"(1.0, 0.6119266)"
"(2024000283, 3921)","('2024-03-27T21:19:48.770000Z', '2024-03-27T21:19:49.030000Z')",P,CADS,"(1.0, 0.63271147)"
"(2024000283, 2114)","('2024-03-27T21:19:48.890000Z', '2024-03-27T21:19:49.270000Z')",S,BAD,"(1.0, 0.22526865)"
"(2024000283, 1972)","('2024-03-27T21:19:49.310000Z', '2024-03-27T21:19:49.370000Z')",P,MYKA,"(1.0, 0.5230203)"
"(2024000283, 2377)","('2024-03-27T21:19:49.330000Z', '2024-03-27T21:19:49.580000Z')",S,CSO,"(1.0, 0.2168009)"
"(2024000283, 1856)","('2024-03-27T21:19:49.370000Z', '2024-03-27T21:19:49.730000Z')",S,VINO,"(1.0, 0.31565335)"
"(2024000283, 2602)","('2024-03-27T21:19:49.520000Z', '2024-03-27T21:19:49.680000Z')",P,STIN,"(1.0, 0.36610174)"
"(2024000283, 947)","('2024-03-27T21:19:49.600000Z', '2024-03-27T21:19:49.820000Z')",P,ED06,"(1.0, 0.40961513)"
"(2024000283, 2594)","('2024-03-27T21:19:49.740000Z', '2024-03-27T21:19:49.730000Z')",P,SABO,"(1.0, 0.3082203)"
"(2024000283, 2082)","('2024-03-27T21:19:50.340000Z', '2024-03-27T21:19:50.170000Z')",S,APGO,"(1.0, 0.23328127)"
"(2024000283, 1272)","('2024-03-27T21:19:50.340000Z', '2024-03-27T21:19:50.710000Z')",S,PTCC,"(1.0, 0.1853307)"
"(2024000283, 2550)","('2024-03-27T21:19:51.040000Z', '2024-03-27T21:19:51.250000Z')",P,MTLO,"(1.0, 0.24549548)"
"(2024000283, 4290)","('2024-03-27T21:19:51.720000Z', '2024-03-27T21:19:51.880000Z')",P,GORS,"(1.0, 0.48778906)"
"(2024000283, 4515)","('2024-03-27T21:19:51.780000Z', '2024-03-27T21:19:51.960000Z')",P,VOJS,"(1.0, 0.52168727)"
"(2024000283, 1709)","('2024-03-27T21:19:52.320000Z', '2024-03-27T21:19:52.300000Z')",S,POLC,"(1.0, 0.30489442)"
"(2024000283, 2499)","('2024-03-27T21:19:52.340000Z', '2024-03-27T21:19:52.030000Z')",P,MGBU,"(1.0, 0.10309693)"
"(2024000283, 1884)","('2024-03-27T21:19:52.430000Z', '2024-03-27T21:19:52.410000Z')",S,ABTA,"(1.0, 0.44902608)"
"(2024000283, 1936)","('2024-03-27T21:19:52.910000Z', '2024-03-27T21:19:53.060000Z')",P,KBA,"(1.0, 0.48195222)"
"(2024000283, 2198)","('2024-03-27T21:19:53.000000Z', '2024-03-27T21:19:53.110000Z')",S,CAE,"(1.0, 0.27411637)"
"(2024000283, 1633)","('2024-03-27T21:19:53.770000Z', '2024-03-27T21:19:53.860000Z')",P,TRI,"(1.0, 0.39425486)"
"(2024000283, 2316)","('2024-03-27T21:19:53.780000Z', '2024-03-27T21:19:53.890000Z')",S,COLI,"(1.0, 0.43229204)"
"(2024000283, 2067)","('2024-03-27T21:19:54.300000Z', '2024-03-27T21:19:54.350000Z')",S,AFL,"(1.0, 0.38605714)"
"(2024000283, 4310)","('2024-03-27T21:19:54.840000Z', '2024-03-27T21:19:54.810000Z')",P,JAVS,"(1.0, 0.2407679)"
"(2024000283, 2607)","('2024-03-27T21:19:54.910000Z', '2024-03-27T21:19:54.740000Z')",S,TLI,"(1.0, 0.20337674)"
"(2024000283, 2472)","('2024-03-27T21:19:55.150000Z', '2024-03-27T21:19:55.310000Z')",S,LSR,"(1.0, 0.48699638)"
"(2024000283, 2581)","('2024-03-27T21:19:55.150000Z', '2024-03-27T21:19:55.330000Z')",S,PRED,"(1.0, 0.30563098)"
"(2024000283, 2046)","('2024-03-27T21:19:55.890000Z', '2024-03-27T21:19:55.920000Z')",S,ACOM,"(1.0, 0.3695861)"
"(2024000283, 2072)","('2024-03-27T21:19:56.000000Z', '2024-03-27T21:19:56.080000Z')",S,AGOR,"(1.0, 0.51904577)"
"(2024000283, 2217)","('2024-03-27T21:19:56.260000Z', '2024-03-27T21:19:56.730000Z')",P,CEKR,"(1.0, 0.20644502)"
"(2024000283, 3872)","('2024-03-27T21:19:57.590000Z', '2024-03-27T21:19:57.640000Z')",P,BOSI,"(1.0, 0.30264348)"
"(2024000283, 4362)","('2024-03-27T21:19:57.960000Z', '2024-03-27T21:19:58.190000Z')",P,MOZS,"(1.0, 0.12162333)"
"(2024000283, 3865)","('2024-03-27T21:19:57.970000Z', '2024-03-27T21:19:58.120000Z')",P,ABSI,"(1.0, 0.22348478)"
"(2024000283, 2393)","('2024-03-27T21:19:58.090000Z', '2024-03-27T21:19:58.560000Z')",S,DRE,"(1.0, 0.35692286)"
"(2024000283, 1051)","('2024-03-27T21:19:58.130000Z', '2024-03-27T21:19:58.410000Z')",P,APPI,"(1.0, 0.26408812)"
"(2024000283, 1973)","('2024-03-27T21:19:59.120000Z', '2024-03-27T21:19:58.760000Z')",S,MYKA,"(1.0, 0.28336674)"
"(2024000283, 3922)","('2024-03-27T21:19:59.960000Z', '2024-03-27T21:20:00.130000Z')",S,CADS,"(1.0, 0.26315036)"
"(2024000283, 1937)","('2024-03-27T21:20:03.750000Z', '2024-03-27T21:20:03.770000Z')",S,KBA,"(1.0, 0.5040178)"
"(2024000283, 4527)","('2024-03-27T21:20:04.870000Z', '2024-03-27T21:20:05.000000Z')",P,CARE,"(1.0, 0.91888916)"
"(2024000283, 4516)","('2024-03-27T21:20:05.430000Z', '2024-03-27T21:20:05.820000Z')",S,VOJS,"(1.0, 0.3167571)"
"(2024000283, 2148)","('2024-03-27T21:20:06.300000Z', '2024-03-27T21:20:06.000000Z')",P,BALD,"(1.0, 0.8747035)"
"(2024000283, 1922)","('2024-03-27T21:20:06.770000Z', '2024-03-27T21:20:07.000000Z')",P,FETA,"(1.0, 0.92641723)"
"(2024000283, 4588)","('2024-03-27T21:20:06.820000Z', '2024-03-27T21:20:07.000000Z')",P,RONC,"(1.0, 0.922027)"
"(2024000283, 2426)","('2024-03-27T21:20:06.860000Z', '2024-03-27T21:20:06.980000Z')",P,GARG,"(1.0, 0.25824976)"
"(2024000283, 3894)","('2024-03-27T21:20:07.120000Z', '2024-03-27T21:20:07.000000Z')",P,MOSI,"(1.0, 0.9051965)"
"(2024000283, 1203)","('2024-03-27T21:20:07.300000Z', '2024-03-27T21:20:06.990000Z')",P,MAGA,"(1.0, 0.61742723)"
"(2024000283, 1191)","('2024-03-27T21:20:07.740000Z', '2024-03-27T21:20:08.000000Z')",P,MABI,"(1.0, 0.9215028)"
"(2024000283, 2445)","('2024-03-27T21:20:08.020000Z', '2024-03-27T21:20:08.000000Z')",P,GAZZ,"(1.0, 0.9115642)"
"(2024000283, 2438)","('2024-03-27T21:20:08.590000Z', '2024-03-27T21:20:09.000000Z')",P,GAVI,"(1.0, 0.9147606)"
"(2024000283, 2461)","('2024-03-27T21:20:08.710000Z', '2024-03-27T21:20:08.740000Z')",S,IESO,"(1.0, 0.45987317)"
"(2024000283, 1107)","('2024-03-27T21:20:08.820000Z', '2024-03-27T21:20:09.000000Z')",P,BRMO,"(1.0, 0.9145892)"
"(2024000283, 1278)","('2024-03-27T21:20:11.920000Z', '2024-03-27T21:20:11.970000Z')",P,RAVA,"(1.0, 0.4588405)"
"(2024000284, 1733)","('2024-03-27T21:24:36.400000Z', '2024-03-27T21:24:36.340000Z')",P,PURA,"(1.0, 0.7002434)"
"(2024000284, 2239)","('2024-03-27T21:24:36.600000Z', '2024-03-27T21:24:36.560000Z')",P,CLUD,"(1.0, 0.21421662)"
"(2024000284, 1508)","('2024-03-27T21:24:36.920000Z', '2024-03-27T21:24:36.970000Z')",P,STAL,"(1.0, 0.87899977)"
"(2024000284, 1734)","('2024-03-27T21:24:37.830000Z', '2024-03-27T21:24:38.050000Z')",S,PURA,"(1.0, 0.6373532)"
"(2024000284, 2161)","('2024-03-27T21:24:37.960000Z', '2024-03-27T21:24:37.960000Z')",P,BOO,"(1.0, 0.75106055)"
"(2024000284, 2240)","('2024-03-27T21:24:38.400000Z', '2024-03-27T21:24:38.380000Z')",S,CLUD,"(1.0, 0.23690058)"
"(2024000284, 1509)","('2024-03-27T21:24:39.320000Z', '2024-03-27T21:24:39.310000Z')",S,STAL,"(1.0, 0.7834458)"
"(2024000284, 2162)","('2024-03-27T21:24:41.060000Z', '2024-03-27T21:24:41.100000Z')",S,BOO,"(1.0, 0.7802936)"
"(2024000285, 1750)","('2024-03-27T21:34:05.410000Z', '2024-03-27T21:34:05.420000Z')",P,PURA,"(1.0, 0.8452183)"
"(2024000285, 2248)","('2024-03-27T21:34:05.720000Z', '2024-03-27T21:34:05.720000Z')",P,CLUD,"(1.0, 0.8729056)"
"(2024000285, 1514)","('2024-03-27T21:34:05.850000Z', '2024-03-27T21:34:05.970000Z')",P,STAL,"(1.0, 0.8902336)"
"(2024000285, 2403)","('2024-03-27T21:34:06.390000Z', '2024-03-27T21:34:06.220000Z')",P,FUSE,"(1.0, 0.45523706)"
"(2024000285, 2164)","('2024-03-27T21:34:07.050000Z', '2024-03-27T21:34:07.030000Z')",P,BOO,"(1.0, 0.8747808)"
"(2024000285, 2345)","('2024-03-27T21:34:07.130000Z', '2024-03-27T21:34:07.150000Z')",P,CSM,"(1.0, 0.74951166)"
"(2024000285, 1751)","('2024-03-27T21:34:07.200000Z', '2024-03-27T21:34:07.160000Z')",S,PURA,"(1.0, 0.7709211)"
"(2024000285, 2249)","('2024-03-27T21:34:07.670000Z', '2024-03-27T21:34:07.670000Z')",S,CLUD,"(1.0, 0.8116217)"
"(2024000285, 2640)","('2024-03-27T21:34:07.890000Z', '2024-03-27T21:34:07.930000Z')",P,ZOU,"(1.0, 0.7872816)"
"(2024000285, 1515)","('2024-03-27T21:34:07.900000Z', '2024-03-27T21:34:07.980000Z')",S,STAL,"(1.0, 0.67352235)"
"(2024000285, 2960)","('2024-03-27T21:34:07.980000Z', '2024-03-27T21:34:08.020000Z')",P,GEPF,"(1.0, 0.79999)"
"(2024000285, 1177)","('2024-03-27T21:34:08.150000Z', '2024-03-27T21:34:08.110000Z')",P,FVI,"(1.0, 0.5514517)"
"(2024000285, 2193)","('2024-03-27T21:34:08.220000Z', '2024-03-27T21:34:08.170000Z')",P,BUA,"(1.0, 0.56094605)"
"(2024000285, 2511)","('2024-03-27T21:34:08.290000Z', '2024-03-27T21:34:08.030000Z')",P,MLN,"(1.0, 0.5411562)"
"(2024000285, 2165)","('2024-03-27T21:34:10.270000Z', '2024-03-27T21:34:10.270000Z')",S,BOO,"(1.0, 0.7756425)"
"(2024000285, 2346)","('2024-03-27T21:34:10.340000Z', '2024-03-27T21:34:10.280000Z')",S,CSM,"(1.0, 0.55901736)"
"(2024000285, 1178)","('2024-03-27T21:34:11.880000Z', '2024-03-27T21:34:11.880000Z')",S,FVI,"(1.0, 0.6874753)"
"(2024000285, 1885)","('2024-03-27T21:34:11.930000Z', '2024-03-27T21:34:11.960000Z')",P,ABTA,"(1.0, 0.6109659)"
"(2024000285, 2961)","('2024-03-27T21:34:12.170000Z', '2024-03-27T21:34:12.210000Z')",S,GEPF,"(1.0, 0.6254292)"
"(2024000285, 2512)","('2024-03-27T21:34:12.470000Z', '2024-03-27T21:34:12.480000Z')",S,MLN,"(1.0, 0.4292596)"
"(2024000286, 1039)","('2024-03-27T21:45:47.660000Z', '2024-03-27T21:45:47.710000Z')",P,INVI,"(1.0, 0.8596541)"
"(2024000286, 1761)","('2024-03-27T21:45:47.760000Z', '2024-03-27T21:45:47.740000Z')",P,PURA,"(1.0, 0.85774213)"
"(2024000286, 1520)","('2024-03-27T21:45:48.080000Z', '2024-03-27T21:45:48.090000Z')",P,STAL,"(1.0, 0.8423625)"
"(2024000286, 2258)","('2024-03-27T21:45:48.090000Z', '2024-03-27T21:45:48.090000Z')",P,CLUD,"(1.0, 0.8678705)"
"(2024000286, 2407)","('2024-03-27T21:45:48.590000Z', '2024-03-27T21:45:48.570000Z')",P,FUSE,"(1.0, 0.7275341)"
"(2024000286, 2541)","('2024-03-27T21:45:48.910000Z', '2024-03-27T21:45:48.900000Z')",P,MPRI,"(1.0, 0.78593034)"
"(2024000286, 2170)","('2024-03-27T21:45:49.410000Z', '2024-03-27T21:45:49.380000Z')",P,BOO,"(1.0, 0.7075487)"
"(2024000286, 2353)","('2024-03-27T21:45:49.480000Z', '2024-03-27T21:45:49.480000Z')",P,CSM,"(1.0, 0.78461003)"
"(2024000286, 1762)","('2024-03-27T21:45:49.530000Z', '2024-03-27T21:45:49.500000Z')",S,PURA,"(1.0, 0.8036281)"
"(2024000286, 2259)","('2024-03-27T21:45:49.980000Z', '2024-03-27T21:45:50.050000Z')",S,CLUD,"(1.0, 0.7478688)"
"(2024000286, 2229)","('2024-03-27T21:45:50.220000Z', '2024-03-27T21:45:50.180000Z')",P,CIMO,"(1.0, 0.7543286)"
"(2024000286, 2515)","('2024-03-27T21:45:50.240000Z', '2024-03-27T21:45:50.240000Z')",P,MLN,"(1.0, 0.7295693)"
"(2024000286, 1521)","('2024-03-27T21:45:50.250000Z', '2024-03-27T21:45:50.230000Z')",S,STAL,"(1.0, 0.69695336)"
"(2024000286, 2644)","('2024-03-27T21:45:50.260000Z', '2024-03-27T21:45:50.230000Z')",P,ZOU,"(1.0, 0.8130788)"
"(2024000286, 2964)","('2024-03-27T21:45:50.340000Z', '2024-03-27T21:45:50.310000Z')",P,GEPF,"(1.0, 0.7342465)"
"(2024000286, 1181)","('2024-03-27T21:45:50.430000Z', '2024-03-27T21:45:50.410000Z')",P,FVI,"(1.0, 0.8183659)"
"(2024000286, 2195)","('2024-03-27T21:45:50.450000Z', '2024-03-27T21:45:50.530000Z')",P,BUA,"(1.0, 0.72430724)"
"(2024000286, 2408)","('2024-03-27T21:45:50.990000Z', '2024-03-27T21:45:51.080000Z')",S,FUSE,"(1.0, 0.38663965)"
"(2024000286, 2564)","('2024-03-27T21:45:51.530000Z', '2024-03-27T21:45:51.570000Z')",P,PLRO,"(1.0, 0.70412767)"
"(2024000286, 2119)","('2024-03-27T21:45:51.580000Z', '2024-03-27T21:45:51.710000Z')",P,BAD,"(1.0, 0.79195774)"
"(2024000286, 2542)","('2024-03-27T21:45:51.720000Z', '2024-03-27T21:45:51.670000Z')",S,MPRI,"(1.0, 0.690133)"
"(2024000286, 2378)","('2024-03-27T21:45:51.890000Z', '2024-03-27T21:45:51.940000Z')",P,CSO,"(1.0, 0.78189707)"
"(2024000286, 1865)","('2024-03-27T21:45:51.990000Z', '2024-03-27T21:45:51.950000Z')",P,VINO,"(1.0, 0.71474)"
"(2024000286, 2090)","('2024-03-27T21:45:52.450000Z', '2024-03-27T21:45:52.520000Z')",P,APGO,"(1.0, 0.78242123)"
"(2024000286, 2354)","('2024-03-27T21:45:52.560000Z', '2024-03-27T21:45:52.690000Z')",S,CSM,"(1.0, 0.59260166)"
"(2024000286, 2171)","('2024-03-27T21:45:52.630000Z', '2024-03-27T21:45:52.570000Z')",S,BOO,"(1.0, 0.4167453)"
"(2024000286, 1273)","('2024-03-27T21:45:52.630000Z', '2024-03-27T21:45:52.670000Z')",P,PTCC,"(1.0, 0.6057238)"
"(2024000286, 1710)","('2024-03-27T21:45:53.410000Z', '2024-03-27T21:45:53.440000Z')",P,POLC,"(1.0, 0.7662079)"
"(2024000286, 2645)","('2024-03-27T21:45:53.770000Z', '2024-03-27T21:45:54.060000Z')",S,ZOU,"(1.0, 0.31347492)"
"(2024000286, 2230)","('2024-03-27T21:45:54.000000Z', '2024-03-27T21:45:54.150000Z')",S,CIMO,"(1.0, 0.39709342)"
"(2024000286, 2321)","('2024-03-27T21:45:54.010000Z', '2024-03-27T21:45:54.160000Z')",P,COLI,"(1.0, 0.58242625)"
"(2024000286, 1889)","('2024-03-27T21:45:54.080000Z', '2024-03-27T21:45:54.110000Z')",P,ABTA,"(1.0, 0.7709922)"
"(2024000286, 1182)","('2024-03-27T21:45:54.160000Z', '2024-03-27T21:45:54.230000Z')",S,FVI,"(1.0, 0.7359478)"
"(2024000286, 2516)","('2024-03-27T21:45:54.270000Z', '2024-03-27T21:45:54.760000Z')",S,MLN,"(1.0, 0.39659193)"
"(2024000286, 4412)","('2024-03-27T21:45:54.410000Z', '2024-03-27T21:45:54.400000Z')",P,ROBS,"(1.0, 0.785439)"
"(2024000286, 2965)","('2024-03-27T21:45:54.440000Z', '2024-03-27T21:45:54.450000Z')",S,GEPF,"(1.0, 0.6497519)"
"(2024000286, 2610)","('2024-03-27T21:45:54.630000Z', '2024-03-27T21:45:54.660000Z')",P,TLI,"(1.0, 0.7730745)"
"(2024000286, 2473)","('2024-03-27T21:45:55.110000Z', '2024-03-27T21:45:55.140000Z')",P,LSR,"(1.0, 0.72863454)"
"(2024000286, 2068)","('2024-03-27T21:45:55.260000Z', '2024-03-27T21:45:55.060000Z')",P,AFL,"(1.0, 0.42252073)"
"(2024000286, 2582)","('2024-03-27T21:45:55.280000Z', '2024-03-27T21:45:55.300000Z')",P,PRED,"(1.0, 0.6941302)"
"(2024000286, 2047)","('2024-03-27T21:45:55.970000Z', '2024-03-27T21:45:55.710000Z')",P,ACOM,"(1.0, 0.52388364)"
"(2024000286, 2565)","('2024-03-27T21:45:56.290000Z', '2024-03-27T21:45:56.290000Z')",S,PLRO,"(1.0, 0.6311128)"
"(2024000286, 2394)","('2024-03-27T21:45:56.670000Z', '2024-03-27T21:45:56.510000Z')",P,DRE,"(1.0, 0.49458215)"
"(2024000286, 2120)","('2024-03-27T21:45:56.880000Z', '2024-03-27T21:45:57.130000Z')",S,BAD,"(1.0, 0.3788219)"
"(2024000286, 3923)","('2024-03-27T21:45:57.080000Z', '2024-03-27T21:45:57.060000Z')",P,CADS,"(1.0, 0.70818734)"
"(2024000286, 1866)","('2024-03-27T21:45:57.290000Z', '2024-03-27T21:45:57.660000Z')",S,VINO,"(1.0, 0.2674801)"
"(2024000286, 949)","('2024-03-27T21:45:57.810000Z', '2024-03-27T21:45:57.880000Z')",P,ED06,"(1.0, 0.63993293)"
"(2024000286, 1974)","('2024-03-27T21:45:57.910000Z', '2024-03-27T21:45:57.690000Z')",P,MYKA,"(1.0, 0.41418615)"
"(2024000286, 2596)","('2024-03-27T21:45:58.040000Z', '2024-03-27T21:45:58.010000Z')",P,SABO,"(1.0, 0.6128304)"
"(2024000286, 4292)","('2024-03-27T21:46:00.060000Z', '2024-03-27T21:46:00.020000Z')",P,GORS,"(1.0, 0.10708588)"
"(2024000286, 4517)","('2024-03-27T21:46:00.150000Z', '2024-03-27T21:46:00.200000Z')",P,VOJS,"(1.0, 0.34975716)"
"(2024000286, 1938)","('2024-03-27T21:46:01.170000Z', '2024-03-27T21:46:01.170000Z')",P,KBA,"(1.0, 0.56512177)"
"(2024000286, 4312)","('2024-03-27T21:46:03.240000Z', '2024-03-27T21:46:03.210000Z')",P,JAVS,"(1.0, 0.11700534)"
"(2024000286, 3881)","('2024-03-27T21:46:04.630000Z', '2024-03-27T21:46:05.000000Z')",P,KOSI,"(1.0, 0.812173)"
"(2024000286, 1645)","('2024-03-27T21:46:05.360000Z', '2024-03-27T21:46:05.000000Z')",P,DST2,"(1.0, 0.8226711)"
"(2024000286, 2219)","('2024-03-27T21:46:05.460000Z', '2024-03-27T21:46:05.000000Z')",P,CEKR,"(1.0, 0.90441126)"
"(2024000286, 4581)","('2024-03-27T21:46:06.090000Z', '2024-03-27T21:46:06.000000Z')",P,PANI,"(1.0, 0.8788055)"
"(2024000286, 3868)","('2024-03-27T21:46:06.660000Z', '2024-03-27T21:46:06.990000Z')",P,ABSI,"(1.0, 0.58873415)"
"(2024000286, 4439)","('2024-03-27T21:46:08.060000Z', '2024-03-27T21:46:08.000000Z')",P,SKDS,"(1.0, 0.9069707)"
"(2024000286, 4364)","('2024-03-27T21:46:08.260000Z', '2024-03-27T21:46:07.990000Z')",P,MOZS,"(1.0, 0.8714028)"
"(2024000286, 4239)","('2024-03-27T21:46:09.330000Z', '2024-03-27T21:46:09.000000Z')",P,GBAS,"(1.0, 0.8811005)"
"(2024000286, 4569)","('2024-03-27T21:46:09.410000Z', '2024-03-27T21:46:09.000000Z')",P,OZOL,"(1.0, 0.88373154)"
"(2024000286, 4542)","('2024-03-27T21:46:09.510000Z', '2024-03-27T21:46:10.010000Z')",P,DOSS,"(1.0, 0.25526908)"
"(2024000286, 4348)","('2024-03-27T21:46:09.800000Z', '2024-03-27T21:46:09.960000Z')",P,LJU,"(1.0, 0.57010543)"
"(2024000286, 4184)","('2024-03-27T21:46:10.100000Z', '2024-03-27T21:46:10.000000Z')",P,CEY,"(1.0, 0.87848216)"
"(2024000286, 2481)","('2024-03-27T21:46:10.850000Z', '2024-03-27T21:46:10.800000Z')",P,MARN,"(1.0, 0.48524395)"
"(2024000286, 4556)","('2024-03-27T21:46:11.240000Z', '2024-03-27T21:46:10.990000Z')",P,GAGG,"(1.0, 0.78048354)"
"(2024000286, 4335)","('2024-03-27T21:46:11.460000Z', '2024-03-27T21:46:11.190000Z')",P,KNDS,"(1.0, 0.46265954)"
"(2024000286, 3888)","('2024-03-27T21:46:11.960000Z', '2024-03-27T21:46:11.960000Z')",P,LUSI,"(1.0, 0.69061744)"
"(2024000286, 4529)","('2024-03-27T21:46:13.320000Z', '2024-03-27T21:46:13.350000Z')",P,CARE,"(1.0, 0.5998354)"
"(2024000286, 1924)","('2024-03-27T21:46:15.290000Z', '2024-03-27T21:46:15.270000Z')",P,FETA,"(1.0, 0.21883552)"
"(2024000286, 4590)","('2024-03-27T21:46:15.620000Z', '2024-03-27T21:46:15.760000Z')",P,RONC,"(1.0, 0.4769093)"
"(2024000286, 3896)","('2024-03-27T21:46:15.690000Z', '2024-03-27T21:46:15.600000Z')",P,MOSI,"(1.0, 0.57127374)"
"(2024000286, 2429)","('2024-03-27T21:46:15.990000Z', '2024-03-27T21:46:16.060000Z')",P,GARG,"(1.0, 0.36585572)"
"(2024000286, 1206)","('2024-03-27T21:46:16.400000Z', '2024-03-27T21:46:16.340000Z')",P,MAGA,"(1.0, 0.31251392)"
"(2024000286, 1193)","('2024-03-27T21:46:16.580000Z', '2024-03-27T21:46:16.530000Z')",P,MABI,"(1.0, 0.47343856)"
"(2024000287, 1771)","('2024-03-27T21:56:40.500000Z', '2024-03-27T21:56:40.500000Z')",P,PURA,"(1.0, 0.8633563)"
"(2024000287, 2260)","('2024-03-27T21:56:40.820000Z', '2024-03-27T21:56:40.820000Z')",P,CLUD,"(1.0, 0.8989622)"
"(2024000287, 1522)","('2024-03-27T21:56:40.890000Z', '2024-03-27T21:56:40.940000Z')",P,STAL,"(1.0, 0.80840695)"
"(2024000287, 2409)","('2024-03-27T21:56:41.300000Z', '2024-03-27T21:56:41.320000Z')",P,FUSE,"(1.0, 0.69162047)"
"(2024000287, 1772)","('2024-03-27T21:56:42.120000Z', '2024-03-27T21:56:42.210000Z')",S,PURA,"(1.0, 0.7855221)"
"(2024000287, 2172)","('2024-03-27T21:56:42.140000Z', '2024-03-27T21:56:42.200000Z')",P,BOO,"(1.0, 0.7155318)"
"(2024000287, 2355)","('2024-03-27T21:56:42.140000Z', '2024-03-27T21:56:42.280000Z')",P,CSM,"(1.0, 0.45387405)"
"(2024000287, 2261)","('2024-03-27T21:56:42.570000Z', '2024-03-27T21:56:42.760000Z')",S,CLUD,"(1.0, 0.77650905)"
"(2024000287, 1523)","('2024-03-27T21:56:42.710000Z', '2024-03-27T21:56:42.980000Z')",S,STAL,"(1.0, 0.7851656)"
"(2024000287, 2517)","('2024-03-27T21:56:43.450000Z', '2024-03-27T21:56:43.480000Z')",P,MLN,"(1.0, 0.3040367)"
"(2024000287, 2173)","('2024-03-27T21:56:45.280000Z', '2024-03-27T21:56:45.280000Z')",S,BOO,"(1.0, 0.66442007)"
"(2024000287, 2356)","('2024-03-27T21:56:45.360000Z', '2024-03-27T21:56:45.420000Z')",S,CSM,"(1.0, 0.66193193)"
"(2024000287, 2518)","('2024-03-27T21:56:47.880000Z', '2024-03-27T21:56:47.460000Z')",S,MLN,"(1.0, 0.16237701)"
"(2024000288, 1773)","('2024-03-27T21:57:59.830000Z', '2024-03-27T21:57:59.800000Z')",P,PURA,"(1.0, 0.24339487)"
"(2024000288, 1524)","('2024-03-27T21:58:00.270000Z', '2024-03-27T21:58:00.260000Z')",P,STAL,"(1.0, 0.10661321)"
"(2024000288, 1774)","('2024-03-27T21:58:01.380000Z', '2024-03-27T21:58:01.420000Z')",S,PURA,"(1.0, 0.20557228)"
"(2024000289, 1783)","('2024-03-27T22:14:47.750000Z', '2024-03-27T22:14:47.770000Z')",P,PURA,"(1.0, 0.8080413)"
"(2024000289, 1784)","('2024-03-27T22:14:49.340000Z', '2024-03-27T22:14:49.480000Z')",S,PURA,"(1.0, 0.81398803)"
"(2024000290, 1789)","('2024-03-27T22:33:24.230000Z', '2024-03-27T22:33:24.240000Z')",P,PURA,"(1.0, 0.88899475)"
"(2024000290, 1529)","('2024-03-27T22:33:24.540000Z', '2024-03-27T22:33:24.610000Z')",P,STAL,"(1.0, 0.85086995)"
"(2024000290, 2265)","('2024-03-27T22:33:24.670000Z', '2024-03-27T22:33:24.680000Z')",P,CLUD,"(1.0, 0.8799333)"
"(2024000290, 2411)","('2024-03-27T22:33:25.140000Z', '2024-03-27T22:33:25.160000Z')",P,FUSE,"(1.0, 0.648968)"
"(2024000290, 2543)","('2024-03-27T22:33:25.420000Z', '2024-03-27T22:33:25.440000Z')",P,MPRI,"(1.0, 0.11874634)"
"(2024000290, 1790)","('2024-03-27T22:33:25.920000Z', '2024-03-27T22:33:25.980000Z')",S,PURA,"(1.0, 0.8230526)"
"(2024000290, 2361)","('2024-03-27T22:33:26.090000Z', '2024-03-27T22:33:26.050000Z')",P,CSM,"(1.0, 0.6958466)"
"(2024000290, 1530)","('2024-03-27T22:33:26.600000Z', '2024-03-27T22:33:26.650000Z')",S,STAL,"(1.0, 0.610613)"
"(2024000290, 2966)","('2024-03-27T22:33:26.860000Z', '2024-03-27T22:33:26.990000Z')",P,GEPF,"(1.0, 0.63054466)"
"(2024000290, 2362)","('2024-03-27T22:33:29.160000Z', '2024-03-27T22:33:29.110000Z')",S,CSM,"(1.0, 0.5341975)"
"(2024000290, 2967)","('2024-03-27T22:33:30.780000Z', '2024-03-27T22:33:30.920000Z')",S,GEPF,"(1.0, 0.5140883)"
"(2024000290, 1893)","('2024-03-27T22:33:30.790000Z', '2024-03-27T22:33:30.940000Z')",P,ABTA,"(1.0, 0.44142056)"
"(2024000290, 1894)","('2024-03-27T22:33:36.840000Z', '2024-03-27T22:33:36.890000Z')",S,ABTA,"(1.0, 0.6608619)"
"(2024000291, 2267)","('2024-03-27T22:34:35.990000Z', '2024-03-27T22:34:36.000000Z')",P,CLUD,"(1.0, 0.9117114)"
"(2024000291, 1531)","('2024-03-27T22:34:36.180000Z', '2024-03-27T22:34:36.200000Z')",P,STAL,"(1.0, 0.7126505)"
"(2024000291, 2268)","('2024-03-27T22:34:37.800000Z', '2024-03-27T22:34:37.810000Z')",S,CLUD,"(1.0, 0.7663089)"
"(2024000291, 1532)","('2024-03-27T22:34:38.410000Z', '2024-03-27T22:34:38.410000Z')",S,STAL,"(1.0, 0.6507816)"
"(2024000292, 1791)","('2024-03-27T22:45:04.040000Z', '2024-03-27T22:45:04.020000Z')",P,PURA,"(1.0, 0.80385077)"
"(2024000292, 2271)","('2024-03-27T22:45:04.360000Z', '2024-03-27T22:45:04.360000Z')",P,CLUD,"(1.0, 0.8484863)"
"(2024000292, 1792)","('2024-03-27T22:45:05.670000Z', '2024-03-27T22:45:05.700000Z')",S,PURA,"(1.0, 0.6012672)"
"(2024000292, 2365)","('2024-03-27T22:45:05.990000Z', '2024-03-27T22:45:06.010000Z')",P,CSM,"(1.0, 0.67716545)"
"(2024000292, 2272)","('2024-03-27T22:45:06.180000Z', '2024-03-27T22:45:06.300000Z')",S,CLUD,"(1.0, 0.75981224)"
"(2024000292, 2519)","('2024-03-27T22:45:06.950000Z', '2024-03-27T22:45:07.140000Z')",P,MLN,"(1.0, 0.3673538)"
"(2024000292, 2366)","('2024-03-27T22:45:08.790000Z', '2024-03-27T22:45:08.900000Z')",S,CSM,"(1.0, 0.67210716)"
"(2024000292, 1896)","('2024-03-27T22:45:10.900000Z', '2024-03-27T22:45:10.630000Z')",P,ABTA,"(1.0, 0.24629727)"
"(2024000292, 2520)","('2024-03-27T22:45:11.700000Z', '2024-03-27T22:45:11.740000Z')",S,MLN,"(1.0, 0.43018577)"
"(2024000292, 1897)","('2024-03-27T22:45:16.880000Z', '2024-03-27T22:45:16.880000Z')",S,ABTA,"(1.0, 0.24103329)"
"(2024000293, 1807)","('2024-03-27T23:21:37.980000Z', '2024-03-27T23:21:38.020000Z')",P,PURA,"(1.0, 0.48038778)"
"(2024000293, 1534)","('2024-03-27T23:21:38.360000Z', '2024-03-27T23:21:38.370000Z')",P,STAL,"(1.0, 0.8421588)"
"(2024000293, 2276)","('2024-03-27T23:21:38.390000Z', '2024-03-27T23:21:38.400000Z')",P,CLUD,"(1.0, 0.8613091)"
"(2024000293, 1808)","('2024-03-27T23:21:39.530000Z', '2024-03-27T23:21:39.690000Z')",S,PURA,"(1.0, 0.6105665)"
"(2024000293, 2277)","('2024-03-27T23:21:40.320000Z', '2024-03-27T23:21:40.330000Z')",S,CLUD,"(1.0, 0.83125657)"
"(2024000293, 1535)","('2024-03-27T23:21:40.470000Z', '2024-03-27T23:21:40.510000Z')",S,STAL,"(1.0, 0.7895704)"
"(2024000294, 1811)","('2024-03-27T23:31:30.480000Z', '2024-03-27T23:31:30.460000Z')",P,PURA,"(1.0, 0.8196701)"
"(2024000294, 2286)","('2024-03-27T23:31:30.640000Z', '2024-03-27T23:31:30.700000Z')",P,CLUD,"(1.0, 0.77104354)"
"(2024000294, 1538)","('2024-03-27T23:31:30.930000Z', '2024-03-27T23:31:31.020000Z')",P,STAL,"(1.0, 0.83218145)"
"(2024000294, 1812)","('2024-03-27T23:31:31.890000Z', '2024-03-27T23:31:32.000000Z')",S,PURA,"(1.0, 0.6052056)"
"(2024000294, 2180)","('2024-03-27T23:31:32.140000Z', '2024-03-27T23:31:32.130000Z')",P,BOO,"(1.0, 0.5971128)"
"(2024000294, 2287)","('2024-03-27T23:31:32.420000Z', '2024-03-27T23:31:32.770000Z')",S,CLUD,"(1.0, 0.37680015)"
"(2024000294, 1539)","('2024-03-27T23:31:32.950000Z', '2024-03-27T23:31:33.270000Z')",S,STAL,"(1.0, 0.6523523)"
"(2024000294, 2181)","('2024-03-27T23:31:35.240000Z', '2024-03-27T23:31:35.330000Z')",S,BOO,"(1.0, 0.7229702)"
"(2024000294, 1902)","('2024-03-27T23:31:36.830000Z', '2024-03-27T23:31:36.990000Z')",P,ABTA,"(1.0, 0.2551897)"
"(2024000295, 1821)","('2024-03-27T23:38:47.980000Z', '2024-03-27T23:38:48.000000Z')",P,PURA,"(1.0, 0.84907955)"
"(2024000295, 2292)","('2024-03-27T23:38:48.220000Z', '2024-03-27T23:38:48.210000Z')",P,CLUD,"(1.0, 0.8887384)"
"(2024000295, 1542)","('2024-03-27T23:38:48.580000Z', '2024-03-27T23:38:48.570000Z')",P,STAL,"(1.0, 0.88540244)"
"(2024000295, 1822)","('2024-03-27T23:38:49.100000Z', '2024-03-27T23:38:49.500000Z')",S,PURA,"(1.0, 0.5859149)"
"(2024000295, 2182)","('2024-03-27T23:38:49.670000Z', '2024-03-27T23:38:49.740000Z')",P,BOO,"(1.0, 0.54412764)"
"(2024000295, 2293)","('2024-03-27T23:38:49.850000Z', '2024-03-27T23:38:50.060000Z')",S,CLUD,"(1.0, 0.7218006)"
"(2024000295, 1543)","('2024-03-27T23:38:50.530000Z', '2024-03-27T23:38:50.720000Z')",S,STAL,"(1.0, 0.7946759)"
"(2024000295, 2522)","('2024-03-27T23:38:51.080000Z', '2024-03-27T23:38:51.200000Z')",P,MLN,"(1.0, 0.60083914)"
"(2024000295, 2183)","('2024-03-27T23:38:52.690000Z', '2024-03-27T23:38:52.750000Z')",S,BOO,"(1.0, 0.7511267)"
"(2024000295, 2523)","('2024-03-27T23:38:55.440000Z', '2024-03-27T23:38:55.910000Z')",S,MLN,"(1.0, 0.3362698)"
"(2024000296, 1824)","('2024-03-27T23:42:12.940000Z', '2024-03-27T23:42:12.940000Z')",P,PURA,"(1.0, 0.8443335)"
"(2024000296, 2294)","('2024-03-27T23:42:13.270000Z', '2024-03-27T23:42:13.290000Z')",P,CLUD,"(1.0, 0.8702494)"
"(2024000296, 1544)","('2024-03-27T23:42:13.360000Z', '2024-03-27T23:42:13.370000Z')",P,STAL,"(1.0, 0.7184569)"
"(2024000296, 1825)","('2024-03-27T23:42:14.540000Z', '2024-03-27T23:42:14.690000Z')",S,PURA,"(1.0, 0.79352707)"
"(2024000296, 2295)","('2024-03-27T23:42:15.120000Z', '2024-03-27T23:42:15.260000Z')",S,CLUD,"(1.0, 0.7886427)"
"(2024000296, 1545)","('2024-03-27T23:42:15.190000Z', '2024-03-27T23:42:15.360000Z')",S,STAL,"(1.0, 0.7132025)"
"(2024000297, 1826)","('2024-03-27T23:46:06.200000Z', '2024-03-27T23:46:06.200000Z')",P,PURA,"(1.0, 0.8469612)"
"(2024000297, 2296)","('2024-03-27T23:46:06.510000Z', '2024-03-27T23:46:06.500000Z')",P,CLUD,"(1.0, 0.8639316)"
"(2024000297, 1546)","('2024-03-27T23:46:06.580000Z', '2024-03-27T23:46:06.650000Z')",P,STAL,"(1.0, 0.81536716)"
"(2024000297, 2417)","('2024-03-27T23:46:07.200000Z', '2024-03-27T23:46:07.170000Z')",P,FUSE,"(1.0, 0.63533455)"
"(2024000297, 2547)","('2024-03-27T23:46:07.520000Z', '2024-03-27T23:46:07.290000Z')",P,MPRI,"(1.0, 0.458667)"
"(2024000297, 2184)","('2024-03-27T23:46:07.740000Z', '2024-03-27T23:46:07.900000Z')",P,BOO,"(1.0, 0.2705445)"
"(2024000297, 1827)","('2024-03-27T23:46:07.790000Z', '2024-03-27T23:46:07.900000Z')",S,PURA,"(1.0, 0.816637)"
"(2024000297, 2371)","('2024-03-27T23:46:08.020000Z', '2024-03-27T23:46:08.000000Z')",P,CSM,"(1.0, 0.8181538)"
"(2024000297, 2297)","('2024-03-27T23:46:08.260000Z', '2024-03-27T23:46:08.520000Z')",S,CLUD,"(1.0, 0.56041104)"
"(2024000297, 1547)","('2024-03-27T23:46:08.500000Z', '2024-03-27T23:46:08.680000Z')",S,STAL,"(1.0, 0.81993216)"
"(2024000297, 2524)","('2024-03-27T23:46:09.310000Z', '2024-03-27T23:46:09.030000Z')",P,MLN,"(1.0, 0.61274046)"
"(2024000297, 2548)","('2024-03-27T23:46:10.240000Z', '2024-03-27T23:46:10.080000Z')",S,MPRI,"(1.0, 0.74567705)"
"(2024000297, 2123)","('2024-03-27T23:46:10.270000Z', '2024-03-27T23:46:10.240000Z')",P,BAD,"(1.0, 0.6699827)"
"(2024000297, 1876)","('2024-03-27T23:46:10.490000Z', '2024-03-27T23:46:10.480000Z')",P,VINO,"(1.0, 0.74907464)"
"(2024000297, 2567)","('2024-03-27T23:46:10.670000Z', '2024-03-27T23:46:10.730000Z')",P,PLRO,"(1.0, 0.56318676)"
"(2024000297, 2185)","('2024-03-27T23:46:10.900000Z', '2024-03-27T23:46:11.010000Z')",S,BOO,"(1.0, 0.39145285)"
"(2024000297, 2372)","('2024-03-27T23:46:11.040000Z', '2024-03-27T23:46:11.040000Z')",S,CSM,"(1.0, 0.6605862)"
"(2024000297, 2525)","('2024-03-27T23:46:12.790000Z', '2024-03-27T23:46:12.970000Z')",S,MLN,"(1.0, 0.19815436)"
"(2024000297, 1903)","('2024-03-27T23:46:12.830000Z', '2024-03-27T23:46:12.920000Z')",P,ABTA,"(1.0, 0.5361866)"
"(2024000297, 2568)","('2024-03-27T23:46:14.560000Z', '2024-03-27T23:46:14.700000Z')",S,PLRO,"(1.0, 0.5646229)"
"(2024000297, 2124)","('2024-03-27T23:46:15.360000Z', '2024-03-27T23:46:15.610000Z')",S,BAD,"(1.0, 0.5433305)"
"(2024000297, 1877)","('2024-03-27T23:46:16.040000Z', '2024-03-27T23:46:16.220000Z')",S,VINO,"(1.0, 0.39869136)"
"(2024000297, 1904)","('2024-03-27T23:46:18.840000Z', '2024-03-27T23:46:18.860000Z')",S,ABTA,"(1.0, 0.57519925)"
"(2024000298, 1828)","('2024-03-27T23:52:02.760000Z', '2024-03-27T23:52:02.760000Z')",P,PURA,"(1.0, 0.69905597)"
"(2024000298, 2300)","('2024-03-27T23:52:03.090000Z', '2024-03-27T23:52:03.090000Z')",P,CLUD,"(1.0, 0.86053914)"
"(2024000298, 1548)","('2024-03-27T23:52:03.290000Z', '2024-03-27T23:52:03.330000Z')",P,STAL,"(1.0, 0.80946875)"
"(2024000298, 1829)","('2024-03-27T23:52:04.220000Z', '2024-03-27T23:52:04.380000Z')",S,PURA,"(1.0, 0.6624683)"
"(2024000298, 2373)","('2024-03-27T23:52:04.410000Z', '2024-03-27T23:52:04.660000Z')",P,CSM,"(1.0, 0.6150604)"
"(2024000298, 2186)","('2024-03-27T23:52:04.490000Z', '2024-03-27T23:52:04.400000Z')",P,BOO,"(1.0, 0.4564957)"
"(2024000298, 2301)","('2024-03-27T23:52:04.770000Z', '2024-03-27T23:52:04.850000Z')",S,CLUD,"(1.0, 0.7458756)"
"(2024000298, 1549)","('2024-03-27T23:52:05.210000Z', '2024-03-27T23:52:05.480000Z')",S,STAL,"(1.0, 0.75050265)"
"(2024000298, 2968)","('2024-03-27T23:52:05.460000Z', '2024-03-27T23:52:05.040000Z')",P,GEPF,"(1.0, 0.24306554)"
"(2024000298, 1183)","('2024-03-27T23:52:05.460000Z', '2024-03-27T23:52:05.540000Z')",P,FVI,"(1.0, 0.61689353)"
"(2024000298, 2526)","('2024-03-27T23:52:05.960000Z', '2024-03-27T23:52:06.010000Z')",P,MLN,"(1.0, 0.83367884)"
"(2024000298, 2419)","('2024-03-27T23:52:06.270000Z', '2024-03-27T23:52:06.480000Z')",S,FUSE,"(1.0, 0.30390242)"
"(2024000298, 2125)","('2024-03-27T23:52:06.960000Z', '2024-03-27T23:52:07.000000Z')",P,BAD,"(1.0, 0.77761817)"
"(2024000298, 1878)","('2024-03-27T23:52:07.290000Z', '2024-03-27T23:52:07.050000Z')",P,VINO,"(1.0, 0.7339857)"
"(2024000298, 2375)","('2024-03-27T23:52:07.320000Z', '2024-03-27T23:52:07.590000Z')",S,CSM,"(1.0, 0.6510355)"
"(2024000298, 2187)","('2024-03-27T23:52:07.440000Z', '2024-03-27T23:52:07.630000Z')",S,BOO,"(1.0, 0.77817804)"
"(2024000298, 2649)","('2024-03-27T23:52:08.620000Z', '2024-03-27T23:52:08.870000Z')",S,ZOU,"(1.0, 0.6229811)"
"(2024000298, 1184)","('2024-03-27T23:52:09.010000Z', '2024-03-27T23:52:09.150000Z')",S,FVI,"(1.0, 0.68718076)"
"(2024000298, 1906)","('2024-03-27T23:52:09.380000Z', '2024-03-27T23:52:09.280000Z')",P,ABTA,"(1.0, 0.4029101)"
"(2024000298, 2969)","('2024-03-27T23:52:09.420000Z', '2024-03-27T23:52:09.540000Z')",S,GEPF,"(1.0, 0.6333345)"
"(2024000298, 2527)","('2024-03-27T23:52:10.200000Z', '2024-03-27T23:52:10.590000Z')",S,MLN,"(1.0, 0.28184757)"
"(2024000298, 2126)","('2024-03-27T23:52:12.220000Z', '2024-03-27T23:52:12.410000Z')",S,BAD,"(1.0, 0.36067927)"
"(2024000298, 1879)","('2024-03-27T23:52:12.700000Z', '2024-03-27T23:52:12.770000Z')",S,VINO,"(1.0, 0.6270626)"
"(2024000298, 1907)","('2024-03-27T23:52:15.040000Z', '2024-03-27T23:52:15.350000Z')",S,ABTA,"(1.0, 0.48431194)"
"(2024000299, 1783)","('2024-03-28T00:13:57.310000Z', '2024-03-28T00:13:57.320000Z')",P,PURA,"(1.0, 0.85248065)"
"(2024000299, 1517)","('2024-03-28T00:13:57.630000Z', '2024-03-28T00:13:57.640000Z')",P,STAL,"(1.0, 0.85607004)"
"(2024000299, 2582)","('2024-03-28T00:13:57.660000Z', '2024-03-28T00:13:57.680000Z')",P,CLUD,"(1.0, 0.87113106)"
"(2024000299, 2824)","('2024-03-28T00:13:58.210000Z', '2024-03-28T00:13:58.230000Z')",P,FUSE,"(1.0, 0.4459039)"
"(2024000299, 2970)","('2024-03-28T00:13:58.400000Z', '2024-03-28T00:13:58.540000Z')",P,MPRI,"(1.0, 0.51058114)"
"(2024000299, 2405)","('2024-03-28T00:13:58.920000Z', '2024-03-28T00:13:58.900000Z')",P,BOO,"(1.0, 0.2857159)"
"(2024000299, 2718)","('2024-03-28T00:13:59.020000Z', '2024-03-28T00:13:59.060000Z')",P,CSM,"(1.0, 0.75729233)"
"(2024000299, 1784)","('2024-03-28T00:13:59.040000Z', '2024-03-28T00:13:59.040000Z')",S,PURA,"(1.0, 0.7596235)"
"(2024000299, 3479)","('2024-03-28T00:13:59.500000Z', '2024-03-28T00:13:59.850000Z')",P,GEPF,"(1.0, 0.7047168)"
"(2024000299, 2538)","('2024-03-28T00:13:59.760000Z', '2024-03-28T00:13:59.730000Z')",P,CIMO,"(1.0, 0.45607612)"
"(2024000299, 2922)","('2024-03-28T00:13:59.800000Z', '2024-03-28T00:13:59.780000Z')",P,MLN,"(1.0, 0.7032644)"
"(2024000299, 3147)","('2024-03-28T00:13:59.800000Z', '2024-03-28T00:13:59.810000Z')",P,ZOU,"(1.0, 0.72732425)"
"(2024000299, 1518)","('2024-03-28T00:13:59.860000Z', '2024-03-28T00:13:59.740000Z')",S,STAL,"(1.0, 0.66500646)"
"(2024000299, 2468)","('2024-03-28T00:14:00.040000Z', '2024-03-28T00:14:00.030000Z')",P,BUA,"(1.0, 0.65194184)"
"(2024000299, 1197)","('2024-03-28T00:14:00.040000Z', '2024-03-28T00:14:00.070000Z')",P,FVI,"(1.0, 0.84606963)"
"(2024000299, 2351)","('2024-03-28T00:14:01.100000Z', '2024-03-28T00:14:01.220000Z')",P,BAD,"(1.0, 0.83649194)"
"(2024000299, 3029)","('2024-03-28T00:14:01.130000Z', '2024-03-28T00:14:01.100000Z')",P,PLRO,"(1.0, 0.6628383)"
"(2024000299, 2971)","('2024-03-28T00:14:01.190000Z', '2024-03-28T00:14:01.240000Z')",S,MPRI,"(1.0, 0.7637628)"
"(2024000299, 2406)","('2024-03-28T00:14:01.980000Z', '2024-03-28T00:14:02.200000Z')",S,BOO,"(1.0, 0.3417693)"
"(2024000299, 2305)","('2024-03-28T00:14:02.050000Z', '2024-03-28T00:14:02.090000Z')",P,APGO,"(1.0, 0.70199007)"
"(2024000299, 2719)","('2024-03-28T00:14:02.260000Z', '2024-03-28T00:14:02.370000Z')",S,CSM,"(1.0, 0.29530665)"
"(2024000299, 2490)","('2024-03-28T00:14:03.340000Z', '2024-03-28T00:14:03.360000Z')",P,CAE,"(1.0, 0.7212995)"
"(2024000299, 3148)","('2024-03-28T00:14:03.420000Z', '2024-03-28T00:14:03.430000Z')",S,ZOU,"(1.0, 0.20885788)"
"(2024000299, 2539)","('2024-03-28T00:14:03.660000Z', '2024-03-28T00:14:03.830000Z')",S,CIMO,"(1.0, 0.20146964)"
"(2024000299, 1198)","('2024-03-28T00:14:03.700000Z', '2024-03-28T00:14:03.780000Z')",S,FVI,"(1.0, 0.78283465)"
"(2024000299, 2674)","('2024-03-28T00:14:03.740000Z', '2024-03-28T00:14:03.680000Z')",P,COLI,"(1.0, 0.6649841)"
"(2024000299, 2066)","('2024-03-28T00:14:03.760000Z', '2024-03-28T00:14:03.830000Z')",P,ABTA,"(1.0, 0.6602426)"
"(2024000299, 3480)","('2024-03-28T00:14:03.880000Z', '2024-03-28T00:14:04.000000Z')",S,GEPF,"(1.0, 0.70228004)"
"(2024000299, 3104)","('2024-03-28T00:14:04.180000Z', '2024-03-28T00:14:04.250000Z')",P,TLI,"(1.0, 0.66638863)"
"(2024000299, 2469)","('2024-03-28T00:14:04.710000Z', '2024-03-28T00:14:04.750000Z')",S,BUA,"(1.0, 0.48892137)"
"(2024000300, 1786)","('2024-03-28T00:28:53.550000Z', '2024-03-28T00:28:53.560000Z')",P,PURA,"(1.0, 0.86048657)"
"(2024000300, 1519)","('2024-03-28T00:28:53.880000Z', '2024-03-28T00:28:53.890000Z')",P,STAL,"(1.0, 0.8558431)"
"(2024000300, 2584)","('2024-03-28T00:28:53.890000Z', '2024-03-28T00:28:53.900000Z')",P,CLUD,"(1.0, 0.89381117)"
"(2024000300, 2826)","('2024-03-28T00:28:54.460000Z', '2024-03-28T00:28:54.450000Z')",P,FUSE,"(1.0, 0.6601818)"
"(2024000300, 2972)","('2024-03-28T00:28:54.690000Z', '2024-03-28T00:28:54.640000Z')",P,MPRI,"(1.0, 0.85660845)"
"(2024000300, 2407)","('2024-03-28T00:28:55.160000Z', '2024-03-28T00:28:55.180000Z')",P,BOO,"(1.0, 0.8161895)"
"(2024000300, 2721)","('2024-03-28T00:28:55.260000Z', '2024-03-28T00:28:55.300000Z')",P,CSM,"(1.0, 0.6992377)"
"(2024000300, 1787)","('2024-03-28T00:28:55.300000Z', '2024-03-28T00:28:55.330000Z')",S,PURA,"(1.0, 0.7617955)"
"(2024000300, 2585)","('2024-03-28T00:28:55.840000Z', '2024-03-28T00:28:55.890000Z')",S,CLUD,"(1.0, 0.8128385)"
"(2024000300, 1520)","('2024-03-28T00:28:56.000000Z', '2024-03-28T00:28:56.060000Z')",S,STAL,"(1.0, 0.6806643)"
"(2024000300, 3149)","('2024-03-28T00:28:56.020000Z', '2024-03-28T00:28:56.040000Z')",P,ZOU,"(1.0, 0.7077604)"
"(2024000300, 2924)","('2024-03-28T00:28:56.080000Z', '2024-03-28T00:28:56.000000Z')",P,MLN,"(1.0, 0.296171)"
"(2024000300, 3481)","('2024-03-28T00:28:56.130000Z', '2024-03-28T00:28:56.170000Z')",P,GEPF,"(1.0, 0.8140421)"
"(2024000300, 1199)","('2024-03-28T00:28:56.130000Z', '2024-03-28T00:28:56.210000Z')",P,FVI,"(1.0, 0.74631876)"
"(2024000300, 2470)","('2024-03-28T00:28:56.340000Z', '2024-03-28T00:28:56.340000Z')",P,BUA,"(1.0, 0.18504514)"
"(2024000300, 3031)","('2024-03-28T00:28:57.270000Z', '2024-03-28T00:28:57.480000Z')",P,PLRO,"(1.0, 0.28125176)"
"(2024000300, 2973)","('2024-03-28T00:28:57.420000Z', '2024-03-28T00:28:57.500000Z')",S,MPRI,"(1.0, 0.72305226)"
"(2024000300, 2353)","('2024-03-28T00:28:57.490000Z', '2024-03-28T00:28:57.510000Z')",P,BAD,"(1.0, 0.82943887)"
"(2024000300, 2408)","('2024-03-28T00:28:58.290000Z', '2024-03-28T00:28:58.340000Z')",S,BOO,"(1.0, 0.5991426)"
"(2024000300, 2307)","('2024-03-28T00:28:58.320000Z', '2024-03-28T00:28:58.360000Z')",P,APGO,"(1.0, 0.7803096)"
"(2024000300, 2722)","('2024-03-28T00:28:58.430000Z', '2024-03-28T00:28:58.500000Z')",S,CSM,"(1.0, 0.6958872)"
"(2024000300, 2492)","('2024-03-28T00:28:59.680000Z', '2024-03-28T00:28:59.630000Z')",P,CAE,"(1.0, 0.66654843)"
"(2024000300, 3150)","('2024-03-28T00:28:59.770000Z', '2024-03-28T00:28:59.840000Z')",S,ZOU,"(1.0, 0.61564523)"
"(2024000300, 2068)","('2024-03-28T00:28:59.890000Z', '2024-03-28T00:28:59.940000Z')",P,ABTA,"(1.0, 0.5015759)"
"(2024000300, 1200)","('2024-03-28T00:29:00.000000Z', '2024-03-28T00:29:00.070000Z')",S,FVI,"(1.0, 0.7647272)"
"(2024000300, 2676)","('2024-03-28T00:29:00.060000Z', '2024-03-28T00:29:00.120000Z')",P,COLI,"(1.0, 0.781326)"
"(2024000300, 3482)","('2024-03-28T00:29:00.140000Z', '2024-03-28T00:29:00.270000Z')",S,GEPF,"(1.0, 0.53761584)"
"(2024000300, 2925)","('2024-03-28T00:29:00.530000Z', '2024-03-28T00:29:00.650000Z')",S,MLN,"(1.0, 0.18118687)"
"(2024000300, 2354)","('2024-03-28T00:29:02.730000Z', '2024-03-28T00:29:02.810000Z')",S,BAD,"(1.0, 0.3622177)"
"(2024000300, 2069)","('2024-03-28T00:29:06.200000Z', '2024-03-28T00:29:06.290000Z')",S,ABTA,"(1.0, 0.75297683)"
"(2024000301, 1794)","('2024-03-28T00:53:19.080000Z', '2024-03-28T00:53:19.060000Z')",P,PURA,"(1.0, 0.8640971)"
"(2024000301, 1525)","('2024-03-28T00:53:19.380000Z', '2024-03-28T00:53:19.480000Z')",P,STAL,"(1.0, 0.8377318)"
"(2024000301, 2590)","('2024-03-28T00:53:19.420000Z', '2024-03-28T00:53:19.450000Z')",P,CLUD,"(1.0, 0.87539303)"
"(2024000301, 2828)","('2024-03-28T00:53:20.130000Z', '2024-03-28T00:53:20.100000Z')",P,FUSE,"(1.0, 0.16173278)"
"(2024000301, 2409)","('2024-03-28T00:53:20.490000Z', '2024-03-28T00:53:20.680000Z')",P,BOO,"(1.0, 0.7443463)"
"(2024000301, 2723)","('2024-03-28T00:53:20.770000Z', '2024-03-28T00:53:20.930000Z')",P,CSM,"(1.0, 0.33424062)"
"(2024000301, 1795)","('2024-03-28T00:53:20.840000Z', '2024-03-28T00:53:20.860000Z')",S,PURA,"(1.0, 0.76151085)"
"(2024000301, 2591)","('2024-03-28T00:53:21.360000Z', '2024-03-28T00:53:21.490000Z')",S,CLUD,"(1.0, 0.83381635)"
"(2024000301, 1526)","('2024-03-28T00:53:21.460000Z', '2024-03-28T00:53:21.480000Z')",S,STAL,"(1.0, 0.81743395)"
"(2024000301, 2724)","('2024-03-28T00:53:24.000000Z', '2024-03-28T00:53:24.100000Z')",S,CSM,"(1.0, 0.39552107)"
"(2024000301, 2071)","('2024-03-28T00:53:25.720000Z', '2024-03-28T00:53:25.800000Z')",P,ABTA,"(1.0, 0.5900776)"
"(2024000301, 2072)","('2024-03-28T00:53:31.830000Z', '2024-03-28T00:53:31.880000Z')",S,ABTA,"(1.0, 0.5531522)"
"(2024000302, 1796)","('2024-03-28T01:01:53.640000Z', '2024-03-28T01:01:53.660000Z')",P,PURA,"(1.0, 0.8774043)"
"(2024000302, 2592)","('2024-03-28T01:01:53.920000Z', '2024-03-28T01:01:53.900000Z')",P,CLUD,"(1.0, 0.8593212)"
"(2024000302, 1527)","('2024-03-28T01:01:54.160000Z', '2024-03-28T01:01:54.190000Z')",P,STAL,"(1.0, 0.8651236)"
"(2024000302, 2830)","('2024-03-28T01:01:54.470000Z', '2024-03-28T01:01:54.540000Z')",P,FUSE,"(1.0, 0.7027704)"
"(2024000302, 2974)","('2024-03-28T01:01:54.900000Z', '2024-03-28T01:01:54.850000Z')",P,MPRI,"(1.0, 0.7759163)"
"(2024000302, 1797)","('2024-03-28T01:01:55.120000Z', '2024-03-28T01:01:55.260000Z')",S,PURA,"(1.0, 0.7168795)"
"(2024000302, 2725)","('2024-03-28T01:01:55.320000Z', '2024-03-28T01:01:55.490000Z')",P,CSM,"(1.0, 0.7541177)"
"(2024000302, 2411)","('2024-03-28T01:01:55.350000Z', '2024-03-28T01:01:55.340000Z')",P,BOO,"(1.0, 0.8655002)"
"(2024000302, 2593)","('2024-03-28T01:01:55.690000Z', '2024-03-28T01:01:55.750000Z')",S,CLUD,"(1.0, 0.6905794)"
"(2024000302, 3483)","('2024-03-28T01:01:56.080000Z', '2024-03-28T01:01:56.210000Z')",P,GEPF,"(1.0, 0.5866541)"
"(2024000302, 3153)","('2024-03-28T01:01:56.090000Z', '2024-03-28T01:01:56.110000Z')",P,ZOU,"(1.0, 0.8089504)"
"(2024000302, 1528)","('2024-03-28T01:01:56.220000Z', '2024-03-28T01:01:56.350000Z')",S,STAL,"(1.0, 0.762523)"
"(2024000302, 1201)","('2024-03-28T01:01:56.250000Z', '2024-03-28T01:01:56.270000Z')",P,FVI,"(1.0, 0.8037991)"
"(2024000302, 2926)","('2024-03-28T01:01:56.420000Z', '2024-03-28T01:01:56.480000Z')",P,MLN,"(1.0, 0.6754435)"
"(2024000302, 2471)","('2024-03-28T01:01:56.440000Z', '2024-03-28T01:01:56.490000Z')",P,BUA,"(1.0, 0.6857258)"
"(2024000302, 1287)","('2024-03-28T01:01:57.330000Z', '2024-03-28T01:01:57.270000Z')",P,PTCC,"(1.0, 0.20207545)"
"(2024000302, 3033)","('2024-03-28T01:01:57.420000Z', '2024-03-28T01:01:57.560000Z')",P,PLRO,"(1.0, 0.30830228)"
"(2024000302, 2357)","('2024-03-28T01:01:57.570000Z', '2024-03-28T01:01:57.680000Z')",P,BAD,"(1.0, 0.7657924)"
"(2024000302, 2975)","('2024-03-28T01:01:57.680000Z', '2024-03-28T01:01:57.770000Z')",S,MPRI,"(1.0, 0.56510854)"
"(2024000302, 2412)","('2024-03-28T01:01:58.450000Z', '2024-03-28T01:01:58.480000Z')",S,BOO,"(1.0, 0.8188813)"
"(2024000302, 2726)","('2024-03-28T01:01:58.460000Z', '2024-03-28T01:01:58.490000Z')",S,CSM,"(1.0, 0.76433015)"
"(2024000302, 2309)","('2024-03-28T01:01:58.590000Z', '2024-03-28T01:01:58.590000Z')",P,APGO,"(1.0, 0.8042937)"
"(2024000302, 1759)","('2024-03-28T01:01:59.650000Z', '2024-03-28T01:01:59.540000Z')",P,POLC,"(1.0, 0.22341235)"
"(2024000302, 3154)","('2024-03-28T01:01:59.650000Z', '2024-03-28T01:01:59.720000Z')",S,ZOU,"(1.0, 0.6711252)"
"(2024000302, 1202)","('2024-03-28T01:01:59.990000Z', '2024-03-28T01:02:00.040000Z')",S,FVI,"(1.0, 0.7433059)"
"(2024000302, 2073)","('2024-03-28T01:01:59.990000Z', '2024-03-28T01:02:00.040000Z')",P,ABTA,"(1.0, 0.7797265)"
"(2024000302, 2494)","('2024-03-28T01:02:00.070000Z', '2024-03-28T01:02:00.010000Z')",P,CAE,"(1.0, 0.6934953)"
"(2024000302, 2680)","('2024-03-28T01:02:00.110000Z', '2024-03-28T01:02:00.120000Z')",P,COLI,"(1.0, 0.7616726)"
"(2024000302, 3484)","('2024-03-28T01:02:00.180000Z', '2024-03-28T01:02:00.280000Z')",S,GEPF,"(1.0, 0.4804636)"
"(2024000302, 3108)","('2024-03-28T01:02:00.760000Z', '2024-03-28T01:02:00.820000Z')",P,TLI,"(1.0, 0.7708853)"
"(2024000302, 2927)","('2024-03-28T01:02:00.980000Z', '2024-03-28T01:02:01.080000Z')",S,MLN,"(1.0, 0.1920281)"
"(2024000302, 2472)","('2024-03-28T01:02:01.050000Z', '2024-03-28T01:02:01.300000Z')",S,BUA,"(1.0, 0.5772685)"
"(2024000302, 3034)","('2024-03-28T01:02:02.030000Z', '2024-03-28T01:02:02.080000Z')",S,PLRO,"(1.0, 0.7319641)"
"(2024000302, 2358)","('2024-03-28T01:02:02.840000Z', '2024-03-28T01:02:03.000000Z')",S,BAD,"(1.0, 0.30423588)"
"(2024000302, 2310)","('2024-03-28T01:02:04.490000Z', '2024-03-28T01:02:04.480000Z')",S,APGO,"(1.0, 0.5766465)"
"(2024000303, 1805)","('2024-03-28T01:18:14.130000Z', '2024-03-28T01:18:14.120000Z')",P,PURA,"(1.0, 0.8742798)"
"(2024000303, 2594)","('2024-03-28T01:18:14.440000Z', '2024-03-28T01:18:14.430000Z')",P,CLUD,"(1.0, 0.8641662)"
"(2024000303, 1529)","('2024-03-28T01:18:14.460000Z', '2024-03-28T01:18:14.500000Z')",P,STAL,"(1.0, 0.79192513)"
"(2024000303, 2832)","('2024-03-28T01:18:15.040000Z', '2024-03-28T01:18:14.990000Z')",P,FUSE,"(1.0, 0.7285036)"
"(2024000303, 2976)","('2024-03-28T01:18:15.260000Z', '2024-03-28T01:18:15.320000Z')",P,MPRI,"(1.0, 0.6587484)"
"(2024000303, 2413)","('2024-03-28T01:18:15.700000Z', '2024-03-28T01:18:15.730000Z')",P,BOO,"(1.0, 0.7838368)"
"(2024000303, 1806)","('2024-03-28T01:18:15.820000Z', '2024-03-28T01:18:15.840000Z')",S,PURA,"(1.0, 0.78126544)"
"(2024000303, 2727)","('2024-03-28T01:18:15.840000Z', '2024-03-28T01:18:15.950000Z')",P,CSM,"(1.0, 0.6637103)"
"(2024000303, 2595)","('2024-03-28T01:18:16.360000Z', '2024-03-28T01:18:16.440000Z')",S,CLUD,"(1.0, 0.643682)"
"(2024000303, 1530)","('2024-03-28T01:18:16.540000Z', '2024-03-28T01:18:16.580000Z')",S,STAL,"(1.0, 0.6292992)"
"(2024000303, 3155)","('2024-03-28T01:18:16.640000Z', '2024-03-28T01:18:16.620000Z')",P,ZOU,"(1.0, 0.7450752)"
"(2024000303, 3485)","('2024-03-28T01:18:16.780000Z', '2024-03-28T01:18:16.770000Z')",P,GEPF,"(1.0, 0.59975415)"
"(2024000303, 2928)","('2024-03-28T01:18:17.030000Z', '2024-03-28T01:18:16.840000Z')",P,MLN,"(1.0, 0.3788077)"
"(2024000303, 2977)","('2024-03-28T01:18:17.980000Z', '2024-03-28T01:18:18.010000Z')",S,MPRI,"(1.0, 0.71906245)"
"(2024000303, 2359)","('2024-03-28T01:18:18.090000Z', '2024-03-28T01:18:18.160000Z')",P,BAD,"(1.0, 0.65306056)"
"(2024000303, 2414)","('2024-03-28T01:18:18.850000Z', '2024-03-28T01:18:18.940000Z')",S,BOO,"(1.0, 0.39853176)"
"(2024000303, 2311)","('2024-03-28T01:18:18.900000Z', '2024-03-28T01:18:18.910000Z')",P,APGO,"(1.0, 0.7455045)"
"(2024000303, 2728)","('2024-03-28T01:18:19.100000Z', '2024-03-28T01:18:19.120000Z')",S,CSM,"(1.0, 0.40773904)"
"(2024000303, 2075)","('2024-03-28T01:18:20.630000Z', '2024-03-28T01:18:20.810000Z')",P,ABTA,"(1.0, 0.61395913)"
"(2024000303, 3486)","('2024-03-28T01:18:20.680000Z', '2024-03-28T01:18:20.740000Z')",S,GEPF,"(1.0, 0.42729753)"
"(2024000303, 3036)","('2024-03-28T01:18:22.630000Z', '2024-03-28T01:18:22.640000Z')",S,PLRO,"(1.0, 0.7044118)"
"(2024000303, 2360)","('2024-03-28T01:18:23.400000Z', '2024-03-28T01:18:23.530000Z')",S,BAD,"(1.0, 0.6515397)"
"(2024000303, 2312)","('2024-03-28T01:18:24.610000Z', '2024-03-28T01:18:24.620000Z')",S,APGO,"(1.0, 0.5464028)"
"(2024000304, 1807)","('2024-03-28T01:19:11.170000Z', '2024-03-28T01:19:11.160000Z')",P,PURA,"(1.0, 0.87530893)"
"(2024000304, 1531)","('2024-03-28T01:19:11.500000Z', '2024-03-28T01:19:11.530000Z')",P,STAL,"(1.0, 0.8757563)"
"(2024000304, 2596)","('2024-03-28T01:19:11.510000Z', '2024-03-28T01:19:11.510000Z')",P,CLUD,"(1.0, 0.8977773)"
"(2024000304, 2834)","('2024-03-28T01:19:12.130000Z', '2024-03-28T01:19:12.090000Z')",P,FUSE,"(1.0, 0.7222247)"
"(2024000304, 2978)","('2024-03-28T01:19:12.300000Z', '2024-03-28T01:19:12.300000Z')",P,MPRI,"(1.0, 0.7555822)"
"(2024000304, 2415)","('2024-03-28T01:19:12.780000Z', '2024-03-28T01:19:12.830000Z')",P,BOO,"(1.0, 0.6426203)"
"(2024000304, 1808)","('2024-03-28T01:19:12.860000Z', '2024-03-28T01:19:12.940000Z')",S,PURA,"(1.0, 0.8372389)"
"(2024000304, 2729)","('2024-03-28T01:19:12.890000Z', '2024-03-28T01:19:12.900000Z')",P,CSM,"(1.0, 0.789197)"
"(2024000304, 2597)","('2024-03-28T01:19:13.440000Z', '2024-03-28T01:19:13.490000Z')",S,CLUD,"(1.0, 0.6602252)"
"(2024000304, 1532)","('2024-03-28T01:19:13.620000Z', '2024-03-28T01:19:13.640000Z')",S,STAL,"(1.0, 0.6263498)"
"(2024000304, 3157)","('2024-03-28T01:19:13.660000Z', '2024-03-28T01:19:13.690000Z')",P,ZOU,"(1.0, 0.71317273)"
"(2024000304, 3487)","('2024-03-28T01:19:13.760000Z', '2024-03-28T01:19:13.830000Z')",P,GEPF,"(1.0, 0.65538704)"
"(2024000304, 2930)","('2024-03-28T01:19:13.770000Z', '2024-03-28T01:19:13.700000Z')",P,MLN,"(1.0, 0.39996108)"
"(2024000304, 2979)","('2024-03-28T01:19:15.050000Z', '2024-03-28T01:19:15.130000Z')",S,MPRI,"(1.0, 0.77093595)"
"(2024000304, 3037)","('2024-03-28T01:19:15.230000Z', '2024-03-28T01:19:15.550000Z')",P,PLRO,"(1.0, 0.3925678)"
"(2024000304, 2416)","('2024-03-28T01:19:15.960000Z', '2024-03-28T01:19:15.980000Z')",S,BOO,"(1.0, 0.68630743)"
"(2024000304, 2730)","('2024-03-28T01:19:16.060000Z', '2024-03-28T01:19:16.110000Z')",S,CSM,"(1.0, 0.73263335)"
"(2024000304, 3488)","('2024-03-28T01:19:17.820000Z', '2024-03-28T01:19:17.890000Z')",S,GEPF,"(1.0, 0.66091174)"
"(2024000304, 2077)","('2024-03-28T01:19:17.950000Z', '2024-03-28T01:19:17.740000Z')",P,ABTA,"(1.0, 0.5835718)"
"(2024000304, 2931)","('2024-03-28T01:19:18.190000Z', '2024-03-28T01:19:18.170000Z')",S,MLN,"(1.0, 0.24479242)"
"(2024000304, 2078)","('2024-03-28T01:19:23.660000Z', '2024-03-28T01:19:23.890000Z')",S,ABTA,"(1.0, 0.60779154)"
"(2024000305, 2365)","('2024-03-28T02:34:00.600000Z', '2024-03-28T02:34:00.670000Z')",P,BAD,"(1.0, 0.86275274)"
"(2024000305, 3493)","('2024-03-28T02:34:00.740000Z', '2024-03-28T02:34:00.760000Z')",P,GEPF,"(1.0, 0.88204503)"
"(2024000305, 1289)","('2024-03-28T02:34:00.910000Z', '2024-03-28T02:34:00.940000Z')",P,PTCC,"(1.0, 0.9097618)"
"(2024000305, 2417)","('2024-03-28T02:34:00.950000Z', '2024-03-28T02:34:00.990000Z')",P,BOO,"(1.0, 0.851428)"
"(2024000305, 2473)","('2024-03-28T02:34:01.400000Z', '2024-03-28T02:34:01.420000Z')",P,BUA,"(1.0, 0.8302674)"
"(2024000305, 2689)","('2024-03-28T02:34:02.390000Z', '2024-03-28T02:34:02.380000Z')",P,COLI,"(1.0, 0.7190418)"
"(2024000305, 2836)","('2024-03-28T02:34:02.430000Z', '2024-03-28T02:34:02.490000Z')",P,FUSE,"(1.0, 0.10001983)"
"(2024000305, 2980)","('2024-03-28T02:34:02.480000Z', '2024-03-28T02:34:02.510000Z')",P,MPRI,"(1.0, 0.77327144)"
"(2024000305, 2366)","('2024-03-28T02:34:02.730000Z', '2024-03-28T02:34:02.750000Z')",S,BAD,"(1.0, 0.85213673)"
"(2024000305, 3494)","('2024-03-28T02:34:02.790000Z', '2024-03-28T02:34:02.840000Z')",S,GEPF,"(1.0, 0.7565743)"
"(2024000305, 3077)","('2024-03-28T02:34:02.900000Z', '2024-03-28T02:34:02.950000Z')",P,PRED,"(1.0, 0.71750194)"
"(2024000305, 2418)","('2024-03-28T02:34:03.070000Z', '2024-03-28T02:34:03.150000Z')",S,BOO,"(1.0, 0.7986095)"
"(2024000305, 1290)","('2024-03-28T02:34:03.130000Z', '2024-03-28T02:34:03.170000Z')",S,PTCC,"(1.0, 0.87727654)"
"(2024000305, 3039)","('2024-03-28T02:34:03.210000Z', '2024-03-28T02:34:03.300000Z')",P,PLRO,"(1.0, 0.85001975)"
"(2024000305, 2886)","('2024-03-28T02:34:03.270000Z', '2024-03-28T02:34:03.270000Z')",P,LSR,"(1.0, 0.81318575)"
"(2024000305, 2805)","('2024-03-28T02:34:03.940000Z', '2024-03-28T02:34:03.950000Z')",P,DRE,"(1.0, 0.51485765)"
"(2024000305, 2474)","('2024-03-28T02:34:04.020000Z', '2024-03-28T02:34:04.150000Z')",S,BUA,"(1.0, 0.25349876)"
"(2024000305, 2601)","('2024-03-28T02:34:04.070000Z', '2024-03-28T02:34:04.030000Z')",P,CLUD,"(1.0, 0.7364219)"
"(2024000305, 2259)","('2024-03-28T02:34:04.270000Z', '2024-03-28T02:34:04.300000Z')",P,ACOM,"(1.0, 0.6171429)"
"(2024000305, 3159)","('2024-03-28T02:34:04.580000Z', '2024-03-28T02:34:04.640000Z')",P,ZOU,"(1.0, 0.781038)"
"(2024000305, 1831)","('2024-03-28T02:34:05.070000Z', '2024-03-28T02:34:05.200000Z')",P,PURA,"(1.0, 0.816532)"
"(2024000305, 1535)","('2024-03-28T02:34:05.260000Z', '2024-03-28T02:34:05.250000Z')",P,STAL,"(1.0, 0.77842647)"
"(2024000305, 2981)","('2024-03-28T02:34:06.080000Z', '2024-03-28T02:34:06.300000Z')",S,MPRI,"(1.0, 0.41218108)"
"(2024000305, 2690)","('2024-03-28T02:34:06.260000Z', '2024-03-28T02:34:06.280000Z')",S,COLI,"(1.0, 0.6507374)"
"(2024000305, 3078)","('2024-03-28T02:34:07.180000Z', '2024-03-28T02:34:07.330000Z')",S,PRED,"(1.0, 0.56096935)"
"(2024000305, 3040)","('2024-03-28T02:34:07.540000Z', '2024-03-28T02:34:07.640000Z')",S,PLRO,"(1.0, 0.6862786)"
"(2024000305, 2887)","('2024-03-28T02:34:07.580000Z', '2024-03-28T02:34:07.570000Z')",S,LSR,"(1.0, 0.6758719)"
"(2024000305, 2260)","('2024-03-28T02:34:08.610000Z', '2024-03-28T02:34:08.860000Z')",S,ACOM,"(1.0, 0.67104053)"
"(2024000305, 2602)","('2024-03-28T02:34:08.620000Z', '2024-03-28T02:34:08.920000Z')",S,CLUD,"(1.0, 0.5325526)"
"(2024000305, 2806)","('2024-03-28T02:34:08.960000Z', '2024-03-28T02:34:08.960000Z')",S,DRE,"(1.0, 0.5702459)"
"(2024000305, 3160)","('2024-03-28T02:34:09.450000Z', '2024-03-28T02:34:09.610000Z')",S,ZOU,"(1.0, 0.6327114)"
"(2024000305, 1832)","('2024-03-28T02:34:10.910000Z', '2024-03-28T02:34:11.080000Z')",S,PURA,"(1.0, 0.6251472)"
"(2024000305, 1536)","('2024-03-28T02:34:11.540000Z', '2024-03-28T02:34:11.520000Z')",S,STAL,"(1.0, 0.46103808)"
"(2024000306, 1833)","('2024-03-28T02:36:17.770000Z', '2024-03-28T02:36:17.770000Z')",P,PURA,"(1.0, 0.87072706)"
"(2024000306, 2603)","('2024-03-28T02:36:18.110000Z', '2024-03-28T02:36:18.120000Z')",P,CLUD,"(1.0, 0.88143545)"
"(2024000306, 1537)","('2024-03-28T02:36:18.120000Z', '2024-03-28T02:36:18.150000Z')",P,STAL,"(1.0, 0.8191109)"
"(2024000306, 2838)","('2024-03-28T02:36:18.590000Z', '2024-03-28T02:36:18.590000Z')",P,FUSE,"(1.0, 0.7845463)"
"(2024000306, 2982)","('2024-03-28T02:36:18.920000Z', '2024-03-28T02:36:18.900000Z')",P,MPRI,"(1.0, 0.70306027)"
"(2024000306, 2419)","('2024-03-28T02:36:19.400000Z', '2024-03-28T02:36:19.400000Z')",P,BOO,"(1.0, 0.8340475)"
"(2024000306, 1834)","('2024-03-28T02:36:19.450000Z', '2024-03-28T02:36:19.530000Z')",S,PURA,"(1.0, 0.80004466)"
"(2024000306, 2735)","('2024-03-28T02:36:19.480000Z', '2024-03-28T02:36:19.510000Z')",P,CSM,"(1.0, 0.74923265)"
"(2024000306, 2604)","('2024-03-28T02:36:19.990000Z', '2024-03-28T02:36:20.100000Z')",S,CLUD,"(1.0, 0.71308744)"
"(2024000306, 3495)","('2024-03-28T02:36:20.130000Z', '2024-03-28T02:36:20.270000Z')",P,GEPF,"(1.0, 0.69349486)"
"(2024000306, 1538)","('2024-03-28T02:36:20.140000Z', '2024-03-28T02:36:20.220000Z')",S,STAL,"(1.0, 0.75349337)"
"(2024000306, 2542)","('2024-03-28T02:36:20.220000Z', '2024-03-28T02:36:20.230000Z')",P,CIMO,"(1.0, 0.78924125)"
"(2024000306, 2935)","('2024-03-28T02:36:20.250000Z', '2024-03-28T02:36:20.260000Z')",P,MLN,"(1.0, 0.6199447)"
"(2024000306, 3161)","('2024-03-28T02:36:20.270000Z', '2024-03-28T02:36:20.270000Z')",P,ZOU,"(1.0, 0.79128206)"
"(2024000306, 1209)","('2024-03-28T02:36:20.370000Z', '2024-03-28T02:36:20.470000Z')",P,FVI,"(1.0, 0.8383585)"
"(2024000306, 2475)","('2024-03-28T02:36:20.450000Z', '2024-03-28T02:36:20.460000Z')",P,BUA,"(1.0, 0.77386695)"
"(2024000306, 2367)","('2024-03-28T02:36:21.590000Z', '2024-03-28T02:36:21.650000Z')",P,BAD,"(1.0, 0.73460144)"
"(2024000306, 3041)","('2024-03-28T02:36:21.630000Z', '2024-03-28T02:36:21.610000Z')",P,PLRO,"(1.0, 0.70287645)"
"(2024000306, 2983)","('2024-03-28T02:36:21.730000Z', '2024-03-28T02:36:21.700000Z')",S,MPRI,"(1.0, 0.48256096)"
"(2024000306, 2789)","('2024-03-28T02:36:21.810000Z', '2024-03-28T02:36:21.830000Z')",P,CSO,"(1.0, 0.1344588)"
"(2024000306, 2420)","('2024-03-28T02:36:22.320000Z', '2024-03-28T02:36:22.570000Z')",S,BOO,"(1.0, 0.47925016)"
"(2024000306, 2317)","('2024-03-28T02:36:22.410000Z', '2024-03-28T02:36:22.540000Z')",P,APGO,"(1.0, 0.78254086)"
"(2024000306, 2736)","('2024-03-28T02:36:22.630000Z', '2024-03-28T02:36:22.730000Z')",S,CSM,"(1.0, 0.6055071)"
"(2024000306, 1291)","('2024-03-28T02:36:22.700000Z', '2024-03-28T02:36:22.680000Z')",P,PTCC,"(1.0, 0.22655226)"
"(2024000306, 1765)","('2024-03-28T02:36:23.260000Z', '2024-03-28T02:36:23.390000Z')",P,POLC,"(1.0, 0.6513648)"
"(2024000306, 2503)","('2024-03-28T02:36:23.680000Z', '2024-03-28T02:36:23.840000Z')",P,CAE,"(1.0, 0.68988645)"
"(2024000306, 3162)","('2024-03-28T02:36:23.840000Z', '2024-03-28T02:36:24.090000Z')",S,ZOU,"(1.0, 0.27331868)"
"(2024000306, 2691)","('2024-03-28T02:36:23.970000Z', '2024-03-28T02:36:24.140000Z')",P,COLI,"(1.0, 0.63752794)"
"(2024000306, 2543)","('2024-03-28T02:36:24.100000Z', '2024-03-28T02:36:24.160000Z')",S,CIMO,"(1.0, 0.62062967)"
"(2024000306, 2081)","('2024-03-28T02:36:24.130000Z', '2024-03-28T02:36:24.100000Z')",P,ABTA,"(1.0, 0.72472876)"
"(2024000306, 1210)","('2024-03-28T02:36:24.150000Z', '2024-03-28T02:36:24.280000Z')",S,FVI,"(1.0, 0.7068408)"
"(2024000306, 3496)","('2024-03-28T02:36:24.390000Z', '2024-03-28T02:36:24.460000Z')",S,GEPF,"(1.0, 0.5391252)"
"(2024000306, 3118)","('2024-03-28T02:36:24.690000Z', '2024-03-28T02:36:24.690000Z')",P,TLI,"(1.0, 0.74891657)"
"(2024000306, 2291)","('2024-03-28T02:36:24.760000Z', '2024-03-28T02:36:24.850000Z')",P,AFL,"(1.0, 0.33067286)"
"(2024000306, 2888)","('2024-03-28T02:36:25.030000Z', '2024-03-28T02:36:25.140000Z')",P,LSR,"(1.0, 0.6433999)"
"(2024000306, 3079)","('2024-03-28T02:36:25.060000Z', '2024-03-28T02:36:25.250000Z')",P,PRED,"(1.0, 0.65281147)"
"(2024000306, 2476)","('2024-03-28T02:36:25.150000Z', '2024-03-28T02:36:25.210000Z')",S,BUA,"(1.0, 0.48576963)"
"(2024000306, 2261)","('2024-03-28T02:36:25.660000Z', '2024-03-28T02:36:25.690000Z')",P,ACOM,"(1.0, 0.5213383)"
"(2024000306, 2807)","('2024-03-28T02:36:26.230000Z', '2024-03-28T02:36:26.460000Z')",P,DRE,"(1.0, 0.42434573)"
"(2024000306, 3138)","('2024-03-28T02:36:26.280000Z', '2024-03-28T02:36:26.220000Z')",P,VARN,"(1.0, 0.6427538)"
"(2024000306, 2299)","('2024-03-28T02:36:26.310000Z', '2024-03-28T02:36:26.380000Z')",P,AGOR,"(1.0, 0.6059793)"
"(2024000306, 3042)","('2024-03-28T02:36:26.330000Z', '2024-03-28T02:36:26.300000Z')",S,PLRO,"(1.0, 0.56009936)"
"(2024000306, 2368)","('2024-03-28T02:36:26.860000Z', '2024-03-28T02:36:27.190000Z')",S,BAD,"(1.0, 0.34783)"
"(2024000306, 2198)","('2024-03-28T02:36:27.650000Z', '2024-03-28T02:36:27.630000Z')",P,MYKA,"(1.0, 0.5340174)"
"(2024000306, 3101)","('2024-03-28T02:36:27.820000Z', '2024-03-28T02:36:28.010000Z')",P,SABO,"(1.0, 0.520281)"
"(2024000306, 931)","('2024-03-28T02:36:27.910000Z', '2024-03-28T02:36:27.930000Z')",P,ED06,"(1.0, 0.60925144)"
"(2024000306, 2318)","('2024-03-28T02:36:28.080000Z', '2024-03-28T02:36:28.210000Z')",S,APGO,"(1.0, 0.6369184)"
"(2024000306, 1292)","('2024-03-28T02:36:28.450000Z', '2024-03-28T02:36:28.600000Z')",S,PTCC,"(1.0, 0.35587764)"
"(2024000306, 3020)","('2024-03-28T02:36:29.300000Z', '2024-03-28T02:36:29.350000Z')",P,MTLO,"(1.0, 0.47095102)"
"(2024000306, 1766)","('2024-03-28T02:36:30.200000Z', '2024-03-28T02:36:30.410000Z')",S,POLC,"(1.0, 0.33996147)"
"(2024000306, 2082)","('2024-03-28T02:36:30.260000Z', '2024-03-28T02:36:30.510000Z')",S,ABTA,"(1.0, 0.38013268)"
"(2024000306, 2142)","('2024-03-28T02:36:31.020000Z', '2024-03-28T02:36:31.120000Z')",P,KBA,"(1.0, 0.55569905)"
"(2024000306, 2504)","('2024-03-28T02:36:31.050000Z', '2024-03-28T02:36:31.070000Z')",S,CAE,"(1.0, 0.36620256)"
"(2024000306, 2692)","('2024-03-28T02:36:31.780000Z', '2024-03-28T02:36:31.880000Z')",S,COLI,"(1.0, 0.50445676)"
"(2024000306, 2292)","('2024-03-28T02:36:32.240000Z', '2024-03-28T02:36:32.380000Z')",S,AFL,"(1.0, 0.30037513)"
"(2024000306, 3119)","('2024-03-28T02:36:32.460000Z', '2024-03-28T02:36:32.660000Z')",S,TLI,"(1.0, 0.43323505)"
"(2024000306, 2889)","('2024-03-28T02:36:33.090000Z', '2024-03-28T02:36:33.240000Z')",S,LSR,"(1.0, 0.37390748)"
"(2024000306, 3080)","('2024-03-28T02:36:33.300000Z', '2024-03-28T02:36:33.370000Z')",S,PRED,"(1.0, 0.35942593)"
"(2024000306, 2262)","('2024-03-28T02:36:33.870000Z', '2024-03-28T02:36:34.030000Z')",S,ACOM,"(1.0, 0.31805277)"
"(2024000306, 2527)","('2024-03-28T02:36:34.880000Z', '2024-03-28T02:36:35.000000Z')",P,CEKR,"(1.0, 0.9155649)"
"(2024000306, 5016)","('2024-03-28T02:36:36.140000Z', '2024-03-28T02:36:36.000000Z')",P,PANI,"(1.0, 0.91382265)"
"(2024000306, 4534)","('2024-03-28T02:36:36.160000Z', '2024-03-28T02:36:36.000000Z')",P,ABSI,"(1.0, 0.89247406)"
"(2024000306, 1093)","('2024-03-28T02:36:36.600000Z', '2024-03-28T02:36:36.990000Z')",P,APPI,"(1.0, 0.63065296)"
"(2024000306, 4988)","('2024-03-28T02:36:38.710000Z', '2024-03-28T02:36:39.000000Z')",P,OZOL,"(1.0, 0.8492462)"
"(2024000306, 4960)","('2024-03-28T02:36:39.040000Z', '2024-03-28T02:36:39.000000Z')",P,DOSS,"(1.0, 0.91841793)"
"(2024000306, 1613)","('2024-03-28T02:36:39.650000Z', '2024-03-28T02:36:39.980000Z')",P,TEOL,"(1.0, 0.78313595)"
"(2024000306, 4974)","('2024-03-28T02:36:40.640000Z', '2024-03-28T02:36:40.990000Z')",P,GAGG,"(1.0, 0.7879259)"
"(2024000306, 4566)","('2024-03-28T02:36:41.440000Z', '2024-03-28T02:36:40.970000Z')",P,LUSI,"(1.0, 0.13692991)"
"(2024000306, 2143)","('2024-03-28T02:36:41.730000Z', '2024-03-28T02:36:41.900000Z')",S,KBA,"(1.0, 0.607479)"
"(2024000306, 4952)","('2024-03-28T02:36:43.010000Z', '2024-03-28T02:36:43.050000Z')",P,CARE,"(1.0, 0.7200131)"
"(2024000306, 2121)","('2024-03-28T02:36:44.800000Z', '2024-03-28T02:36:45.210000Z')",P,FETA,"(1.0, 0.6484263)"
"(2024000306, 5028)","('2024-03-28T02:36:45.230000Z', '2024-03-28T02:36:45.630000Z')",P,RONC,"(1.0, 0.244255)"
"(2024000306, 4585)","('2024-03-28T02:36:45.580000Z', '2024-03-28T02:36:45.540000Z')",P,MOSI,"(1.0, 0.49448112)"
"(2024000306, 1239)","('2024-03-28T02:36:46.130000Z', '2024-03-28T02:36:46.180000Z')",P,MABI,"(1.0, 0.29790956)"
"(2024000306, 1143)","('2024-03-28T02:36:47.070000Z', '2024-03-28T02:36:47.090000Z')",P,BRMO,"(1.0, 0.50094956)"
"(2024000306, 2868)","('2024-03-28T02:36:47.180000Z', '2024-03-28T02:36:47.430000Z')",P,GAVI,"(1.0, 0.15367553)"
"(2024000307, 1835)","('2024-03-28T02:51:27.610000Z', '2024-03-28T02:51:27.610000Z')",P,PURA,"(1.0, 0.8843981)"
"(2024000307, 2605)","('2024-03-28T02:51:27.990000Z', '2024-03-28T02:51:27.980000Z')",P,CLUD,"(1.0, 0.8448977)"
"(2024000307, 1539)","('2024-03-28T02:51:28.060000Z', '2024-03-28T02:51:28.060000Z')",P,STAL,"(1.0, 0.86943066)"
"(2024000307, 2840)","('2024-03-28T02:51:28.520000Z', '2024-03-28T02:51:28.530000Z')",P,FUSE,"(1.0, 0.8105833)"
"(2024000307, 2984)","('2024-03-28T02:51:28.930000Z', '2024-03-28T02:51:28.910000Z')",P,MPRI,"(1.0, 0.8138077)"
"(2024000307, 1836)","('2024-03-28T02:51:29.300000Z', '2024-03-28T02:51:29.280000Z')",S,PURA,"(1.0, 0.8256054)"
"(2024000307, 2737)","('2024-03-28T02:51:29.340000Z', '2024-03-28T02:51:29.330000Z')",P,CSM,"(1.0, 0.79601556)"
"(2024000307, 2421)","('2024-03-28T02:51:29.410000Z', '2024-03-28T02:51:29.410000Z')",P,BOO,"(1.0, 0.87258726)"
"(2024000307, 2606)","('2024-03-28T02:51:29.950000Z', '2024-03-28T02:51:29.950000Z')",S,CLUD,"(1.0, 0.73960495)"
"(2024000307, 2544)","('2024-03-28T02:51:30.120000Z', '2024-03-28T02:51:30.110000Z')",P,CIMO,"(1.0, 0.67755795)"
"(2024000307, 3497)","('2024-03-28T02:51:30.140000Z', '2024-03-28T02:51:30.220000Z')",P,GEPF,"(1.0, 0.72761667)"
"(2024000307, 3163)","('2024-03-28T02:51:30.170000Z', '2024-03-28T02:51:30.170000Z')",P,ZOU,"(1.0, 0.6174176)"
"(2024000307, 2937)","('2024-03-28T02:51:30.230000Z', '2024-03-28T02:51:30.280000Z')",P,MLN,"(1.0, 0.77624714)"
"(2024000307, 1540)","('2024-03-28T02:51:30.240000Z', '2024-03-28T02:51:30.220000Z')",S,STAL,"(1.0, 0.7684611)"
"(2024000307, 1211)","('2024-03-28T02:51:30.290000Z', '2024-03-28T02:51:30.290000Z')",P,FVI,"(1.0, 0.6599694)"
"(2024000307, 2841)","('2024-03-28T02:51:30.920000Z', '2024-03-28T02:51:31.230000Z')",S,FUSE,"(1.0, 0.41219065)"
"(2024000307, 3043)","('2024-03-28T02:51:31.480000Z', '2024-03-28T02:51:31.520000Z')",P,PLRO,"(1.0, 0.5314677)"
"(2024000307, 2369)","('2024-03-28T02:51:31.600000Z', '2024-03-28T02:51:31.690000Z')",P,BAD,"(1.0, 0.7474317)"
"(2024000307, 2985)","('2024-03-28T02:51:31.770000Z', '2024-03-28T02:51:31.840000Z')",S,MPRI,"(1.0, 0.6616361)"
"(2024000307, 2738)","('2024-03-28T02:51:32.420000Z', '2024-03-28T02:51:32.440000Z')",S,CSM,"(1.0, 0.7409241)"
"(2024000307, 2319)","('2024-03-28T02:51:32.430000Z', '2024-03-28T02:51:32.460000Z')",P,APGO,"(1.0, 0.8124328)"
"(2024000307, 2422)","('2024-03-28T02:51:32.680000Z', '2024-03-28T02:51:32.730000Z')",S,BOO,"(1.0, 0.78265893)"
"(2024000307, 1767)","('2024-03-28T02:51:33.420000Z', '2024-03-28T02:51:33.460000Z')",P,POLC,"(1.0, 0.71730715)"
"(2024000307, 2505)","('2024-03-28T02:51:33.890000Z', '2024-03-28T02:51:33.920000Z')",P,CAE,"(1.0, 0.53049296)"
"(2024000307, 2545)","('2024-03-28T02:51:33.920000Z', '2024-03-28T02:51:33.960000Z')",S,CIMO,"(1.0, 0.2552432)"
"(2024000307, 2083)","('2024-03-28T02:51:33.980000Z', '2024-03-28T02:51:33.990000Z')",P,ABTA,"(1.0, 0.77025324)"
"(2024000307, 1212)","('2024-03-28T02:51:34.020000Z', '2024-03-28T02:51:34.090000Z')",S,FVI,"(1.0, 0.673421)"
"(2024000307, 3164)","('2024-03-28T02:51:34.090000Z', '2024-03-28T02:51:34.120000Z')",S,ZOU,"(1.0, 0.20010084)"
"(2024000307, 2693)","('2024-03-28T02:51:34.220000Z', '2024-03-28T02:51:34.280000Z')",P,COLI,"(1.0, 0.75154454)"
"(2024000307, 3498)","('2024-03-28T02:51:34.640000Z', '2024-03-28T02:51:34.790000Z')",S,GEPF,"(1.0, 0.3417626)"
"(2024000307, 3120)","('2024-03-28T02:51:34.820000Z', '2024-03-28T02:51:34.810000Z')",P,TLI,"(1.0, 0.7429165)"
"(2024000307, 2478)","('2024-03-28T02:51:35.230000Z', '2024-03-28T02:51:35.380000Z')",S,BUA,"(1.0, 0.6197843)"
"(2024000307, 3044)","('2024-03-28T02:51:36.220000Z', '2024-03-28T02:51:36.290000Z')",S,PLRO,"(1.0, 0.7027152)"
"(2024000307, 2370)","('2024-03-28T02:51:37.120000Z', '2024-03-28T02:51:37.130000Z')",S,BAD,"(1.0, 0.6646938)"
"(2024000307, 2144)","('2024-03-28T02:51:41.370000Z', '2024-03-28T02:51:41.290000Z')",P,KBA,"(1.0, 0.68608606)"
"(2024000307, 4536)","('2024-03-28T02:51:46.570000Z', '2024-03-28T02:51:46.470000Z')",P,ABSI,"(1.0, 0.57916987)"
"(2024000307, 4990)","('2024-03-28T02:51:49.580000Z', '2024-03-28T02:51:49.370000Z')",P,OZOL,"(1.0, 0.19444622)"
"(2024000307, 2145)","('2024-03-28T02:51:51.780000Z', '2024-03-28T02:51:51.990000Z')",S,KBA,"(1.0, 0.6313661)"
"(2024000308, 1841)","('2024-03-28T03:08:06.450000Z', '2024-03-28T03:08:06.470000Z')",P,PURA,"(1.0, 0.899954)"
"(2024000308, 2607)","('2024-03-28T03:08:06.760000Z', '2024-03-28T03:08:06.740000Z')",P,CLUD,"(1.0, 0.84291124)"
"(2024000308, 1541)","('2024-03-28T03:08:06.960000Z', '2024-03-28T03:08:07.000000Z')",P,STAL,"(1.0, 0.92074233)"
"(2024000308, 2842)","('2024-03-28T03:08:07.340000Z', '2024-03-28T03:08:07.450000Z')",P,FUSE,"(1.0, 0.22736645)"
"(2024000308, 1842)","('2024-03-28T03:08:07.960000Z', '2024-03-28T03:08:08.170000Z')",S,PURA,"(1.0, 0.77613205)"
"(2024000308, 2423)","('2024-03-28T03:08:08.130000Z', '2024-03-28T03:08:08.150000Z')",P,BOO,"(1.0, 0.8773764)"
"(2024000308, 2739)","('2024-03-28T03:08:08.140000Z', '2024-03-28T03:08:08.000000Z')",P,CSM,"(1.0, 0.8198975)"
"(2024000308, 2608)","('2024-03-28T03:08:08.410000Z', '2024-03-28T03:08:08.540000Z')",S,CLUD,"(1.0, 0.79587483)"
"(2024000308, 3165)","('2024-03-28T03:08:08.880000Z', '2024-03-28T03:08:08.970000Z')",P,ZOU,"(1.0, 0.8116833)"
"(2024000308, 3499)","('2024-03-28T03:08:08.920000Z', '2024-03-28T03:08:09.020000Z')",P,GEPF,"(1.0, 0.8228634)"
"(2024000308, 2939)","('2024-03-28T03:08:09.290000Z', '2024-03-28T03:08:09.010000Z')",P,MLN,"(1.0, 0.48376015)"
"(2024000308, 2424)","('2024-03-28T03:08:11.240000Z', '2024-03-28T03:08:11.270000Z')",S,BOO,"(1.0, 0.7910147)"
"(2024000308, 2740)","('2024-03-28T03:08:11.520000Z', '2024-03-28T03:08:11.550000Z')",S,CSM,"(1.0, 0.654626)"
"(2024000308, 3166)","('2024-03-28T03:08:12.400000Z', '2024-03-28T03:08:12.530000Z')",S,ZOU,"(1.0, 0.6417804)"
"(2024000308, 3500)","('2024-03-28T03:08:12.790000Z', '2024-03-28T03:08:13.020000Z')",S,GEPF,"(1.0, 0.46272242)"
"(2024000308, 2085)","('2024-03-28T03:08:12.940000Z', '2024-03-28T03:08:12.970000Z')",P,ABTA,"(1.0, 0.6139404)"
"(2024000308, 2086)","('2024-03-28T03:08:19.070000Z', '2024-03-28T03:08:19.130000Z')",S,ABTA,"(1.0, 0.6167218)"
"(2024000309, 1851)","('2024-03-28T03:25:22.450000Z', '2024-03-28T03:25:22.460000Z')",P,PURA,"(1.0, 0.88907117)"
"(2024000309, 2609)","('2024-03-28T03:25:22.800000Z', '2024-03-28T03:25:22.780000Z')",P,CLUD,"(1.0, 0.85483736)"
"(2024000309, 1543)","('2024-03-28T03:25:22.900000Z', '2024-03-28T03:25:22.900000Z')",P,STAL,"(1.0, 0.833858)"
"(2024000309, 2844)","('2024-03-28T03:25:23.310000Z', '2024-03-28T03:25:23.310000Z')",P,FUSE,"(1.0, 0.78092426)"
"(2024000309, 2988)","('2024-03-28T03:25:23.680000Z', '2024-03-28T03:25:23.700000Z')",P,MPRI,"(1.0, 0.7985088)"
"(2024000309, 1852)","('2024-03-28T03:25:24.090000Z', '2024-03-28T03:25:24.080000Z')",S,PURA,"(1.0, 0.8282297)"
"(2024000309, 2741)","('2024-03-28T03:25:24.180000Z', '2024-03-28T03:25:24.170000Z')",P,CSM,"(1.0, 0.76539844)"
"(2024000309, 2425)","('2024-03-28T03:25:24.210000Z', '2024-03-28T03:25:24.190000Z')",P,BOO,"(1.0, 0.85388786)"
"(2024000309, 3167)","('2024-03-28T03:25:24.950000Z', '2024-03-28T03:25:24.980000Z')",P,ZOU,"(1.0, 0.84716845)"
"(2024000309, 2610)","('2024-03-28T03:25:24.960000Z', '2024-03-28T03:25:24.890000Z')",S,CLUD,"(1.0, 0.646894)"
"(2024000309, 2546)","('2024-03-28T03:25:24.960000Z', '2024-03-28T03:25:25.150000Z')",P,CIMO,"(1.0, 0.12541631)"
"(2024000309, 3501)","('2024-03-28T03:25:24.970000Z', '2024-03-28T03:25:25.150000Z')",P,GEPF,"(1.0, 0.67243725)"
"(2024000309, 1544)","('2024-03-28T03:25:24.980000Z', '2024-03-28T03:25:25.020000Z')",S,STAL,"(1.0, 0.7480889)"
"(2024000309, 1215)","('2024-03-28T03:25:25.120000Z', '2024-03-28T03:25:25.170000Z')",P,FVI,"(1.0, 0.8414685)"
"(2024000309, 2941)","('2024-03-28T03:25:25.140000Z', '2024-03-28T03:25:25.150000Z')",P,MLN,"(1.0, 0.27252483)"
"(2024000309, 2479)","('2024-03-28T03:25:25.290000Z', '2024-03-28T03:25:25.380000Z')",P,BUA,"(1.0, 0.74087346)"
"(2024000309, 2845)","('2024-03-28T03:25:25.700000Z', '2024-03-28T03:25:25.820000Z')",S,FUSE,"(1.0, 0.48494262)"
"(2024000309, 3045)","('2024-03-28T03:25:26.310000Z', '2024-03-28T03:25:26.280000Z')",P,PLRO,"(1.0, 0.59048426)"
"(2024000309, 2373)","('2024-03-28T03:25:26.480000Z', '2024-03-28T03:25:26.520000Z')",P,BAD,"(1.0, 0.7470969)"
"(2024000309, 2989)","('2024-03-28T03:25:26.580000Z', '2024-03-28T03:25:26.640000Z')",S,MPRI,"(1.0, 0.7723516)"
"(2024000309, 2742)","('2024-03-28T03:25:27.280000Z', '2024-03-28T03:25:27.260000Z')",S,CSM,"(1.0, 0.65027183)"
"(2024000309, 2323)","('2024-03-28T03:25:27.290000Z', '2024-03-28T03:25:27.270000Z')",P,APGO,"(1.0, 0.7066387)"
"(2024000309, 2426)","('2024-03-28T03:25:27.400000Z', '2024-03-28T03:25:27.430000Z')",S,BOO,"(1.0, 0.7951435)"
"(2024000309, 1769)","('2024-03-28T03:25:28.280000Z', '2024-03-28T03:25:28.290000Z')",P,POLC,"(1.0, 0.70766926)"
"(2024000309, 3168)","('2024-03-28T03:25:28.700000Z', '2024-03-28T03:25:28.890000Z')",S,ZOU,"(1.0, 0.6074268)"
"(2024000309, 1216)","('2024-03-28T03:25:28.730000Z', '2024-03-28T03:25:28.780000Z')",S,FVI,"(1.0, 0.7768406)"
"(2024000309, 2507)","('2024-03-28T03:25:28.880000Z', '2024-03-28T03:25:28.810000Z')",P,CAE,"(1.0, 0.7595533)"
"(2024000309, 2087)","('2024-03-28T03:25:28.880000Z', '2024-03-28T03:25:29.110000Z')",P,ABTA,"(1.0, 0.558613)"
"(2024000309, 2697)","('2024-03-28T03:25:29.020000Z', '2024-03-28T03:25:29.030000Z')",P,COLI,"(1.0, 0.8006756)"
"(2024000309, 3502)","('2024-03-28T03:25:29.270000Z', '2024-03-28T03:25:29.420000Z')",S,GEPF,"(1.0, 0.32457694)"
"(2024000309, 2942)","('2024-03-28T03:25:29.710000Z', '2024-03-28T03:25:29.560000Z')",S,MLN,"(1.0, 0.15861829)"
"(2024000309, 2480)","('2024-03-28T03:25:30.140000Z', '2024-03-28T03:25:30.110000Z')",S,BUA,"(1.0, 0.32777908)"
"(2024000309, 3046)","('2024-03-28T03:25:31.040000Z', '2024-03-28T03:25:31.040000Z')",S,PLRO,"(1.0, 0.74762166)"
"(2024000309, 2374)","('2024-03-28T03:25:31.720000Z', '2024-03-28T03:25:32.050000Z')",S,BAD,"(1.0, 0.4943476)"
"(2024000309, 2146)","('2024-03-28T03:25:36.130000Z', '2024-03-28T03:25:36.010000Z')",P,KBA,"(1.0, 0.87251055)"
"(2024000309, 4538)","('2024-03-28T03:25:41.360000Z', '2024-03-28T03:25:41.180000Z')",P,ABSI,"(1.0, 0.3352043)"
"(2024000309, 2147)","('2024-03-28T03:25:46.580000Z', '2024-03-28T03:25:46.730000Z')",S,KBA,"(1.0, 0.66604775)"
"(2024000310, 1855)","('2024-03-28T03:29:21.280000Z', '2024-03-28T03:29:21.260000Z')",P,PURA,"(1.0, 0.87149066)"
"(2024000310, 1545)","('2024-03-28T03:29:21.630000Z', '2024-03-28T03:29:21.620000Z')",P,STAL,"(1.0, 0.88347393)"
"(2024000310, 2611)","('2024-03-28T03:29:21.640000Z', '2024-03-28T03:29:21.620000Z')",P,CLUD,"(1.0, 0.87955636)"
"(2024000310, 2990)","('2024-03-28T03:29:22.540000Z', '2024-03-28T03:29:22.540000Z')",P,MPRI,"(1.0, 0.6409862)"
"(2024000310, 1856)","('2024-03-28T03:29:22.960000Z', '2024-03-28T03:29:22.970000Z')",S,PURA,"(1.0, 0.79679525)"
"(2024000310, 2743)","('2024-03-28T03:29:23.020000Z', '2024-03-28T03:29:23.290000Z')",P,CSM,"(1.0, 0.13371119)"
"(2024000310, 2612)","('2024-03-28T03:29:23.380000Z', '2024-03-28T03:29:23.560000Z')",S,CLUD,"(1.0, 0.68519735)"
"(2024000310, 3169)","('2024-03-28T03:29:23.880000Z', '2024-03-28T03:29:23.860000Z')",P,ZOU,"(1.0, 0.31597957)"
"(2024000310, 1546)","('2024-03-28T03:29:24.120000Z', '2024-03-28T03:29:23.910000Z')",S,STAL,"(1.0, 0.46707514)"
"(2024000310, 2943)","('2024-03-28T03:29:24.250000Z', '2024-03-28T03:29:23.820000Z')",P,MLN,"(1.0, 0.48541522)"
"(2024000310, 2991)","('2024-03-28T03:29:25.230000Z', '2024-03-28T03:29:25.240000Z')",S,MPRI,"(1.0, 0.62223864)"
"(2024000310, 2744)","('2024-03-28T03:29:25.990000Z', '2024-03-28T03:29:26.390000Z')",S,CSM,"(1.0, 0.24036396)"
"(2024000310, 3170)","('2024-03-28T03:29:27.400000Z', '2024-03-28T03:29:27.610000Z')",S,ZOU,"(1.0, 0.20029512)"
"(2024000311, 1859)","('2024-03-28T03:33:43.030000Z', '2024-03-28T03:33:43.040000Z')",P,PURA,"(1.0, 0.90200967)"
"(2024000311, 2613)","('2024-03-28T03:33:43.380000Z', '2024-03-28T03:33:43.380000Z')",P,CLUD,"(1.0, 0.9083714)"
"(2024000311, 1547)","('2024-03-28T03:33:43.400000Z', '2024-03-28T03:33:43.400000Z')",P,STAL,"(1.0, 0.8382444)"
"(2024000311, 2846)","('2024-03-28T03:33:43.840000Z', '2024-03-28T03:33:43.880000Z')",P,FUSE,"(1.0, 0.8363923)"
"(2024000311, 2992)","('2024-03-28T03:33:44.250000Z', '2024-03-28T03:33:44.270000Z')",P,MPRI,"(1.0, 0.75790626)"
"(2024000311, 1860)","('2024-03-28T03:33:44.760000Z', '2024-03-28T03:33:44.790000Z')",S,PURA,"(1.0, 0.76049423)"
"(2024000311, 2427)","('2024-03-28T03:33:44.820000Z', '2024-03-28T03:33:44.770000Z')",P,BOO,"(1.0, 0.70494354)"
"(2024000311, 2745)","('2024-03-28T03:33:44.880000Z', '2024-03-28T03:33:44.780000Z')",P,CSM,"(1.0, 0.6831371)"
"(2024000311, 2614)","('2024-03-28T03:33:45.430000Z', '2024-03-28T03:33:45.440000Z')",S,CLUD,"(1.0, 0.60964245)"
"(2024000311, 3171)","('2024-03-28T03:33:45.540000Z', '2024-03-28T03:33:45.540000Z')",P,ZOU,"(1.0, 0.8573648)"
"(2024000311, 1217)","('2024-03-28T03:33:45.670000Z', '2024-03-28T03:33:45.710000Z')",P,FVI,"(1.0, 0.81982166)"
"(2024000311, 2945)","('2024-03-28T03:33:45.850000Z', '2024-03-28T03:33:46.020000Z')",P,MLN,"(1.0, 0.39626256)"
"(2024000311, 3047)","('2024-03-28T03:33:46.860000Z', '2024-03-28T03:33:46.860000Z')",P,PLRO,"(1.0, 0.7025418)"
"(2024000311, 2993)","('2024-03-28T03:33:46.960000Z', '2024-03-28T03:33:47.000000Z')",S,MPRI,"(1.0, 0.74342257)"
"(2024000311, 2327)","('2024-03-28T03:33:47.810000Z', '2024-03-28T03:33:47.780000Z')",P,APGO,"(1.0, 0.7776584)"
"(2024000311, 2428)","('2024-03-28T03:33:47.910000Z', '2024-03-28T03:33:47.880000Z')",S,BOO,"(1.0, 0.64248526)"
"(2024000311, 2746)","('2024-03-28T03:33:47.950000Z', '2024-03-28T03:33:47.890000Z')",S,CSM,"(1.0, 0.6078559)"
"(2024000311, 3172)","('2024-03-28T03:33:49.300000Z', '2024-03-28T03:33:49.390000Z')",S,ZOU,"(1.0, 0.40891686)"
"(2024000311, 1218)","('2024-03-28T03:33:49.420000Z', '2024-03-28T03:33:49.480000Z')",S,FVI,"(1.0, 0.79705715)"
"(2024000311, 2089)","('2024-03-28T03:33:49.570000Z', '2024-03-28T03:33:49.780000Z')",P,ABTA,"(1.0, 0.6186434)"
"(2024000311, 3048)","('2024-03-28T03:33:51.570000Z', '2024-03-28T03:33:51.650000Z')",S,PLRO,"(1.0, 0.7263751)"
"(2024000311, 2090)","('2024-03-28T03:33:55.700000Z', '2024-03-28T03:33:55.780000Z')",S,ABTA,"(1.0, 0.554038)"
"(2024000312, 1863)","('2024-03-28T03:54:17.950000Z', '2024-03-28T03:54:17.950000Z')",P,PURA,"(1.0, 0.8881646)"
"(2024000312, 2617)","('2024-03-28T03:54:18.280000Z', '2024-03-28T03:54:18.290000Z')",P,CLUD,"(1.0, 0.85381895)"
"(2024000312, 1549)","('2024-03-28T03:54:18.430000Z', '2024-03-28T03:54:18.500000Z')",P,STAL,"(1.0, 0.8302386)"
"(2024000312, 1864)","('2024-03-28T03:54:19.380000Z', '2024-03-28T03:54:19.610000Z')",S,PURA,"(1.0, 0.76893675)"
"(2024000312, 2429)","('2024-03-28T03:54:19.680000Z', '2024-03-28T03:54:19.690000Z')",P,BOO,"(1.0, 0.6091904)"
"(2024000312, 2747)","('2024-03-28T03:54:19.880000Z', '2024-03-28T03:54:19.860000Z')",P,CSM,"(1.0, 0.7498385)"
"(2024000312, 2618)","('2024-03-28T03:54:20.030000Z', '2024-03-28T03:54:20.140000Z')",S,CLUD,"(1.0, 0.7503252)"
"(2024000312, 1550)","('2024-03-28T03:54:20.450000Z', '2024-03-28T03:54:20.570000Z')",S,STAL,"(1.0, 0.6485737)"
"(2024000312, 2748)","('2024-03-28T03:54:22.760000Z', '2024-03-28T03:54:22.710000Z')",S,CSM,"(1.0, 0.4366567)"
"(2024000313, 1867)","('2024-03-28T04:13:02.610000Z', '2024-03-28T04:13:02.640000Z')",P,PURA,"(1.0, 0.88208526)"
"(2024000313, 2621)","('2024-03-28T04:13:02.900000Z', '2024-03-28T04:13:02.910000Z')",P,CLUD,"(1.0, 0.8716357)"
"(2024000313, 1551)","('2024-03-28T04:13:03.030000Z', '2024-03-28T04:13:03.020000Z')",P,STAL,"(1.0, 0.8452863)"
"(2024000313, 2994)","('2024-03-28T04:13:03.790000Z', '2024-03-28T04:13:03.770000Z')",P,MPRI,"(1.0, 0.80381685)"
"(2024000313, 2431)","('2024-03-28T04:13:04.240000Z', '2024-03-28T04:13:04.250000Z')",P,BOO,"(1.0, 0.8884837)"
"(2024000313, 1868)","('2024-03-28T04:13:04.240000Z', '2024-03-28T04:13:04.290000Z')",S,PURA,"(1.0, 0.8062765)"
"(2024000313, 2749)","('2024-03-28T04:13:04.320000Z', '2024-03-28T04:13:04.310000Z')",P,CSM,"(1.0, 0.49334085)"
"(2024000313, 2622)","('2024-03-28T04:13:04.670000Z', '2024-03-28T04:13:04.890000Z')",S,CLUD,"(1.0, 0.6256713)"
"(2024000313, 3503)","('2024-03-28T04:13:04.970000Z', '2024-03-28T04:13:05.000000Z')",P,GEPF,"(1.0, 0.8916603)"
"(2024000313, 3173)","('2024-03-28T04:13:05.140000Z', '2024-03-28T04:13:05.000000Z')",P,ZOU,"(1.0, 0.89010483)"
"(2024000313, 2947)","('2024-03-28T04:13:05.180000Z', '2024-03-28T04:13:05.020000Z')",P,MLN,"(1.0, 0.8439245)"
"(2024000313, 1552)","('2024-03-28T04:13:05.180000Z', '2024-03-28T04:13:05.230000Z')",S,STAL,"(1.0, 0.6399173)"
"(2024000313, 1221)","('2024-03-28T04:13:05.240000Z', '2024-03-28T04:13:05.050000Z')",P,FVI,"(1.0, 0.61460084)"
"(2024000313, 2481)","('2024-03-28T04:13:05.280000Z', '2024-03-28T04:13:05.030000Z')",P,BUA,"(1.0, 0.7140907)"
"(2024000313, 2547)","('2024-03-28T04:13:05.440000Z', '2024-03-28T04:13:05.010000Z')",P,CIMO,"(1.0, 0.8727105)"
"(2024000313, 2848)","('2024-03-28T04:13:05.660000Z', '2024-03-28T04:13:05.830000Z')",S,FUSE,"(1.0, 0.56874794)"
"(2024000313, 2377)","('2024-03-28T04:13:06.440000Z', '2024-03-28T04:13:06.500000Z')",P,BAD,"(1.0, 0.7824496)"
"(2024000313, 2995)","('2024-03-28T04:13:06.610000Z', '2024-03-28T04:13:06.640000Z')",S,MPRI,"(1.0, 0.813353)"
"(2024000313, 2751)","('2024-03-28T04:13:07.390000Z', '2024-03-28T04:13:07.700000Z')",S,CSM,"(1.0, 0.47000164)"
"(2024000313, 2432)","('2024-03-28T04:13:07.450000Z', '2024-03-28T04:13:07.490000Z')",S,BOO,"(1.0, 0.8348188)"
"(2024000313, 2329)","('2024-03-28T04:13:07.470000Z', '2024-03-28T04:13:07.430000Z')",P,APGO,"(1.0, 0.7592969)"
"(2024000313, 1773)","('2024-03-28T04:13:08.350000Z', '2024-03-28T04:13:08.410000Z')",P,POLC,"(1.0, 0.4170953)"
"(2024000313, 3174)","('2024-03-28T04:13:08.670000Z', '2024-03-28T04:13:08.830000Z')",S,ZOU,"(1.0, 0.62165546)"
"(2024000313, 2548)","('2024-03-28T04:13:08.860000Z', '2024-03-28T04:13:09.040000Z')",S,CIMO,"(1.0, 0.38306463)"
"(2024000313, 1222)","('2024-03-28T04:13:08.870000Z', '2024-03-28T04:13:08.930000Z')",S,FVI,"(1.0, 0.73636675)"
"(2024000313, 2513)","('2024-03-28T04:13:08.900000Z', '2024-03-28T04:13:09.010000Z')",P,CAE,"(1.0, 0.82977015)"
"(2024000313, 2702)","('2024-03-28T04:13:09.030000Z', '2024-03-28T04:13:09.000000Z')",P,COLI,"(1.0, 0.9281264)"
"(2024000313, 2091)","('2024-03-28T04:13:09.120000Z', '2024-03-28T04:13:09.000000Z')",P,ABTA,"(1.0, 0.8933279)"
"(2024000313, 3504)","('2024-03-28T04:13:09.350000Z', '2024-03-28T04:13:09.540000Z')",S,GEPF,"(1.0, 0.38386092)"
"(2024000313, 2948)","('2024-03-28T04:13:09.500000Z', '2024-03-28T04:13:09.500000Z')",S,MLN,"(1.0, 0.4559739)"
"(2024000313, 3050)","('2024-03-28T04:13:11.070000Z', '2024-03-28T04:13:11.090000Z')",S,PLRO,"(1.0, 0.6790322)"
"(2024000313, 2378)","('2024-03-28T04:13:11.890000Z', '2024-03-28T04:13:12.050000Z')",S,BAD,"(1.0, 0.45851088)"
"(2024000313, 2330)","('2024-03-28T04:13:13.240000Z', '2024-03-28T04:13:13.240000Z')",S,APGO,"(1.0, 0.7102966)"
"(2024000313, 2151)","('2024-03-28T04:13:16.230000Z', '2024-03-28T04:13:16.190000Z')",P,KBA,"(1.0, 0.67855066)"
"(2024000313, 4540)","('2024-03-28T04:13:21.430000Z', '2024-03-28T04:13:21.450000Z')",P,ABSI,"(1.0, 0.62150943)"
"(2024000313, 2152)","('2024-03-28T04:13:26.680000Z', '2024-03-28T04:13:26.790000Z')",S,KBA,"(1.0, 0.60613626)"
"(2024000314, 1871)","('2024-03-28T04:45:00.240000Z', '2024-03-28T04:45:00.250000Z')",P,PURA,"(1.0, 0.86278725)"
"(2024000314, 2623)","('2024-03-28T04:45:00.570000Z', '2024-03-28T04:45:00.530000Z')",P,CLUD,"(1.0, 0.8145529)"
"(2024000314, 1553)","('2024-03-28T04:45:00.800000Z', '2024-03-28T04:45:00.770000Z')",P,STAL,"(1.0, 0.5875413)"
"(2024000314, 1872)","('2024-03-28T04:45:01.860000Z', '2024-03-28T04:45:02.060000Z')",S,PURA,"(1.0, 0.7476166)"
"(2024000314, 2752)","('2024-03-28T04:45:02.180000Z', '2024-03-28T04:45:02.090000Z')",P,CSM,"(1.0, 0.28337106)"
"(2024000314, 2624)","('2024-03-28T04:45:02.420000Z', '2024-03-28T04:45:02.530000Z')",S,CLUD,"(1.0, 0.8064622)"
"(2024000314, 1554)","('2024-03-28T04:45:02.670000Z', '2024-03-28T04:45:03.010000Z')",S,STAL,"(1.0, 0.57499194)"
"(2024000314, 2753)","('2024-03-28T04:45:05.060000Z', '2024-03-28T04:45:05.130000Z')",S,CSM,"(1.0, 0.37844196)"
"(2024000315, 1875)","('2024-03-28T05:15:56.300000Z', '2024-03-28T05:15:56.280000Z')",P,PURA,"(1.0, 0.8655746)"
"(2024000315, 2625)","('2024-03-28T05:15:56.570000Z', '2024-03-28T05:15:56.570000Z')",P,CLUD,"(1.0, 0.8586749)"
"(2024000315, 1557)","('2024-03-28T05:15:56.760000Z', '2024-03-28T05:15:56.750000Z')",P,STAL,"(1.0, 0.87814057)"
"(2024000315, 2996)","('2024-03-28T05:15:57.510000Z', '2024-03-28T05:15:57.520000Z')",P,MPRI,"(1.0, 0.86691415)"
"(2024000315, 1876)","('2024-03-28T05:15:57.920000Z', '2024-03-28T05:15:57.930000Z')",S,PURA,"(1.0, 0.7747102)"
"(2024000315, 2433)","('2024-03-28T05:15:57.960000Z', '2024-03-28T05:15:57.940000Z')",P,BOO,"(1.0, 0.8634803)"
"(2024000315, 2754)","('2024-03-28T05:15:58.000000Z', '2024-03-28T05:15:58.010000Z')",P,CSM,"(1.0, 0.6309159)"
"(2024000315, 2626)","('2024-03-28T05:15:58.230000Z', '2024-03-28T05:15:58.490000Z')",S,CLUD,"(1.0, 0.7441254)"
"(2024000315, 1558)","('2024-03-28T05:15:58.840000Z', '2024-03-28T05:15:58.940000Z')",S,STAL,"(1.0, 0.62237984)"
"(2024000315, 2949)","('2024-03-28T05:15:59.070000Z', '2024-03-28T05:15:59.060000Z')",P,MLN,"(1.0, 0.50586635)"
"(2024000315, 2997)","('2024-03-28T05:16:00.280000Z', '2024-03-28T05:16:00.300000Z')",S,MPRI,"(1.0, 0.7572302)"
"(2024000315, 2434)","('2024-03-28T05:16:01.070000Z', '2024-03-28T05:16:01.120000Z')",S,BOO,"(1.0, 0.83447415)"
"(2024000315, 2755)","('2024-03-28T05:16:01.180000Z', '2024-03-28T05:16:01.270000Z')",S,CSM,"(1.0, 0.58717805)"
"(2024000316, 1877)","('2024-03-28T05:19:58.770000Z', '2024-03-28T05:19:58.780000Z')",P,PURA,"(1.0, 0.8233342)"
"(2024000316, 1559)","('2024-03-28T05:19:59.240000Z', '2024-03-28T05:19:59.120000Z')",P,STAL,"(1.0, 0.590951)"
"(2024000316, 1878)","('2024-03-28T05:20:00.280000Z', '2024-03-28T05:20:00.580000Z')",S,PURA,"(1.0, 0.5752913)"
"(2024000316, 2756)","('2024-03-28T05:20:00.850000Z', '2024-03-28T05:20:00.670000Z')",P,CSM,"(1.0, 0.4348727)"
"(2024000316, 1560)","('2024-03-28T05:20:01.120000Z', '2024-03-28T05:20:01.110000Z')",S,STAL,"(1.0, 0.5896882)"
"(2024000316, 2757)","('2024-03-28T05:20:03.720000Z', '2024-03-28T05:20:03.730000Z')",S,CSM,"(1.0, 0.7030798)"
"(2024000317, 2627)","('2024-03-28T05:34:55.320000Z', '2024-03-28T05:34:55.320000Z')",P,CLUD,"(1.0, 0.89173543)"
"(2024000317, 1561)","('2024-03-28T05:34:55.360000Z', '2024-03-28T05:34:55.350000Z')",P,STAL,"(1.0, 0.8490852)"
"(2024000317, 2998)","('2024-03-28T05:34:56.220000Z', '2024-03-28T05:34:56.290000Z')",P,MPRI,"(1.0, 0.12555663)"
"(2024000317, 2758)","('2024-03-28T05:34:56.570000Z', '2024-03-28T05:34:56.800000Z')",P,CSM,"(1.0, 0.25186422)"
"(2024000317, 1885)","('2024-03-28T05:34:56.730000Z', '2024-03-28T05:34:56.740000Z')",S,PURA,"(1.0, 0.7965887)"
"(2024000317, 2628)","('2024-03-28T05:34:57.220000Z', '2024-03-28T05:34:57.280000Z')",S,CLUD,"(1.0, 0.78272945)"
"(2024000317, 1562)","('2024-03-28T05:34:57.460000Z', '2024-03-28T05:34:57.600000Z')",S,STAL,"(1.0, 0.61357164)"
"(2024000317, 2999)","('2024-03-28T05:34:58.890000Z', '2024-03-28T05:34:58.940000Z')",S,MPRI,"(1.0, 0.27757925)"
"(2024000317, 2759)","('2024-03-28T05:34:59.890000Z', '2024-03-28T05:34:59.950000Z')",S,CSM,"(1.0, 0.67437387)"
"(2024000318, 1886)","('2024-03-28T06:25:08.990000Z', '2024-03-28T06:25:09.000000Z')",P,PURA,"(1.0, 0.93031925)"
"(2024000318, 2631)","('2024-03-28T06:25:09.540000Z', '2024-03-28T06:25:09.470000Z')",P,CLUD,"(1.0, 0.5605956)"
"(2024000318, 1887)","('2024-03-28T06:25:10.530000Z', '2024-03-28T06:25:10.570000Z')",S,PURA,"(1.0, 0.82592624)"
"(2024000318, 2760)","('2024-03-28T06:25:10.730000Z', '2024-03-28T06:25:10.900000Z')",P,CSM,"(1.0, 0.7757237)"
"(2024000318, 2435)","('2024-03-28T06:25:10.800000Z', '2024-03-28T06:25:10.780000Z')",P,BOO,"(1.0, 0.7645683)"
"(2024000318, 2632)","('2024-03-28T06:25:11.120000Z', '2024-03-28T06:25:11.350000Z')",S,CLUD,"(1.0, 0.29290292)"
"(2024000318, 2761)","('2024-03-28T06:25:13.870000Z', '2024-03-28T06:25:14.150000Z')",S,CSM,"(1.0, 0.7361565)"
"(2024000318, 2436)","('2024-03-28T06:25:13.970000Z', '2024-03-28T06:25:14.010000Z')",S,BOO,"(1.0, 0.7479304)"
"(2024000319, 1906)","('2024-03-28T09:31:36.680000Z', '2024-03-28T09:31:36.690000Z')",P,PURA,"(1.0, 0.8378788)"
"(2024000319, 2635)","('2024-03-28T09:31:37.030000Z', '2024-03-28T09:31:37.000000Z')",P,CLUD,"(1.0, 0.9195724)"
"(2024000319, 1573)","('2024-03-28T09:31:37.150000Z', '2024-03-28T09:31:37.010000Z')",P,STAL,"(1.0, 0.81822914)"
"(2024000319, 2849)","('2024-03-28T09:31:37.740000Z', '2024-03-28T09:31:37.790000Z')",P,FUSE,"(1.0, 0.41758153)"
"(2024000319, 3000)","('2024-03-28T09:31:37.990000Z', '2024-03-28T09:31:37.990000Z')",P,MPRI,"(1.0, 0.91314)"
"(2024000319, 1907)","('2024-03-28T09:31:38.390000Z', '2024-03-28T09:31:38.430000Z')",S,PURA,"(1.0, 0.78878707)"
"(2024000319, 2437)","('2024-03-28T09:31:38.420000Z', '2024-03-28T09:31:38.410000Z')",P,BOO,"(1.0, 0.83293307)"
"(2024000319, 2762)","('2024-03-28T09:31:38.420000Z', '2024-03-28T09:31:38.460000Z')",P,CSM,"(1.0, 0.6496375)"
"(2024000319, 2636)","('2024-03-28T09:31:38.940000Z', '2024-03-28T09:31:38.910000Z')",S,CLUD,"(1.0, 0.77568114)"
"(2024000319, 1574)","('2024-03-28T09:31:39.210000Z', '2024-03-28T09:31:39.210000Z')",S,STAL,"(1.0, 0.7284786)"
"(2024000319, 2952)","('2024-03-28T09:31:39.840000Z', '2024-03-28T09:31:39.940000Z')",P,MLN,"(1.0, 0.5047116)"
"(2024000319, 2850)","('2024-03-28T09:31:40.120000Z', '2024-03-28T09:31:40.570000Z')",S,FUSE,"(1.0, 0.5511003)"
"(2024000319, 3001)","('2024-03-28T09:31:40.790000Z', '2024-03-28T09:31:40.820000Z')",S,MPRI,"(1.0, 0.8057727)"
"(2024000319, 2763)","('2024-03-28T09:31:41.480000Z', '2024-03-28T09:31:41.560000Z')",S,CSM,"(1.0, 0.4739455)"
"(2024000319, 2438)","('2024-03-28T09:31:41.610000Z', '2024-03-28T09:31:41.630000Z')",S,BOO,"(1.0, 0.79707986)"
"(2024000320, 1914)","('2024-03-28T10:02:17.650000Z', '2024-03-28T10:02:17.650000Z')",P,PURA,"(1.0, 0.849519)"
"(2024000320, 2641)","('2024-03-28T10:02:17.940000Z', '2024-03-28T10:02:17.940000Z')",P,CLUD,"(1.0, 0.8755141)"
"(2024000320, 1580)","('2024-03-28T10:02:18.080000Z', '2024-03-28T10:02:18.130000Z')",P,STAL,"(1.0, 0.8478612)"
"(2024000320, 3002)","('2024-03-28T10:02:18.820000Z', '2024-03-28T10:02:18.750000Z')",P,MPRI,"(1.0, 0.16369863)"
"(2024000320, 1915)","('2024-03-28T10:02:19.230000Z', '2024-03-28T10:02:19.340000Z')",S,PURA,"(1.0, 0.79189813)"
"(2024000320, 2642)","('2024-03-28T10:02:19.570000Z', '2024-03-28T10:02:19.840000Z')",S,CLUD,"(1.0, 0.73422796)"
"(2024000320, 2764)","('2024-03-28T10:02:19.610000Z', '2024-03-28T10:02:19.590000Z')",P,CSM,"(1.0, 0.5659876)"
"(2024000320, 1581)","('2024-03-28T10:02:20.260000Z', '2024-03-28T10:02:20.280000Z')",S,STAL,"(1.0, 0.7943884)"
"(2024000320, 2765)","('2024-03-28T10:02:22.350000Z', '2024-03-28T10:02:22.580000Z')",S,CSM,"(1.0, 0.2778204)"
"(2024000321, 1920)","('2024-03-28T10:47:02.510000Z', '2024-03-28T10:47:02.520000Z')",P,PURA,"(1.0, 0.8899813)"
"(2024000321, 2645)","('2024-03-28T10:47:02.850000Z', '2024-03-28T10:47:02.860000Z')",P,CLUD,"(1.0, 0.9016443)"
"(2024000321, 1584)","('2024-03-28T10:47:03.030000Z', '2024-03-28T10:47:03.020000Z')",P,STAL,"(1.0, 0.8240848)"
"(2024000321, 2851)","('2024-03-28T10:47:03.450000Z', '2024-03-28T10:47:03.440000Z')",P,FUSE,"(1.0, 0.36188102)"
"(2024000321, 1921)","('2024-03-28T10:47:04.120000Z', '2024-03-28T10:47:04.050000Z')",S,PURA,"(1.0, 0.792124)"
"(2024000321, 2766)","('2024-03-28T10:47:04.230000Z', '2024-03-28T10:47:04.240000Z')",P,CSM,"(1.0, 0.70488054)"
"(2024000321, 2441)","('2024-03-28T10:47:04.350000Z', '2024-03-28T10:47:04.320000Z')",P,BOO,"(1.0, 0.84186155)"
"(2024000321, 2551)","('2024-03-28T10:47:05.000000Z', '2024-03-28T10:47:05.000000Z')",P,CIMO,"(1.0, 0.91610533)"
"(2024000321, 2646)","('2024-03-28T10:47:05.040000Z', '2024-03-28T10:47:04.830000Z')",S,CLUD,"(1.0, 0.71889424)"
"(2024000321, 1585)","('2024-03-28T10:47:05.140000Z', '2024-03-28T10:47:05.150000Z')",S,STAL,"(1.0, 0.6400159)"
"(2024000321, 1227)","('2024-03-28T10:47:05.160000Z', '2024-03-28T10:47:05.220000Z')",P,FVI,"(1.0, 0.8449861)"
"(2024000321, 3505)","('2024-03-28T10:47:05.320000Z', '2024-03-28T10:47:05.010000Z')",P,GEPF,"(1.0, 0.29349092)"
"(2024000321, 2956)","('2024-03-28T10:47:05.390000Z', '2024-03-28T10:47:05.020000Z')",P,MLN,"(1.0, 0.7098345)"
"(2024000321, 2483)","('2024-03-28T10:47:05.400000Z', '2024-03-28T10:47:05.010000Z')",P,BUA,"(1.0, 0.52586323)"
"(2024000321, 2852)","('2024-03-28T10:47:05.850000Z', '2024-03-28T10:47:05.880000Z')",S,FUSE,"(1.0, 0.50567424)"
"(2024000321, 3053)","('2024-03-28T10:47:06.350000Z', '2024-03-28T10:47:06.370000Z')",P,PLRO,"(1.0, 0.73542523)"
"(2024000321, 2383)","('2024-03-28T10:47:06.620000Z', '2024-03-28T10:47:06.620000Z')",P,BAD,"(1.0, 0.6930235)"
"(2024000321, 3003)","('2024-03-28T10:47:06.640000Z', '2024-03-28T10:47:06.710000Z')",S,MPRI,"(1.0, 0.5760053)"
"(2024000321, 2050)","('2024-03-28T10:47:06.830000Z', '2024-03-28T10:47:06.970000Z')",P,VINO,"(1.0, 0.66177213)"
"(2024000321, 2767)","('2024-03-28T10:47:07.230000Z', '2024-03-28T10:47:07.240000Z')",S,CSM,"(1.0, 0.6482375)"
"(2024000321, 2442)","('2024-03-28T10:47:07.570000Z', '2024-03-28T10:47:07.530000Z')",S,BOO,"(1.0, 0.7820912)"
"(2024000321, 3181)","('2024-03-28T10:47:08.760000Z', '2024-03-28T10:47:08.630000Z')",S,ZOU,"(1.0, 0.4923344)"
"(2024000321, 1228)","('2024-03-28T10:47:08.770000Z', '2024-03-28T10:47:08.830000Z')",S,FVI,"(1.0, 0.7814058)"
"(2024000321, 3506)","('2024-03-28T10:47:09.050000Z', '2024-03-28T10:47:09.310000Z')",S,GEPF,"(1.0, 0.23261952)"
"(2024000321, 2552)","('2024-03-28T10:47:09.120000Z', '2024-03-28T10:47:09.040000Z')",S,CIMO,"(1.0, 0.27884182)"
"(2024000321, 4863)","('2024-03-28T10:47:09.470000Z', '2024-03-28T10:47:09.420000Z')",P,ROBS,"(1.0, 0.5651539)"
"(2024000321, 2485)","('2024-03-28T10:47:09.950000Z', '2024-03-28T10:47:10.010000Z')",S,BUA,"(1.0, 0.21325654)"
"(2024000321, 3054)","('2024-03-28T10:47:10.980000Z', '2024-03-28T10:47:11.080000Z')",S,PLRO,"(1.0, 0.6246975)"
"(2024000321, 2272)","('2024-03-28T10:47:11.030000Z', '2024-03-28T10:47:10.990000Z')",P,ACOM,"(1.0, 0.69380563)"
"(2024000321, 2384)","('2024-03-28T10:47:11.870000Z', '2024-03-28T10:47:11.990000Z')",S,BAD,"(1.0, 0.431305)"
"(2024000321, 2051)","('2024-03-28T10:47:12.290000Z', '2024-03-28T10:47:12.650000Z')",S,VINO,"(1.0, 0.28991067)"
"(2024000321, 2273)","('2024-03-28T10:47:18.800000Z', '2024-03-28T10:47:18.910000Z')",S,ACOM,"(1.0, 0.41539475)"
"(2024000322, 1940)","('2024-03-28T15:27:25.450000Z', '2024-03-28T15:27:25.450000Z')",P,PURA,"(1.0, 0.8730865)"
"(2024000322, 1592)","('2024-03-28T15:27:25.770000Z', '2024-03-28T15:27:25.770000Z')",P,STAL,"(1.0, 0.83617467)"
"(2024000322, 2654)","('2024-03-28T15:27:25.810000Z', '2024-03-28T15:27:25.850000Z')",P,CLUD,"(1.0, 0.8722305)"
"(2024000322, 2853)","('2024-03-28T15:27:26.430000Z', '2024-03-28T15:27:26.440000Z')",P,FUSE,"(1.0, 0.16390549)"
"(2024000322, 1941)","('2024-03-28T15:27:27.170000Z', '2024-03-28T15:27:27.220000Z')",S,PURA,"(1.0, 0.82184756)"
"(2024000322, 2772)","('2024-03-28T15:27:27.270000Z', '2024-03-28T15:27:27.330000Z')",P,CSM,"(1.0, 0.54346824)"
"(2024000322, 2655)","('2024-03-28T15:27:27.750000Z', '2024-03-28T15:27:27.840000Z')",S,CLUD,"(1.0, 0.7875135)"
"(2024000322, 1593)","('2024-03-28T15:27:27.820000Z', '2024-03-28T15:27:28.020000Z')",S,STAL,"(1.0, 0.3566732)"
"(2024000322, 2959)","('2024-03-28T15:27:28.050000Z', '2024-03-28T15:27:28.500000Z')",P,MLN,"(1.0, 0.50318736)"
"(2024000322, 2773)","('2024-03-28T15:27:30.400000Z', '2024-03-28T15:27:30.480000Z')",S,CSM,"(1.0, 0.4338655)"
"(2024000323, 1960)","('2024-03-28T17:09:48.140000Z', '2024-03-28T17:09:48.150000Z')",P,PURA,"(1.0, 0.8629318)"
"(2024000323, 2658)","('2024-03-28T17:09:48.440000Z', '2024-03-28T17:09:48.370000Z')",P,CLUD,"(1.0, 0.82782865)"
"(2024000323, 1596)","('2024-03-28T17:09:48.770000Z', '2024-03-28T17:09:48.800000Z')",P,STAL,"(1.0, 0.82441694)"
"(2024000323, 2446)","('2024-03-28T17:09:49.810000Z', '2024-03-28T17:09:49.890000Z')",P,BOO,"(1.0, 0.745002)"
"(2024000323, 1961)","('2024-03-28T17:09:49.850000Z', '2024-03-28T17:09:49.800000Z')",S,PURA,"(1.0, 0.7301143)"
"(2024000323, 2774)","('2024-03-28T17:09:50.140000Z', '2024-03-28T17:09:50.090000Z')",P,CSM,"(1.0, 0.5988778)"
"(2024000323, 2659)","('2024-03-28T17:09:50.160000Z', '2024-03-28T17:09:50.190000Z')",S,CLUD,"(1.0, 0.82464635)"
"(2024000323, 1597)","('2024-03-28T17:09:50.930000Z', '2024-03-28T17:09:51.070000Z')",S,STAL,"(1.0, 0.60681725)"
"(2024000323, 2447)","('2024-03-28T17:09:52.880000Z', '2024-03-28T17:09:52.930000Z')",S,BOO,"(1.0, 0.7557865)"
"(2024000323, 2775)","('2024-03-28T17:09:53.040000Z', '2024-03-28T17:09:53.110000Z')",S,CSM,"(1.0, 0.34251183)"
"(2024000324, 1967)","('2024-03-28T17:31:32.580000Z', '2024-03-28T17:31:32.580000Z')",P,PURA,"(1.0, 0.88372135)"
"(2024000324, 2660)","('2024-03-28T17:31:32.950000Z', '2024-03-28T17:31:32.930000Z')",P,CLUD,"(1.0, 0.21692093)"
"(2024000324, 1598)","('2024-03-28T17:31:33.100000Z', '2024-03-28T17:31:33.070000Z')",P,STAL,"(1.0, 0.83691144)"
"(2024000324, 3010)","('2024-03-28T17:31:33.870000Z', '2024-03-28T17:31:33.920000Z')",P,MPRI,"(1.0, 0.8134837)"
"(2024000324, 1968)","('2024-03-28T17:31:34.190000Z', '2024-03-28T17:31:34.190000Z')",S,PURA,"(1.0, 0.708233)"
"(2024000324, 2776)","('2024-03-28T17:31:34.350000Z', '2024-03-28T17:31:34.370000Z')",P,CSM,"(1.0, 0.7021418)"
"(2024000324, 2448)","('2024-03-28T17:31:34.400000Z', '2024-03-28T17:31:34.310000Z')",P,BOO,"(1.0, 0.8297187)"
"(2024000324, 2661)","('2024-03-28T17:31:34.820000Z', '2024-03-28T17:31:35.000000Z')",S,CLUD,"(1.0, 0.2565738)"
"(2024000324, 1599)","('2024-03-28T17:31:35.260000Z', '2024-03-28T17:31:35.220000Z')",S,STAL,"(1.0, 0.6782319)"
"(2024000324, 3011)","('2024-03-28T17:31:37.150000Z', '2024-03-28T17:31:37.180000Z')",S,MPRI,"(1.0, 0.6309878)"
"(2024000324, 2777)","('2024-03-28T17:31:37.350000Z', '2024-03-28T17:31:37.400000Z')",S,CSM,"(1.0, 0.736832)"
"(2024000324, 2449)","('2024-03-28T17:31:37.500000Z', '2024-03-28T17:31:37.530000Z')",S,BOO,"(1.0, 0.81779444)"
"(2024000324, 2100)","('2024-03-28T17:31:39.360000Z', '2024-03-28T17:31:39.360000Z')",P,ABTA,"(1.0, 0.6204987)"
"(2024000324, 2101)","('2024-03-28T17:31:45.310000Z', '2024-03-28T17:31:45.320000Z')",S,ABTA,"(1.0, 0.4612643)"
"(2024000325, 1971)","('2024-03-28T18:38:00.020000Z', '2024-03-28T18:38:00.050000Z')",P,PURA,"(1.0, 0.8950893)"
"(2024000325, 2663)","('2024-03-28T18:38:00.340000Z', '2024-03-28T18:38:00.340000Z')",P,CLUD,"(1.0, 0.8593314)"
"(2024000325, 1600)","('2024-03-28T18:38:00.590000Z', '2024-03-28T18:38:00.550000Z')",P,STAL,"(1.0, 0.8119549)"
"(2024000325, 3012)","('2024-03-28T18:38:01.220000Z', '2024-03-28T18:38:01.250000Z')",P,MPRI,"(1.0, 0.13494316)"
"(2024000325, 2450)","('2024-03-28T18:38:01.690000Z', '2024-03-28T18:38:01.690000Z')",P,BOO,"(1.0, 0.46940956)"
"(2024000325, 1972)","('2024-03-28T18:38:01.760000Z', '2024-03-28T18:38:01.850000Z')",S,PURA,"(1.0, 0.77693874)"
"(2024000325, 2778)","('2024-03-28T18:38:01.790000Z', '2024-03-28T18:38:01.690000Z')",P,CSM,"(1.0, 0.68185836)"
"(2024000325, 2664)","('2024-03-28T18:38:02.270000Z', '2024-03-28T18:38:02.290000Z')",S,CLUD,"(1.0, 0.8201949)"
"(2024000325, 1601)","('2024-03-28T18:38:02.570000Z', '2024-03-28T18:38:02.570000Z')",S,STAL,"(1.0, 0.6936251)"
"(2024000325, 3013)","('2024-03-28T18:38:04.110000Z', '2024-03-28T18:38:04.110000Z')",S,MPRI,"(1.0, 0.36770162)"
"(2024000325, 2779)","('2024-03-28T18:38:04.560000Z', '2024-03-28T18:38:04.960000Z')",S,CSM,"(1.0, 0.4356107)"
"(2024000325, 2451)","('2024-03-28T18:38:04.880000Z', '2024-03-28T18:38:04.930000Z')",S,BOO,"(1.0, 0.33703396)"
"(2024000325, 2102)","('2024-03-28T18:38:06.950000Z', '2024-03-28T18:38:06.710000Z')",P,ABTA,"(1.0, 0.40552247)"
"(2024000325, 2103)","('2024-03-28T18:38:12.720000Z', '2024-03-28T18:38:12.760000Z')",S,ABTA,"(1.0, 0.4833465)"
"(2024000326, 1602)","('2024-03-28T19:20:57.280000Z', '2024-03-28T19:20:57.350000Z')",P,STAL,"(1.0, 0.5717043)"
"(2024000326, 2665)","('2024-03-28T19:20:57.450000Z', '2024-03-28T19:20:57.450000Z')",P,CLUD,"(1.0, 0.82933104)"
"(2024000326, 2456)","('2024-03-28T19:20:58.690000Z', '2024-03-28T19:20:58.600000Z')",P,BOO,"(1.0, 0.38048306)"
"(2024000326, 2780)","('2024-03-28T19:20:58.730000Z', '2024-03-28T19:20:58.740000Z')",P,CSM,"(1.0, 0.6889119)"
"(2024000326, 1978)","('2024-03-28T19:20:58.780000Z', '2024-03-28T19:20:58.730000Z')",S,PURA,"(1.0, 0.72475517)"
"(2024000326, 2666)","('2024-03-28T19:20:59.260000Z', '2024-03-28T19:20:59.340000Z')",S,CLUD,"(1.0, 0.73888826)"
"(2024000326, 1603)","('2024-03-28T19:20:59.480000Z', '2024-03-28T19:20:59.680000Z')",S,STAL,"(1.0, 0.4924473)"
"(2024000326, 2457)","('2024-03-28T19:21:01.740000Z', '2024-03-28T19:21:01.830000Z')",S,BOO,"(1.0, 0.16384622)"
"(2024000326, 2781)","('2024-03-28T19:21:02.060000Z', '2024-03-28T19:21:02.130000Z')",S,CSM,"(1.0, 0.6207802)"
"(2024000327, 1981)","('2024-03-28T20:11:23.490000Z', '2024-03-28T20:11:23.540000Z')",P,PURA,"(1.0, 0.8378725)"
"(2024000327, 2667)","('2024-03-28T20:11:23.830000Z', '2024-03-28T20:11:23.820000Z')",P,CLUD,"(1.0, 0.8563871)"
"(2024000327, 1604)","('2024-03-28T20:11:24.050000Z', '2024-03-28T20:11:24.040000Z')",P,STAL,"(1.0, 0.81113803)"
"(2024000327, 2854)","('2024-03-28T20:11:24.380000Z', '2024-03-28T20:11:24.440000Z')",P,FUSE,"(1.0, 0.5477417)"
"(2024000327, 3014)","('2024-03-28T20:11:24.820000Z', '2024-03-28T20:11:24.790000Z')",P,MPRI,"(1.0, 0.76566976)"
"(2024000327, 1982)","('2024-03-28T20:11:24.960000Z', '2024-03-28T20:11:25.200000Z')",S,PURA,"(1.0, 0.6367593)"
"(2024000327, 2458)","('2024-03-28T20:11:25.170000Z', '2024-03-28T20:11:25.230000Z')",P,BOO,"(1.0, 0.8702661)"
"(2024000327, 2782)","('2024-03-28T20:11:25.260000Z', '2024-03-28T20:11:25.270000Z')",P,CSM,"(1.0, 0.78725034)"
"(2024000327, 2668)","('2024-03-28T20:11:25.480000Z', '2024-03-28T20:11:25.640000Z')",S,CLUD,"(1.0, 0.59992987)"
"(2024000327, 3508)","('2024-03-28T20:11:25.980000Z', '2024-03-28T20:11:26.100000Z')",P,GEPF,"(1.0, 0.5943714)"
"(2024000327, 3182)","('2024-03-28T20:11:25.990000Z', '2024-03-28T20:11:25.970000Z')",P,ZOU,"(1.0, 0.6972513)"
"(2024000327, 1233)","('2024-03-28T20:11:26.080000Z', '2024-03-28T20:11:26.150000Z')",P,FVI,"(1.0, 0.8350208)"
"(2024000327, 1605)","('2024-03-28T20:11:26.120000Z', '2024-03-28T20:11:26.240000Z')",S,STAL,"(1.0, 0.6180013)"
"(2024000327, 2964)","('2024-03-28T20:11:26.190000Z', '2024-03-28T20:11:26.190000Z')",P,MLN,"(1.0, 0.70024437)"
"(2024000327, 2486)","('2024-03-28T20:11:26.300000Z', '2024-03-28T20:11:26.330000Z')",P,BUA,"(1.0, 0.70561355)"
"(2024000327, 2578)","('2024-03-28T20:11:26.380000Z', '2024-03-28T20:11:26.130000Z')",P,CIMO,"(1.0, 0.5934899)"
"(2024000327, 3062)","('2024-03-28T20:11:27.260000Z', '2024-03-28T20:11:27.280000Z')",P,PLRO,"(1.0, 0.608404)"
"(2024000327, 2391)","('2024-03-28T20:11:27.420000Z', '2024-03-28T20:11:27.510000Z')",P,BAD,"(1.0, 0.7758412)"
"(2024000327, 3015)","('2024-03-28T20:11:27.560000Z', '2024-03-28T20:11:27.540000Z')",S,MPRI,"(1.0, 0.6028091)"
"(2024000327, 2794)","('2024-03-28T20:11:27.900000Z', '2024-03-28T20:11:27.930000Z')",P,CSO,"(1.0, 0.75519276)"
"(2024000327, 1300)","('2024-03-28T20:11:28.340000Z', '2024-03-28T20:11:28.430000Z')",P,PTCC,"(1.0, 0.29540104)"
"(2024000327, 2459)","('2024-03-28T20:11:28.380000Z', '2024-03-28T20:11:28.400000Z')",S,BOO,"(1.0, 0.8045462)"
"(2024000327, 2783)","('2024-03-28T20:11:28.390000Z', '2024-03-28T20:11:28.630000Z')",S,CSM,"(1.0, 0.5326214)"
"(2024000327, 2347)","('2024-03-28T20:11:28.480000Z', '2024-03-28T20:11:28.460000Z')",P,APGO,"(1.0, 0.84281445)"
"(2024000327, 1777)","('2024-03-28T20:11:29.380000Z', '2024-03-28T20:11:29.370000Z')",P,POLC,"(1.0, 0.5992826)"
"(2024000327, 2517)","('2024-03-28T20:11:29.680000Z', '2024-03-28T20:11:29.790000Z')",P,CAE,"(1.0, 0.7306484)"
"(2024000327, 1234)","('2024-03-28T20:11:29.760000Z', '2024-03-28T20:11:29.850000Z')",S,FVI,"(1.0, 0.7514271)"
"(2024000327, 2105)","('2024-03-28T20:11:29.850000Z', '2024-03-28T20:11:29.860000Z')",P,ABTA,"(1.0, 0.7151246)"
"(2024000327, 2710)","('2024-03-28T20:11:29.930000Z', '2024-03-28T20:11:30.030000Z')",P,COLI,"(1.0, 0.790345)"
"(2024000327, 3509)","('2024-03-28T20:11:29.950000Z', '2024-03-28T20:11:30.120000Z')",S,GEPF,"(1.0, 0.5973091)"
"(2024000327, 4866)","('2024-03-28T20:11:30.130000Z', '2024-03-28T20:11:30.220000Z')",P,ROBS,"(1.0, 0.74660856)"
"(2024000327, 2965)","('2024-03-28T20:11:30.570000Z', '2024-03-28T20:11:30.630000Z')",S,MLN,"(1.0, 0.10528449)"
"(2024000327, 3127)","('2024-03-28T20:11:30.630000Z', '2024-03-28T20:11:30.640000Z')",P,TLI,"(1.0, 0.7706195)"
"(2024000327, 2898)","('2024-03-28T20:11:30.960000Z', '2024-03-28T20:11:31.020000Z')",P,LSR,"(1.0, 0.6052188)"
"(2024000327, 3094)","('2024-03-28T20:11:31.210000Z', '2024-03-28T20:11:31.250000Z')",P,PRED,"(1.0, 0.5652786)"
"(2024000327, 2277)","('2024-03-28T20:11:31.650000Z', '2024-03-28T20:11:31.680000Z')",P,ACOM,"(1.0, 0.4392084)"
"(2024000327, 3063)","('2024-03-28T20:11:31.950000Z', '2024-03-28T20:11:32.020000Z')",S,PLRO,"(1.0, 0.23561583)"
"(2024000327, 2392)","('2024-03-28T20:11:32.570000Z', '2024-03-28T20:11:32.760000Z')",S,BAD,"(1.0, 0.2535587)"
"(2024000327, 2106)","('2024-03-28T20:11:35.980000Z', '2024-03-28T20:11:36.200000Z')",S,ABTA,"(1.0, 0.5066366)"
"(2024000327, 2161)","('2024-03-28T20:11:36.990000Z', '2024-03-28T20:11:37.000000Z')",P,KBA,"(1.0, 0.9284054)"
"(2024000327, 2518)","('2024-03-28T20:11:37.300000Z', '2024-03-28T20:11:37.380000Z')",S,CAE,"(1.0, 0.37400085)"
"(2024000327, 2899)","('2024-03-28T20:11:38.720000Z', '2024-03-28T20:11:39.080000Z')",S,LSR,"(1.0, 0.32951635)"
"(2024000327, 3095)","('2024-03-28T20:11:39.240000Z', '2024-03-28T20:11:39.380000Z')",S,PRED,"(1.0, 0.19888453)"
"(2024000327, 2278)","('2024-03-28T20:11:39.420000Z', '2024-03-28T20:11:39.810000Z')",S,ACOM,"(1.0, 0.42772868)"
"(2024000327, 4559)","('2024-03-28T20:11:40.780000Z', '2024-03-28T20:11:40.940000Z')",P,KOSI,"(1.0, 0.27932483)"
"(2024000327, 4542)","('2024-03-28T20:11:42.440000Z', '2024-03-28T20:11:42.230000Z')",P,ABSI,"(1.0, 0.35449806)"
"(2024000327, 4877)","('2024-03-28T20:11:44.050000Z', '2024-03-28T20:11:44.050000Z')",P,SKDS,"(1.0, 0.6474136)"
"(2024000327, 4731)","('2024-03-28T20:11:45.340000Z', '2024-03-28T20:11:45.290000Z')",P,GBAS,"(1.0, 0.5992705)"
"(2024000327, 4966)","('2024-03-28T20:11:45.620000Z', '2024-03-28T20:11:45.730000Z')",P,DOSS,"(1.0, 0.19853902)"
"(2024000327, 5003)","('2024-03-28T20:11:46.020000Z', '2024-03-28T20:11:45.970000Z')",P,OZOL,"(1.0, 0.39732853)"
"(2024000327, 2162)","('2024-03-28T20:11:47.290000Z', '2024-03-28T20:11:47.630000Z')",S,KBA,"(1.0, 0.45384452)"
"(2024000327, 4794)","('2024-03-28T20:11:47.470000Z', '2024-03-28T20:11:47.370000Z')",P,KNDS,"(1.0, 0.30353394)"
"(2024000327, 4579)","('2024-03-28T20:11:48.200000Z', '2024-03-28T20:11:48.240000Z')",P,LUSI,"(1.0, 0.49307522)"
"(2024000327, 4967)","('2024-03-28T20:12:03.930000Z', '2024-03-28T20:12:03.950000Z')",S,DOSS,"(1.0, 0.18332665)"
"(2024000327, 5004)","('2024-03-28T20:12:05.360000Z', '2024-03-28T20:12:05.420000Z')",S,OZOL,"(1.0, 0.48181427)"
"(2024000327, 4580)","('2024-03-28T20:12:07.350000Z', '2024-03-28T20:12:07.280000Z')",S,LUSI,"(1.0, 0.3852195)"
"(2024000328, 1995)","('2024-03-28T21:57:31.710000Z', '2024-03-28T21:57:31.700000Z')",P,PURA,"(1.0, 0.82475185)"
"(2024000328, 1606)","('2024-03-28T21:57:32.070000Z', '2024-03-28T21:57:32.100000Z')",P,STAL,"(1.0, 0.8168755)"
"(2024000328, 2462)","('2024-03-28T21:57:33.350000Z', '2024-03-28T21:57:33.370000Z')",P,BOO,"(1.0, 0.15638052)"
"(2024000328, 1996)","('2024-03-28T21:57:33.460000Z', '2024-03-28T21:57:33.500000Z')",S,PURA,"(1.0, 0.81366)"
"(2024000328, 1607)","('2024-03-28T21:57:34.090000Z', '2024-03-28T21:57:34.070000Z')",S,STAL,"(1.0, 0.6953531)"
"(2024000328, 2669)","('2024-03-28T21:57:34.120000Z', '2024-03-28T21:57:34.110000Z')",S,CLUD,"(1.0, 0.11546259)"
"(2024000328, 3064)","('2024-03-28T21:57:36.220000Z', '2024-03-28T21:57:36.120000Z')",P,PLRO,"(1.0, 0.5196045)"
"(2024000328, 2463)","('2024-03-28T21:57:36.540000Z', '2024-03-28T21:57:36.600000Z')",S,BOO,"(1.0, 0.24084967)"
"(2024000328, 2784)","('2024-03-28T21:57:36.610000Z', '2024-03-28T21:57:36.620000Z')",S,CSM,"(1.0, 0.7074699)"
"(2024000328, 2966)","('2024-03-28T21:57:38.590000Z', '2024-03-28T21:57:38.590000Z')",S,MLN,"(1.0, 0.15965874)"
"(2024000328, 3065)","('2024-03-28T21:57:41.270000Z', '2024-03-28T21:57:41.350000Z')",S,PLRO,"(1.0, 0.44968918)"
"(2024000329, 1997)","('2024-03-28T22:09:28.580000Z', '2024-03-28T22:09:28.580000Z')",P,PURA,"(1.0, 0.8527472)"
"(2024000329, 2670)","('2024-03-28T22:09:28.880000Z', '2024-03-28T22:09:28.850000Z')",P,CLUD,"(1.0, 0.8631388)"
"(2024000329, 1608)","('2024-03-28T22:09:29.080000Z', '2024-03-28T22:09:29.110000Z')",P,STAL,"(1.0, 0.8506162)"
"(2024000329, 3016)","('2024-03-28T22:09:30.030000Z', '2024-03-28T22:09:30.030000Z')",P,MPRI,"(1.0, 0.26852086)"
"(2024000329, 1998)","('2024-03-28T22:09:30.220000Z', '2024-03-28T22:09:30.230000Z')",S,PURA,"(1.0, 0.7237832)"
"(2024000329, 2464)","('2024-03-28T22:09:30.270000Z', '2024-03-28T22:09:30.290000Z')",P,BOO,"(1.0, 0.8496309)"
"(2024000329, 2785)","('2024-03-28T22:09:30.300000Z', '2024-03-28T22:09:30.350000Z')",P,CSM,"(1.0, 0.44535965)"
"(2024000329, 2671)","('2024-03-28T22:09:30.700000Z', '2024-03-28T22:09:30.700000Z')",S,CLUD,"(1.0, 0.6686122)"
"(2024000329, 1609)","('2024-03-28T22:09:31.260000Z', '2024-03-28T22:09:31.280000Z')",S,STAL,"(1.0, 0.68494916)"
"(2024000329, 3017)","('2024-03-28T22:09:32.700000Z', '2024-03-28T22:09:32.610000Z')",S,MPRI,"(1.0, 0.21492866)"
"(2024000329, 2465)","('2024-03-28T22:09:33.400000Z', '2024-03-28T22:09:33.470000Z')",S,BOO,"(1.0, 0.85348135)"
"(2024000329, 2786)","('2024-03-28T22:09:33.530000Z', '2024-03-28T22:09:33.740000Z')",S,CSM,"(1.0, 0.27972478)"
"(2024000330, 1999)","('2024-03-28T22:16:16.830000Z', '2024-03-28T22:16:16.810000Z')",P,PURA,"(1.0, 0.87488437)"
"(2024000330, 1610)","('2024-03-28T22:16:17.200000Z', '2024-03-28T22:16:17.200000Z')",P,STAL,"(1.0, 0.9022857)"
"(2024000330, 2672)","('2024-03-28T22:16:17.200000Z', '2024-03-28T22:16:17.200000Z')",P,CLUD,"(1.0, 0.9013392)"
"(2024000330, 2856)","('2024-03-28T22:16:17.720000Z', '2024-03-28T22:16:17.680000Z')",P,FUSE,"(1.0, 0.83436525)"
"(2024000330, 3018)","('2024-03-28T22:16:18.040000Z', '2024-03-28T22:16:17.990000Z')",P,MPRI,"(1.0, 0.8259578)"
"(2024000330, 2000)","('2024-03-28T22:16:18.460000Z', '2024-03-28T22:16:18.490000Z')",S,PURA,"(1.0, 0.83435667)"
"(2024000330, 2466)","('2024-03-28T22:16:18.510000Z', '2024-03-28T22:16:18.500000Z')",P,BOO,"(1.0, 0.8588096)"
"(2024000330, 2787)","('2024-03-28T22:16:18.560000Z', '2024-03-28T22:16:18.530000Z')",P,CSM,"(1.0, 0.80753213)"
"(2024000330, 2673)","('2024-03-28T22:16:19.090000Z', '2024-03-28T22:16:19.070000Z')",S,CLUD,"(1.0, 0.703749)"
"(2024000330, 2968)","('2024-03-28T22:16:19.310000Z', '2024-03-28T22:16:19.340000Z')",P,MLN,"(1.0, 0.8496509)"
"(2024000330, 2580)","('2024-03-28T22:16:19.320000Z', '2024-03-28T22:16:19.240000Z')",P,CIMO,"(1.0, 0.7999839)"
"(2024000330, 3184)","('2024-03-28T22:16:19.330000Z', '2024-03-28T22:16:19.340000Z')",P,ZOU,"(1.0, 0.82360154)"
"(2024000330, 3510)","('2024-03-28T22:16:19.330000Z', '2024-03-28T22:16:19.400000Z')",P,GEPF,"(1.0, 0.7479582)"
"(2024000330, 1611)","('2024-03-28T22:16:19.370000Z', '2024-03-28T22:16:19.320000Z')",S,STAL,"(1.0, 0.69423956)"
"(2024000330, 1237)","('2024-03-28T22:16:19.400000Z', '2024-03-28T22:16:19.480000Z')",P,FVI,"(1.0, 0.75932866)"
"(2024000330, 2488)","('2024-03-28T22:16:19.560000Z', '2024-03-28T22:16:19.580000Z')",P,BUA,"(1.0, 0.6943091)"
"(2024000330, 2857)","('2024-03-28T22:16:20.250000Z', '2024-03-28T22:16:20.420000Z')",S,FUSE,"(1.0, 0.3719712)"
"(2024000330, 3066)","('2024-03-28T22:16:20.590000Z', '2024-03-28T22:16:20.610000Z')",P,PLRO,"(1.0, 0.8075657)"
"(2024000330, 3019)","('2024-03-28T22:16:20.770000Z', '2024-03-28T22:16:20.820000Z')",S,MPRI,"(1.0, 0.60034317)"
"(2024000330, 2395)","('2024-03-28T22:16:20.790000Z', '2024-03-28T22:16:20.820000Z')",P,BAD,"(1.0, 0.82040584)"
"(2024000330, 2796)","('2024-03-28T22:16:20.890000Z', '2024-03-28T22:16:20.880000Z')",P,CSO,"(1.0, 0.37954497)"
"(2024000330, 2349)","('2024-03-28T22:16:21.520000Z', '2024-03-28T22:16:21.540000Z')",P,APGO,"(1.0, 0.83862597)"
"(2024000330, 2467)","('2024-03-28T22:16:21.660000Z', '2024-03-28T22:16:21.770000Z')",S,BOO,"(1.0, 0.6012416)"
"(2024000330, 2788)","('2024-03-28T22:16:21.840000Z', '2024-03-28T22:16:21.910000Z')",S,CSM,"(1.0, 0.49863753)"
"(2024000330, 1303)","('2024-03-28T22:16:21.850000Z', '2024-03-28T22:16:21.860000Z')",P,PTCC,"(1.0, 0.75001365)"
"(2024000330, 1779)","('2024-03-28T22:16:22.470000Z', '2024-03-28T22:16:22.530000Z')",P,POLC,"(1.0, 0.7534538)"
"(2024000330, 2519)","('2024-03-28T22:16:22.780000Z', '2024-03-28T22:16:22.890000Z')",P,CAE,"(1.0, 0.7854188)"
"(2024000330, 3185)","('2024-03-28T22:16:23.000000Z', '2024-03-28T22:16:23.050000Z')",S,ZOU,"(1.0, 0.653299)"
"(2024000330, 1238)","('2024-03-28T22:16:23.070000Z', '2024-03-28T22:16:23.230000Z')",S,FVI,"(1.0, 0.64897764)"
"(2024000330, 2112)","('2024-03-28T22:16:23.230000Z', '2024-03-28T22:16:23.210000Z')",P,ABTA,"(1.0, 0.55487263)"
"(2024000330, 3511)","('2024-03-28T22:16:23.380000Z', '2024-03-28T22:16:23.540000Z')",S,GEPF,"(1.0, 0.44169527)"
"(2024000330, 2716)","('2024-03-28T22:16:23.420000Z', '2024-03-28T22:16:23.370000Z')",P,COLI,"(1.0, 0.75725)"
"(2024000330, 4868)","('2024-03-28T22:16:23.600000Z', '2024-03-28T22:16:23.560000Z')",P,ROBS,"(1.0, 0.7607283)"
"(2024000330, 3130)","('2024-03-28T22:16:23.850000Z', '2024-03-28T22:16:23.860000Z')",P,TLI,"(1.0, 0.59096754)"
"(2024000330, 2489)","('2024-03-28T22:16:24.250000Z', '2024-03-28T22:16:24.350000Z')",S,BUA,"(1.0, 0.27449623)"
"(2024000330, 2900)","('2024-03-28T22:16:24.300000Z', '2024-03-28T22:16:24.250000Z')",P,LSR,"(1.0, 0.66481405)"
"(2024000330, 3096)","('2024-03-28T22:16:24.450000Z', '2024-03-28T22:16:24.460000Z')",P,PRED,"(1.0, 0.6798703)"
"(2024000330, 2279)","('2024-03-28T22:16:25.030000Z', '2024-03-28T22:16:24.990000Z')",P,ACOM,"(1.0, 0.49341768)"
"(2024000330, 3067)","('2024-03-28T22:16:25.380000Z', '2024-03-28T22:16:25.460000Z')",S,PLRO,"(1.0, 0.69266474)"
"(2024000330, 2822)","('2024-03-28T22:16:25.450000Z', '2024-03-28T22:16:25.770000Z')",P,DRE,"(1.0, 0.57119673)"
"(2024000330, 2396)","('2024-03-28T22:16:26.060000Z', '2024-03-28T22:16:26.240000Z')",S,BAD,"(1.0, 0.50907546)"
"(2024000330, 2350)","('2024-03-28T22:16:27.540000Z', '2024-03-28T22:16:27.430000Z')",S,APGO,"(1.0, 0.5361402)"
"(2024000330, 2113)","('2024-03-28T22:16:29.400000Z', '2024-03-28T22:16:29.470000Z')",S,ABTA,"(1.0, 0.5706804)"
"(2024000330, 1780)","('2024-03-28T22:16:29.700000Z', '2024-03-28T22:16:29.560000Z')",S,POLC,"(1.0, 0.3626783)"
"(2024000330, 2520)","('2024-03-28T22:16:30.290000Z', '2024-03-28T22:16:30.430000Z')",S,CAE,"(1.0, 0.33305335)"
"(2024000330, 2163)","('2024-03-28T22:16:30.420000Z', '2024-03-28T22:16:30.370000Z')",P,KBA,"(1.0, 0.77181494)"
"(2024000330, 2717)","('2024-03-28T22:16:30.980000Z', '2024-03-28T22:16:31.000000Z')",S,COLI,"(1.0, 0.54550505)"
"(2024000330, 3131)","('2024-03-28T22:16:31.640000Z', '2024-03-28T22:16:31.720000Z')",S,TLI,"(1.0, 0.5130673)"
"(2024000330, 2901)","('2024-03-28T22:16:32.370000Z', '2024-03-28T22:16:32.490000Z')",S,LSR,"(1.0, 0.5242388)"
"(2024000330, 3097)","('2024-03-28T22:16:32.390000Z', '2024-03-28T22:16:32.490000Z')",S,PRED,"(1.0, 0.5834714)"
"(2024000330, 2280)","('2024-03-28T22:16:32.830000Z', '2024-03-28T22:16:33.120000Z')",S,ACOM,"(1.0, 0.5146054)"
"(2024000330, 4561)","('2024-03-28T22:16:34.020000Z', '2024-03-28T22:16:34.010000Z')",P,KOSI,"(1.0, 0.39222744)"
"(2024000330, 4544)","('2024-03-28T22:16:35.950000Z', '2024-03-28T22:16:36.000000Z')",P,ABSI,"(1.0, 0.902888)"
"(2024000330, 4797)","('2024-03-28T22:16:40.600000Z', '2024-03-28T22:16:41.050000Z')",P,KNDS,"(1.0, 0.10181436)"
"(2024000330, 2164)","('2024-03-28T22:16:40.830000Z', '2024-03-28T22:16:40.970000Z')",S,KBA,"(1.0, 0.50962335)"
"(2024000330, 4798)","('2024-03-28T22:17:00.270000Z', '2024-03-28T22:17:00.270000Z')",S,KNDS,"(1.0, 0.53728515)"
"(2024000331, 1549)","('2024-03-29T01:48:30.240000Z', '2024-03-29T01:48:30.260000Z')",P,PURA,"(1.0, 0.83233315)"
"(2024000331, 1904)","('2024-03-29T01:48:30.470000Z', '2024-03-29T01:48:30.470000Z')",P,CLUD,"(1.0, 0.8062186)"
"(2024000331, 1404)","('2024-03-29T01:48:30.750000Z', '2024-03-29T01:48:30.780000Z')",P,STAL,"(1.0, 0.8098664)"
"(2024000331, 1872)","('2024-03-29T01:48:31.930000Z', '2024-03-29T01:48:31.920000Z')",P,BOO,"(1.0, 0.8562358)"
"(2024000331, 1946)","('2024-03-29T01:48:32.090000Z', '2024-03-29T01:48:32.160000Z')",P,CSM,"(1.0, 0.5571469)"
"(2024000331, 1905)","('2024-03-29T01:48:32.180000Z', '2024-03-29T01:48:32.350000Z')",S,CLUD,"(1.0, 0.5440533)"
"(2024000331, 1405)","('2024-03-29T01:48:32.670000Z', '2024-03-29T01:48:32.970000Z')",S,STAL,"(1.0, 0.6277969)"
"(2024000331, 1639)","('2024-03-29T01:48:34.430000Z', '2024-03-29T01:48:34.440000Z')",P,VINO,"(1.0, 0.19803225)"
"(2024000331, 1873)","('2024-03-29T01:48:34.590000Z', '2024-03-29T01:48:35.050000Z')",S,BOO,"(1.0, 0.73616815)"
"(2024000331, 1947)","('2024-03-29T01:48:34.800000Z', '2024-03-29T01:48:35.050000Z')",S,CSM,"(1.0, 0.6398422)"
"(2024000331, 1652)","('2024-03-29T01:48:36.830000Z', '2024-03-29T01:48:36.790000Z')",P,ABTA,"(1.0, 0.12805332)"
"(2024000331, 1764)","('2024-03-29T01:48:39.320000Z', '2024-03-29T01:48:39.650000Z')",S,BAD,"(1.0, 0.1943811)"
"(2024000332, 1555)","('2024-03-29T02:51:48.500000Z', '2024-03-29T02:51:48.510000Z')",P,PURA,"(1.0, 0.8618968)"
"(2024000332, 1908)","('2024-03-29T02:51:48.750000Z', '2024-03-29T02:51:48.750000Z')",P,CLUD,"(1.0, 0.8806269)"
"(2024000332, 1408)","('2024-03-29T02:51:49.010000Z', '2024-03-29T02:51:49.050000Z')",P,STAL,"(1.0, 0.865955)"
"(2024000332, 2068)","('2024-03-29T02:51:49.760000Z', '2024-03-29T02:51:49.630000Z')",P,MPRI,"(1.0, 0.6703029)"
"(2024000332, 1556)","('2024-03-29T02:51:49.980000Z', '2024-03-29T02:51:50.110000Z')",S,PURA,"(1.0, 0.5804996)"
"(2024000332, 1874)","('2024-03-29T02:51:50.160000Z', '2024-03-29T02:51:50.140000Z')",P,BOO,"(1.0, 0.8031813)"
"(2024000332, 1949)","('2024-03-29T02:51:50.610000Z', '2024-03-29T02:51:50.440000Z')",P,CSM,"(1.0, 0.4175066)"
"(2024000332, 1909)","('2024-03-29T02:51:50.620000Z', '2024-03-29T02:51:50.540000Z')",S,CLUD,"(1.0, 0.6179207)"
"(2024000332, 2117)","('2024-03-29T02:51:50.910000Z', '2024-03-29T02:51:50.960000Z')",P,ZOU,"(1.0, 0.65943825)"
"(2024000332, 1409)","('2024-03-29T02:51:51.090000Z', '2024-03-29T02:51:51.280000Z')",S,STAL,"(1.0, 0.54917425)"
"(2024000332, 1066)","('2024-03-29T02:51:51.190000Z', '2024-03-29T02:51:51.110000Z')",P,FVI,"(1.0, 0.83809716)"
"(2024000332, 2063)","('2024-03-29T02:51:51.520000Z', '2024-03-29T02:51:51.700000Z')",P,MLN,"(1.0, 0.5543751)"
"(2024000332, 2069)","('2024-03-29T02:51:52.410000Z', '2024-03-29T02:51:52.490000Z')",S,MPRI,"(1.0, 0.48481363)"
"(2024000332, 1875)","('2024-03-29T02:51:53.230000Z', '2024-03-29T02:51:53.300000Z')",S,BOO,"(1.0, 0.83037436)"
"(2024000332, 1950)","('2024-03-29T02:51:53.340000Z', '2024-03-29T02:51:53.340000Z')",S,CSM,"(1.0, 0.45772386)"
"(2024000332, 2118)","('2024-03-29T02:51:54.480000Z', '2024-03-29T02:51:54.520000Z')",S,ZOU,"(1.0, 0.6779929)"
"(2024000332, 1655)","('2024-03-29T02:51:54.900000Z', '2024-03-29T02:51:55.010000Z')",P,ABTA,"(1.0, 0.4858385)"
"(2024000332, 1067)","('2024-03-29T02:51:55.050000Z', '2024-03-29T02:51:55.100000Z')",S,FVI,"(1.0, 0.68683785)"
"(2024000332, 2064)","('2024-03-29T02:51:56.300000Z', '2024-03-29T02:51:56.440000Z')",S,MLN,"(1.0, 0.321975)"
"(2024000332, 1656)","('2024-03-29T02:52:01.310000Z', '2024-03-29T02:52:01.290000Z')",S,ABTA,"(1.0, 0.5043103)"
"(2024000333, 1557)","('2024-03-29T03:46:40.660000Z', '2024-03-29T03:46:40.680000Z')",P,PURA,"(1.0, 0.7766912)"
"(2024000333, 1910)","('2024-03-29T03:46:40.930000Z', '2024-03-29T03:46:40.980000Z')",P,CLUD,"(1.0, 0.9069961)"
"(2024000333, 1411)","('2024-03-29T03:46:41.200000Z', '2024-03-29T03:46:41.220000Z')",P,STAL,"(1.0, 0.8284803)"
"(2024000333, 1979)","('2024-03-29T03:46:41.450000Z', '2024-03-29T03:46:41.440000Z')",P,FUSE,"(1.0, 0.59876174)"
"(2024000333, 2073)","('2024-03-29T03:46:41.910000Z', '2024-03-29T03:46:41.930000Z')",P,MPRI,"(1.0, 0.8693721)"
"(2024000333, 1558)","('2024-03-29T03:46:42.180000Z', '2024-03-29T03:46:42.350000Z')",S,PURA,"(1.0, 0.65472305)"
"(2024000333, 1876)","('2024-03-29T03:46:42.340000Z', '2024-03-29T03:46:42.330000Z')",P,BOO,"(1.0, 0.859928)"
"(2024000333, 1951)","('2024-03-29T03:46:42.390000Z', '2024-03-29T03:46:42.370000Z')",P,CSM,"(1.0, 0.6677266)"
"(2024000333, 1911)","('2024-03-29T03:46:42.700000Z', '2024-03-29T03:46:42.770000Z')",S,CLUD,"(1.0, 0.7728191)"
"(2024000333, 2533)","('2024-03-29T03:46:43.080000Z', '2024-03-29T03:46:43.180000Z')",P,GEPF,"(1.0, 0.63899195)"
"(2024000333, 2119)","('2024-03-29T03:46:43.120000Z', '2024-03-29T03:46:43.110000Z')",P,ZOU,"(1.0, 0.7995862)"
"(2024000333, 1068)","('2024-03-29T03:46:43.200000Z', '2024-03-29T03:46:43.260000Z')",P,FVI,"(1.0, 0.844396)"
"(2024000333, 1898)","('2024-03-29T03:46:43.340000Z', '2024-03-29T03:46:43.400000Z')",P,CIMO,"(1.0, 0.5381699)"
"(2024000333, 2065)","('2024-03-29T03:46:43.400000Z', '2024-03-29T03:46:43.450000Z')",P,MLN,"(1.0, 0.6071385)"
"(2024000333, 1884)","('2024-03-29T03:46:43.420000Z', '2024-03-29T03:46:43.440000Z')",P,BUA,"(1.0, 0.81948185)"
"(2024000333, 1412)","('2024-03-29T03:46:43.430000Z', '2024-03-29T03:46:43.570000Z')",S,STAL,"(1.0, 0.57081527)"
"(2024000333, 1980)","('2024-03-29T03:46:43.610000Z', '2024-03-29T03:46:43.740000Z')",S,FUSE,"(1.0, 0.44662172)"
"(2024000333, 2087)","('2024-03-29T03:46:44.390000Z', '2024-03-29T03:46:44.400000Z')",P,PLRO,"(1.0, 0.74682415)"
"(2024000333, 1767)","('2024-03-29T03:46:44.540000Z', '2024-03-29T03:46:44.560000Z')",P,BAD,"(1.0, 0.7227702)"
"(2024000333, 2074)","('2024-03-29T03:46:44.730000Z', '2024-03-29T03:46:44.630000Z')",S,MPRI,"(1.0, 0.47097006)"
"(2024000333, 1967)","('2024-03-29T03:46:45.150000Z', '2024-03-29T03:46:45.210000Z')",P,CSO,"(1.0, 0.7238345)"
"(2024000333, 1119)","('2024-03-29T03:46:45.380000Z', '2024-03-29T03:46:45.380000Z')",P,PTCC,"(1.0, 0.557853)"
"(2024000333, 1877)","('2024-03-29T03:46:45.410000Z', '2024-03-29T03:46:45.470000Z')",S,BOO,"(1.0, 0.82617146)"
"(2024000333, 1952)","('2024-03-29T03:46:45.440000Z', '2024-03-29T03:46:45.720000Z')",S,CSM,"(1.0, 0.29373825)"
"(2024000333, 1754)","('2024-03-29T03:46:45.640000Z', '2024-03-29T03:46:45.610000Z')",P,APGO,"(1.0, 0.77873254)"
"(2024000333, 2120)","('2024-03-29T03:46:46.580000Z', '2024-03-29T03:46:46.690000Z')",S,ZOU,"(1.0, 0.59341305)"
"(2024000333, 1539)","('2024-03-29T03:46:46.640000Z', '2024-03-29T03:46:46.640000Z')",P,POLC,"(1.0, 0.6063869)"
"(2024000333, 1069)","('2024-03-29T03:46:46.940000Z', '2024-03-29T03:46:46.960000Z')",S,FVI,"(1.0, 0.6347603)"
"(2024000333, 1886)","('2024-03-29T03:46:46.960000Z', '2024-03-29T03:46:47.030000Z')",P,CAE,"(1.0, 0.6229679)"
"(2024000333, 1657)","('2024-03-29T03:46:47.030000Z', '2024-03-29T03:46:47.000000Z')",P,ABTA,"(1.0, 0.81300837)"
"(2024000333, 1941)","('2024-03-29T03:46:47.070000Z', '2024-03-29T03:46:47.090000Z')",P,COLI,"(1.0, 0.7576125)"
"(2024000333, 2534)","('2024-03-29T03:46:47.080000Z', '2024-03-29T03:46:47.220000Z')",S,GEPF,"(1.0, 0.53633106)"
"(2024000333, 3988)","('2024-03-29T03:46:47.240000Z', '2024-03-29T03:46:47.240000Z')",P,ROBS,"(1.0, 0.7261147)"
"(2024000333, 1899)","('2024-03-29T03:46:47.670000Z', '2024-03-29T03:46:47.550000Z')",S,CIMO,"(1.0, 0.21646532)"
"(2024000333, 2066)","('2024-03-29T03:46:47.730000Z', '2024-03-29T03:46:48.050000Z')",S,MLN,"(1.0, 0.26742318)"
"(2024000333, 2103)","('2024-03-29T03:46:47.780000Z', '2024-03-29T03:46:47.780000Z')",P,TLI,"(1.0, 0.78532237)"
"(2024000333, 1885)","('2024-03-29T03:46:47.940000Z', '2024-03-29T03:46:48.300000Z')",S,BUA,"(1.0, 0.49707147)"
"(2024000333, 2045)","('2024-03-29T03:46:48.100000Z', '2024-03-29T03:46:48.180000Z')",P,LSR,"(1.0, 0.70510375)"
"(2024000333, 1744)","('2024-03-29T03:46:48.120000Z', '2024-03-29T03:46:48.250000Z')",P,AFL,"(1.0, 0.50497544)"
"(2024000333, 2093)","('2024-03-29T03:46:48.360000Z', '2024-03-29T03:46:48.220000Z')",P,PRED,"(1.0, 0.54796165)"
"(2024000333, 1739)","('2024-03-29T03:46:48.710000Z', '2024-03-29T03:46:48.920000Z')",P,ACOM,"(1.0, 0.67078006)"
"(2024000333, 2088)","('2024-03-29T03:46:49.090000Z', '2024-03-29T03:46:49.120000Z')",S,PLRO,"(1.0, 0.45990786)"
"(2024000333, 1768)","('2024-03-29T03:46:49.670000Z', '2024-03-29T03:46:49.720000Z')",S,BAD,"(1.0, 0.34701496)"
"(2024000333, 3579)","('2024-03-29T03:46:50.050000Z', '2024-03-29T03:46:50.040000Z')",P,CADS,"(1.0, 0.59413224)"
"(2024000333, 2097)","('2024-03-29T03:46:51.030000Z', '2024-03-29T03:46:51.170000Z')",P,SABO,"(1.0, 0.49716532)"
"(2024000333, 1755)","('2024-03-29T03:46:51.520000Z', '2024-03-29T03:46:51.480000Z')",S,APGO,"(1.0, 0.33789897)"
"(2024000333, 1120)","('2024-03-29T03:46:51.530000Z', '2024-03-29T03:46:51.640000Z')",S,PTCC,"(1.0, 0.3081683)"
"(2024000333, 1658)","('2024-03-29T03:46:53.170000Z', '2024-03-29T03:46:53.470000Z')",S,ABTA,"(1.0, 0.5590556)"
"(2024000333, 4030)","('2024-03-29T03:46:53.240000Z', '2024-03-29T03:46:53.220000Z')",P,VOJS,"(1.0, 0.68507683)"
"(2024000333, 3934)","('2024-03-29T03:46:53.580000Z', '2024-03-29T03:46:53.290000Z')",P,GORS,"(1.0, 0.28928652)"
"(2024000333, 1679)","('2024-03-29T03:46:54.180000Z', '2024-03-29T03:46:54.130000Z')",P,KBA,"(1.0, 0.6087161)"
"(2024000333, 1942)","('2024-03-29T03:46:54.540000Z', '2024-03-29T03:46:54.770000Z')",S,COLI,"(1.0, 0.48226872)"
"(2024000333, 1745)","('2024-03-29T03:46:55.140000Z', '2024-03-29T03:46:55.570000Z')",S,AFL,"(1.0, 0.49474877)"
"(2024000333, 2104)","('2024-03-29T03:46:55.380000Z', '2024-03-29T03:46:55.770000Z')",S,TLI,"(1.0, 0.3741198)"
"(2024000333, 1030)","('2024-03-29T03:46:55.750000Z', '2024-03-29T03:46:56.140000Z')",P,CTI,"(1.0, 0.121555455)"
"(2024000333, 2046)","('2024-03-29T03:46:56.180000Z', '2024-03-29T03:46:56.250000Z')",S,LSR,"(1.0, 0.5171173)"
"(2024000333, 1740)","('2024-03-29T03:46:56.770000Z', '2024-03-29T03:46:56.920000Z')",S,ACOM,"(1.0, 0.44776124)"
"(2024000333, 3552)","('2024-03-29T03:46:58.100000Z', '2024-03-29T03:46:58.040000Z')",P,KOSI,"(1.0, 0.6710312)"
"(2024000333, 3544)","('2024-03-29T03:46:59.620000Z', '2024-03-29T03:46:59.510000Z')",P,ABSI,"(1.0, 0.30637574)"
"(2024000333, 963)","('2024-03-29T03:47:00.070000Z', '2024-03-29T03:46:59.920000Z')",P,APPI,"(1.0, 0.6779819)"
"(2024000333, 3580)","('2024-03-29T03:47:00.750000Z', '2024-03-29T03:47:00.730000Z')",S,CADS,"(1.0, 0.46704426)"
"(2024000333, 3994)","('2024-03-29T03:47:01.240000Z', '2024-03-29T03:47:01.070000Z')",P,SKDS,"(1.0, 0.23692852)"
"(2024000333, 3913)","('2024-03-29T03:47:02.320000Z', '2024-03-29T03:47:02.290000Z')",P,GBAS,"(1.0, 0.26062715)"
"(2024000333, 1680)","('2024-03-29T03:47:04.570000Z', '2024-03-29T03:47:04.700000Z')",S,KBA,"(1.0, 0.4690743)"
"(2024000333, 4064)","('2024-03-29T03:47:04.880000Z', '2024-03-29T03:47:05.000000Z')",P,GAGG,"(1.0, 0.15296774)"
"(2024000333, 4031)","('2024-03-29T03:47:06.540000Z', '2024-03-29T03:47:06.640000Z')",S,VOJS,"(1.0, 0.32401672)"
"(2024000333, 1673)","('2024-03-29T03:47:08.360000Z', '2024-03-29T03:47:08.010000Z')",P,FETA,"(1.0, 0.5469025)"
"(2024000333, 1083)","('2024-03-29T03:47:09.550000Z', '2024-03-29T03:47:09.970000Z')",P,MAGA,"(1.0, 0.10317871)"
"(2024000333, 3645)","('2024-03-29T03:47:22.370000Z', '2024-03-29T03:47:22.140000Z')",S,CEY,"(1.0, 0.19650447)"
"(2024000333, 4073)","('2024-03-29T03:47:22.590000Z', '2024-03-29T03:47:22.790000Z')",S,OZOL,"(1.0, 0.2877593)"
"(2024000334, 1570)","('2024-03-29T06:55:23.160000Z', '2024-03-29T06:55:23.140000Z')",P,PURA,"(1.0, 0.8931547)"
"(2024000334, 1912)","('2024-03-29T06:55:23.530000Z', '2024-03-29T06:55:23.520000Z')",P,CLUD,"(1.0, 0.896123)"
"(2024000334, 1415)","('2024-03-29T06:55:23.580000Z', '2024-03-29T06:55:23.590000Z')",P,STAL,"(1.0, 0.90082526)"
"(2024000334, 1981)","('2024-03-29T06:55:24.170000Z', '2024-03-29T06:55:24.020000Z')",P,FUSE,"(1.0, 0.20296437)"
"(2024000334, 1880)","('2024-03-29T06:55:24.860000Z', '2024-03-29T06:55:24.860000Z')",P,BOO,"(1.0, 0.87846506)"
"(2024000334, 1571)","('2024-03-29T06:55:24.880000Z', '2024-03-29T06:55:24.840000Z')",S,PURA,"(1.0, 0.8215744)"
"(2024000334, 1954)","('2024-03-29T06:55:25.020000Z', '2024-03-29T06:55:24.890000Z')",P,CSM,"(1.0, 0.49031225)"
"(2024000334, 1913)","('2024-03-29T06:55:25.350000Z', '2024-03-29T06:55:25.450000Z')",S,CLUD,"(1.0, 0.7380584)"
"(2024000334, 1416)","('2024-03-29T06:55:25.750000Z', '2024-03-29T06:55:25.870000Z')",S,STAL,"(1.0, 0.6790823)"
"(2024000334, 1982)","('2024-03-29T06:55:26.510000Z', '2024-03-29T06:55:26.480000Z')",S,FUSE,"(1.0, 0.21671225)"
"(2024000334, 2091)","('2024-03-29T06:55:27.070000Z', '2024-03-29T06:55:27.020000Z')",P,PLRO,"(1.0, 0.57801133)"
"(2024000334, 1769)","('2024-03-29T06:55:27.180000Z', '2024-03-29T06:55:27.200000Z')",P,BAD,"(1.0, 0.7954247)"
"(2024000334, 1955)","('2024-03-29T06:55:27.920000Z', '2024-03-29T06:55:28.090000Z')",S,CSM,"(1.0, 0.30538484)"
"(2024000334, 1881)","('2024-03-29T06:55:28.080000Z', '2024-03-29T06:55:28.120000Z')",S,BOO,"(1.0, 0.8175465)"
"(2024000334, 2092)","('2024-03-29T06:55:31.670000Z', '2024-03-29T06:55:31.780000Z')",S,PLRO,"(1.0, 0.70813465)"
"(2024000334, 1770)","('2024-03-29T06:55:32.530000Z', '2024-03-29T06:55:32.590000Z')",S,BAD,"(1.0, 0.6019816)"
"(2024000335, 1572)","('2024-03-29T07:18:46.830000Z', '2024-03-29T07:18:46.820000Z')",P,PURA,"(1.0, 0.8290862)"
"(2024000335, 1417)","('2024-03-29T07:18:47.300000Z', '2024-03-29T07:18:47.330000Z')",P,STAL,"(1.0, 0.85712916)"
"(2024000335, 1573)","('2024-03-29T07:18:48.390000Z', '2024-03-29T07:18:48.480000Z')",S,PURA,"(1.0, 0.8072957)"
"(2024000336, 1603)","('2024-03-29T14:08:22.630000Z', '2024-03-29T14:08:22.680000Z')",P,PURA,"(1.0, 0.8437244)"
"(2024000336, 1918)","('2024-03-29T14:08:23.040000Z', '2024-03-29T14:08:22.970000Z')",P,CLUD,"(1.0, 0.8289443)"
"(2024000336, 1429)","('2024-03-29T14:08:23.070000Z', '2024-03-29T14:08:23.110000Z')",P,STAL,"(1.0, 0.8508706)"
"(2024000336, 1604)","('2024-03-29T14:08:24.060000Z', '2024-03-29T14:08:24.270000Z')",S,PURA,"(1.0, 0.8018516)"
"(2024000336, 1919)","('2024-03-29T14:08:24.520000Z', '2024-03-29T14:08:24.860000Z')",S,CLUD,"(1.0, 0.7334714)"
"(2024000336, 1430)","('2024-03-29T14:08:25.280000Z', '2024-03-29T14:08:25.480000Z')",S,STAL,"(1.0, 0.5834784)"
"(2024000337, 2060)","('2024-03-29T17:40:28.690000Z', '2024-03-29T17:40:28.690000Z')",P,MGBU,"(1.0, 0.8908101)"
"(2024000337, 2061)","('2024-03-29T17:40:30.160000Z', '2024-03-29T17:40:30.370000Z')",S,MGBU,"(1.0, 0.74312496)"
"(2024000337, 1896)","('2024-03-29T17:40:30.740000Z', '2024-03-29T17:40:30.700000Z')",P,CEKR,"(1.0, 0.726346)"
"(2024000337, 2083)","('2024-03-29T17:40:30.780000Z', '2024-03-29T17:40:30.780000Z')",P,MTLO,"(1.0, 0.8350304)"
"(2024000337, 1035)","('2024-03-29T17:40:31.100000Z', '2024-03-29T17:40:31.020000Z')",P,CTI,"(1.0, 0.100417405)"
"(2024000337, 1897)","('2024-03-29T17:40:33.420000Z', '2024-03-29T17:40:33.510000Z')",S,CEKR,"(1.0, 0.72940046)"
"(2024000337, 2084)","('2024-03-29T17:40:34.300000Z', '2024-03-29T17:40:34.520000Z')",S,MTLO,"(1.0, 0.62850565)"
"(2024000337, 1036)","('2024-03-29T17:40:35.010000Z', '2024-03-29T17:40:35.000000Z')",S,CTI,"(1.0, 0.16013776)"
"(2024000337, 4092)","('2024-03-29T17:40:35.360000Z', '2024-03-29T17:40:35.390000Z')",P,ZIAN,"(1.0, 0.80573803)"
"(2024000337, 4093)","('2024-03-29T17:40:41.130000Z', '2024-03-29T17:40:41.440000Z')",S,ZIAN,"(1.0, 0.38745928)"
"(2024000338, 1633)","('2024-03-29T23:31:47.260000Z', '2024-03-29T23:31:47.280000Z')",P,PURA,"(1.0, 0.8944885)"
"(2024000338, 1935)","('2024-03-29T23:31:47.530000Z', '2024-03-29T23:31:47.540000Z')",P,CLUD,"(1.0, 0.8647333)"
"(2024000338, 1439)","('2024-03-29T23:31:47.580000Z', '2024-03-29T23:31:47.700000Z')",P,STAL,"(1.0, 0.8266374)"
"(2024000338, 1634)","('2024-03-29T23:31:48.650000Z', '2024-03-29T23:31:48.960000Z')",S,PURA,"(1.0, 0.7775696)"
"(2024000338, 1965)","('2024-03-29T23:31:49.090000Z', '2024-03-29T23:31:49.310000Z')",P,CSM,"(1.0, 0.28863522)"
"(2024000338, 1936)","('2024-03-29T23:31:49.140000Z', '2024-03-29T23:31:49.410000Z')",S,CLUD,"(1.0, 0.7686313)"
"(2024000338, 1440)","('2024-03-29T23:31:49.600000Z', '2024-03-29T23:31:49.880000Z')",S,STAL,"(1.0, 0.766745)"
"(2024000338, 1966)","('2024-03-29T23:31:51.940000Z', '2024-03-29T23:31:52.180000Z')",S,CSM,"(1.0, 0.4914873)"
"(2024000339, 1848)","('2024-03-30T00:47:35.950000Z', '2024-03-30T00:47:36.010000Z')",P,PURA,"(1.0, 0.9212322)"
"(2024000339, 2144)","('2024-03-30T00:47:36.320000Z', '2024-03-30T00:47:36.350000Z')",P,CLUD,"(1.0, 0.7903797)"
"(2024000339, 1566)","('2024-03-30T00:47:36.420000Z', '2024-03-30T00:47:36.010000Z')",P,STAL,"(1.0, 0.5695652)"
"(2024000339, 2229)","('2024-03-30T00:47:37.020000Z', '2024-03-30T00:47:37.020000Z')",P,FUSE,"(1.0, 0.85026705)"
"(2024000339, 2346)","('2024-03-30T00:47:37.230000Z', '2024-03-30T00:47:37.030000Z')",P,MPRI,"(1.0, 0.7994946)"
"(2024000339, 2098)","('2024-03-30T00:47:37.670000Z', '2024-03-30T00:47:37.730000Z')",P,BOO,"(1.0, 0.5426158)"
"(2024000339, 2193)","('2024-03-30T00:47:37.730000Z', '2024-03-30T00:47:38.010000Z')",P,CSM,"(1.0, 0.84015226)"
"(2024000339, 1849)","('2024-03-30T00:47:37.890000Z', '2024-03-30T00:47:37.940000Z')",S,PURA,"(1.0, 0.7101406)"
"(2024000339, 2145)","('2024-03-30T00:47:38.380000Z', '2024-03-30T00:47:38.340000Z')",S,CLUD,"(1.0, 0.82643193)"
"(2024000339, 1567)","('2024-03-30T00:47:38.580000Z', '2024-03-30T00:47:38.740000Z')",S,STAL,"(1.0, 0.5099379)"
"(2024000339, 2638)","('2024-03-30T00:47:38.590000Z', '2024-03-30T00:47:38.530000Z')",P,GEPF,"(1.0, 0.2521005)"
"(2024000339, 1035)","('2024-03-30T00:47:38.680000Z', '2024-03-30T00:47:38.770000Z')",P,FVI,"(1.0, 0.6763103)"
"(2024000339, 2230)","('2024-03-30T00:47:39.320000Z', '2024-03-30T00:47:39.270000Z')",S,FUSE,"(1.0, 0.66507685)"
"(2024000339, 2044)","('2024-03-30T00:47:39.980000Z', '2024-03-30T00:47:40.000000Z')",P,BAD,"(1.0, 0.8612195)"
"(2024000339, 2347)","('2024-03-30T00:47:40.020000Z', '2024-03-30T00:47:39.980000Z')",S,MPRI,"(1.0, 0.7402234)"
"(2024000339, 2099)","('2024-03-30T00:47:40.780000Z', '2024-03-30T00:47:40.820000Z')",S,BOO,"(1.0, 0.77325433)"
"(2024000339, 2194)","('2024-03-30T00:47:40.900000Z', '2024-03-30T00:47:41.190000Z')",S,CSM,"(1.0, 0.3522207)"
"(2024000339, 2639)","('2024-03-30T00:47:42.320000Z', '2024-03-30T00:47:42.700000Z')",S,GEPF,"(1.0, 0.10173067)"
"(2024000339, 1036)","('2024-03-30T00:47:42.540000Z', '2024-03-30T00:47:42.580000Z')",S,FVI,"(1.0, 0.623597)"
"(2024000339, 1953)","('2024-03-30T00:47:42.930000Z', '2024-03-30T00:47:42.950000Z')",P,ABTA,"(1.0, 0.7115436)"
"(2024000339, 2045)","('2024-03-30T00:47:45.200000Z', '2024-03-30T00:47:45.310000Z')",S,BAD,"(1.0, 0.6156051)"
"(2024000339, 1954)","('2024-03-30T00:47:48.690000Z', '2024-03-30T00:47:48.830000Z')",S,ABTA,"(1.0, 0.53708327)"
"(2024000340, 1850)","('2024-03-30T00:48:12.860000Z', '2024-03-30T00:48:12.840000Z')",P,PURA,"(1.0, 0.92199737)"
"(2024000340, 2146)","('2024-03-30T00:48:13.300000Z', '2024-03-30T00:48:13.290000Z')",P,CLUD,"(1.0, 0.9049422)"
"(2024000340, 1568)","('2024-03-30T00:48:13.460000Z', '2024-03-30T00:48:13.320000Z')",P,STAL,"(1.0, 0.8502281)"
"(2024000340, 2231)","('2024-03-30T00:48:14.260000Z', '2024-03-30T00:48:13.950000Z')",P,FUSE,"(1.0, 0.55139107)"
"(2024000340, 1851)","('2024-03-30T00:48:14.270000Z', '2024-03-30T00:48:14.480000Z')",S,PURA,"(1.0, 0.76504856)"
"(2024000340, 2195)","('2024-03-30T00:48:14.570000Z', '2024-03-30T00:48:14.530000Z')",P,CSM,"(1.0, 0.78479075)"
"(2024000340, 2100)","('2024-03-30T00:48:14.740000Z', '2024-03-30T00:48:14.720000Z')",P,BOO,"(1.0, 0.8081221)"
"(2024000340, 2147)","('2024-03-30T00:48:15.170000Z', '2024-03-30T00:48:15.310000Z')",S,CLUD,"(1.0, 0.8071634)"
"(2024000340, 1569)","('2024-03-30T00:48:15.280000Z', '2024-03-30T00:48:15.440000Z')",S,STAL,"(1.0, 0.818121)"
"(2024000340, 2232)","('2024-03-30T00:48:16.490000Z', '2024-03-30T00:48:16.590000Z')",S,FUSE,"(1.0, 0.52102333)"
"(2024000340, 2196)","('2024-03-30T00:48:17.610000Z', '2024-03-30T00:48:17.660000Z')",S,CSM,"(1.0, 0.76436317)"
"(2024000340, 2101)","('2024-03-30T00:48:17.980000Z', '2024-03-30T00:48:17.950000Z')",S,BOO,"(1.0, 0.7851635)"
"(2024000341, 4308)","('2024-03-30T01:56:51.230000Z', '2024-03-30T01:56:51.230000Z')",P,RONC,"(1.0, 0.8458584)"
"(2024000341, 3739)","('2024-03-30T01:56:52.190000Z', '2024-03-30T01:56:52.440000Z')",P,LUSI,"(1.0, 0.59614605)"
"(2024000341, 4309)","('2024-03-30T01:56:52.700000Z', '2024-03-30T01:56:53.080000Z')",S,RONC,"(1.0, 0.7134554)"
"(2024000341, 1063)","('2024-03-30T01:56:52.760000Z', '2024-03-30T01:56:52.880000Z')",P,MAGA,"(1.0, 0.47617817)"
"(2024000341, 2273)","('2024-03-30T01:56:52.930000Z', '2024-03-30T01:56:52.860000Z')",P,GAVI,"(1.0, 0.10816967)"
"(2024000341, 4274)","('2024-03-30T01:56:53.320000Z', '2024-03-30T01:56:53.410000Z')",P,GAGG,"(1.0, 0.6248572)"
"(2024000341, 3740)","('2024-03-30T01:56:54.720000Z', '2024-03-30T01:56:54.900000Z')",S,LUSI,"(1.0, 0.67521566)"
"(2024000341, 1064)","('2024-03-30T01:56:56.090000Z', '2024-03-30T01:56:56.440000Z')",S,MAGA,"(1.0, 0.7472711)"
"(2024000341, 4275)","('2024-03-30T01:56:57.070000Z', '2024-03-30T01:56:57.170000Z')",S,GAGG,"(1.0, 0.562092)"
"(2024000342, 2233)","('2024-03-30T02:32:36.570000Z', '2024-03-30T02:32:36.560000Z')",P,FUSE,"(1.0, 0.9002218)"
"(2024000342, 2148)","('2024-03-30T02:32:36.620000Z', '2024-03-30T02:32:36.580000Z')",P,CLUD,"(1.0, 0.9002153)"
"(2024000342, 2234)","('2024-03-30T02:32:37.400000Z', '2024-03-30T02:32:37.400000Z')",S,FUSE,"(1.0, 0.8882877)"
"(2024000342, 2149)","('2024-03-30T02:32:37.460000Z', '2024-03-30T02:32:37.450000Z')",S,CLUD,"(1.0, 0.88457024)"
"(2024000342, 2401)","('2024-03-30T02:32:38.150000Z', '2024-03-30T02:32:38.220000Z')",P,ZOU,"(1.0, 0.80806136)"
"(2024000342, 1852)","('2024-03-30T02:32:38.320000Z', '2024-03-30T02:32:38.380000Z')",P,PURA,"(1.0, 0.799807)"
"(2024000342, 2102)","('2024-03-30T02:32:38.480000Z', '2024-03-30T02:32:38.520000Z')",P,BOO,"(1.0, 0.33368382)"
"(2024000342, 2350)","('2024-03-30T02:32:39.080000Z', '2024-03-30T02:32:39.050000Z')",P,MPRI,"(1.0, 0.8573571)"
"(2024000342, 2363)","('2024-03-30T02:32:39.280000Z', '2024-03-30T02:32:39.310000Z')",P,PLRO,"(1.0, 0.664894)"
"(2024000342, 1039)","('2024-03-30T02:32:39.460000Z', '2024-03-30T02:32:39.420000Z')",P,FVI,"(1.0, 0.8086117)"
"(2024000342, 1570)","('2024-03-30T02:32:39.820000Z', '2024-03-30T02:32:39.910000Z')",P,STAL,"(1.0, 0.8055986)"
"(2024000342, 2197)","('2024-03-30T02:32:39.900000Z', '2024-03-30T02:32:39.970000Z')",P,CSM,"(1.0, 0.777021)"
"(2024000342, 2402)","('2024-03-30T02:32:40.690000Z', '2024-03-30T02:32:40.590000Z')",S,ZOU,"(1.0, 0.74122876)"
"(2024000342, 1853)","('2024-03-30T02:32:40.730000Z', '2024-03-30T02:32:40.820000Z')",S,PURA,"(1.0, 0.76137984)"
"(2024000342, 2048)","('2024-03-30T02:32:40.780000Z', '2024-03-30T02:32:40.990000Z')",P,BAD,"(1.0, 0.53810734)"
"(2024000342, 1271)","('2024-03-30T02:32:41.370000Z', '2024-03-30T02:32:41.380000Z')",P,PTCC,"(1.0, 0.4538102)"
"(2024000342, 2351)","('2024-03-30T02:32:41.930000Z', '2024-03-30T02:32:42.230000Z')",S,MPRI,"(1.0, 0.6457932)"
"(2024000342, 2364)","('2024-03-30T02:32:42.300000Z', '2024-03-30T02:32:42.260000Z')",S,PLRO,"(1.0, 0.7179596)"
"(2024000342, 1040)","('2024-03-30T02:32:42.410000Z', '2024-03-30T02:32:42.350000Z')",S,FVI,"(1.0, 0.65787905)"
"(2024000342, 2198)","('2024-03-30T02:32:42.990000Z', '2024-03-30T02:32:43.190000Z')",S,CSM,"(1.0, 0.49140525)"
"(2024000342, 1571)","('2024-03-30T02:32:43.660000Z', '2024-03-30T02:32:43.740000Z')",S,STAL,"(1.0, 0.7096932)"
"(2024000342, 1272)","('2024-03-30T02:32:46.090000Z', '2024-03-30T02:32:46.230000Z')",S,PTCC,"(1.0, 0.32033566)"
"(2024000343, 2372)","('2024-03-30T05:20:03.340000Z', '2024-03-30T05:20:03.350000Z')",P,PRED,"(1.0, 0.87028515)"
"(2024000343, 2314)","('2024-03-30T05:20:04.220000Z', '2024-03-30T05:20:04.240000Z')",P,LSR,"(1.0, 0.38575387)"
"(2024000343, 3774)","('2024-03-30T05:20:04.420000Z', '2024-03-30T05:20:04.390000Z')",P,CADS,"(1.0, 0.65231955)"
"(2024000343, 4183)","('2024-03-30T05:20:04.590000Z', '2024-03-30T05:20:04.610000Z')",P,ROBS,"(1.0, 0.9026142)"
"(2024000343, 2373)","('2024-03-30T05:20:04.910000Z', '2024-03-30T05:20:05.060000Z')",S,PRED,"(1.0, 0.83548284)"
"(2024000343, 2216)","('2024-03-30T05:20:05.210000Z', '2024-03-30T05:20:05.020000Z')",P,DRE,"(1.0, 0.86714625)"
"(2024000343, 2012)","('2024-03-30T05:20:05.440000Z', '2024-03-30T05:20:05.330000Z')",P,ACOM,"(1.0, 0.19122535)"
"(2024000343, 4096)","('2024-03-30T05:20:05.710000Z', '2024-03-30T05:20:05.690000Z')",P,GORS,"(1.0, 0.65383154)"
"(2024000343, 2315)","('2024-03-30T05:20:06.650000Z', '2024-03-30T05:20:06.710000Z')",S,LSR,"(1.0, 0.6130972)"
"(2024000343, 3775)","('2024-03-30T05:20:07.070000Z', '2024-03-30T05:20:07.100000Z')",S,CADS,"(1.0, 0.7549392)"
"(2024000343, 4184)","('2024-03-30T05:20:07.540000Z', '2024-03-30T05:20:07.510000Z')",S,ROBS,"(1.0, 0.73112947)"
"(2024000343, 4240)","('2024-03-30T05:20:08.250000Z', '2024-03-30T05:20:08.210000Z')",P,VOJS,"(1.0, 0.8205216)"
"(2024000343, 2013)","('2024-03-30T05:20:08.490000Z', '2024-03-30T05:20:08.580000Z')",S,ACOM,"(1.0, 0.33745876)"
"(2024000343, 2217)","('2024-03-30T05:20:08.660000Z', '2024-03-30T05:20:08.750000Z')",S,DRE,"(1.0, 0.4592443)"
"(2024000343, 4097)","('2024-03-30T05:20:09.310000Z', '2024-03-30T05:20:09.390000Z')",S,GORS,"(1.0, 0.7570936)"
"(2024000343, 4241)","('2024-03-30T05:20:14.340000Z', '2024-03-30T05:20:14.480000Z')",S,VOJS,"(1.0, 0.6334511)"
"(2024000344, 2374)","('2024-03-30T06:17:46.000000Z', '2024-03-30T06:17:46.050000Z')",P,PRED,"(1.0, 0.84462315)"
"(2024000344, 2316)","('2024-03-30T06:17:46.620000Z', '2024-03-30T06:17:46.550000Z')",P,LSR,"(1.0, 0.5143155)"
"(2024000344, 1991)","('2024-03-30T06:17:46.910000Z', '2024-03-30T06:17:46.900000Z')",P,MYKA,"(1.0, 0.8151839)"
"(2024000344, 2014)","('2024-03-30T06:17:47.170000Z', '2024-03-30T06:17:47.270000Z')",P,ACOM,"(1.0, 0.43500572)"
"(2024000344, 2375)","('2024-03-30T06:17:47.860000Z', '2024-03-30T06:17:47.950000Z')",S,PRED,"(1.0, 0.81475157)"
"(2024000344, 4098)","('2024-03-30T06:17:48.730000Z', '2024-03-30T06:17:48.490000Z')",P,GORS,"(1.0, 0.16303265)"
"(2024000344, 2317)","('2024-03-30T06:17:49.030000Z', '2024-03-30T06:17:49.080000Z')",S,LSR,"(1.0, 0.5417837)"
"(2024000344, 4185)","('2024-03-30T06:17:49.180000Z', '2024-03-30T06:17:48.990000Z')",P,ROBS,"(1.0, 0.41543126)"
"(2024000344, 1992)","('2024-03-30T06:17:49.240000Z', '2024-03-30T06:17:49.280000Z')",S,MYKA,"(1.0, 0.56268203)"
"(2024000344, 2015)","('2024-03-30T06:17:49.890000Z', '2024-03-30T06:17:50.000000Z')",S,ACOM,"(1.0, 0.71917826)"
"(2024000344, 4099)","('2024-03-30T06:17:52.360000Z', '2024-03-30T06:17:52.350000Z')",S,GORS,"(1.0, 0.18491434)"
"(2024000344, 4186)","('2024-03-30T06:17:53.760000Z', '2024-03-30T06:17:53.680000Z')",S,ROBS,"(1.0, 0.18836199)"
"(2024000345, 2403)","('2024-03-30T09:01:57.950000Z', '2024-03-30T09:01:57.960000Z')",P,ZOU,"(1.0, 0.83164406)"
"(2024000345, 2161)","('2024-03-30T09:01:58.070000Z', '2024-03-30T09:01:58.090000Z')",P,CLUD,"(1.0, 0.875523)"
"(2024000345, 2237)","('2024-03-30T09:01:58.640000Z', '2024-03-30T09:01:58.610000Z')",P,FUSE,"(1.0, 0.85079724)"
"(2024000345, 2365)","('2024-03-30T09:01:59.510000Z', '2024-03-30T09:01:59.640000Z')",P,PLRO,"(1.0, 0.7356894)"
"(2024000345, 1043)","('2024-03-30T09:01:59.710000Z', '2024-03-30T09:01:59.810000Z')",P,FVI,"(1.0, 0.7770777)"
"(2024000345, 2404)","('2024-03-30T09:01:59.720000Z', '2024-03-30T09:01:59.540000Z')",S,ZOU,"(1.0, 0.3506131)"
"(2024000345, 1875)","('2024-03-30T09:01:59.900000Z', '2024-03-30T09:02:00.140000Z')",P,PURA,"(1.0, 0.8225803)"
"(2024000345, 2238)","('2024-03-30T09:02:00.180000Z', '2024-03-30T09:02:00.440000Z')",S,FUSE,"(1.0, 0.22099021)"
"(2024000345, 2105)","('2024-03-30T09:02:00.680000Z', '2024-03-30T09:02:00.760000Z')",P,BOO,"(1.0, 0.64519835)"
"(2024000345, 2352)","('2024-03-30T09:02:01.650000Z', '2024-03-30T09:02:01.620000Z')",P,MPRI,"(1.0, 0.4685188)"
"(2024000345, 2366)","('2024-03-30T09:02:02.080000Z', '2024-03-30T09:02:02.270000Z')",S,PLRO,"(1.0, 0.3058712)"
"(2024000345, 1044)","('2024-03-30T09:02:02.220000Z', '2024-03-30T09:02:02.260000Z')",S,FVI,"(1.0, 0.72746193)"
"(2024000345, 1576)","('2024-03-30T09:02:02.260000Z', '2024-03-30T09:02:02.260000Z')",P,STAL,"(1.0, 0.802232)"
"(2024000345, 1876)","('2024-03-30T09:02:02.950000Z', '2024-03-30T09:02:03.120000Z')",S,PURA,"(1.0, 0.45349774)"
"(2024000345, 2056)","('2024-03-30T09:02:03.180000Z', '2024-03-30T09:02:03.330000Z')",P,BAD,"(1.0, 0.45368984)"
"(2024000345, 1961)","('2024-03-30T09:02:04.290000Z', '2024-03-30T09:02:04.210000Z')",P,ABTA,"(1.0, 0.3892861)"
"(2024000345, 2353)","('2024-03-30T09:02:06.190000Z', '2024-03-30T09:02:06.240000Z')",S,MPRI,"(1.0, 0.39304203)"
"(2024000345, 1577)","('2024-03-30T09:02:07.020000Z', '2024-03-30T09:02:07.170000Z')",S,STAL,"(1.0, 0.649039)"
"(2024000345, 2057)","('2024-03-30T09:02:08.990000Z', '2024-03-30T09:02:09.320000Z')",S,BAD,"(1.0, 0.2761958)"
"(2024000345, 1962)","('2024-03-30T09:02:09.700000Z', '2024-03-30T09:02:09.610000Z')",S,ABTA,"(1.0, 0.3637549)"
"(2024000345, 2016)","('2024-03-30T09:02:10.220000Z', '2024-03-30T09:02:10.470000Z')",S,ACOM,"(1.0, 0.3333896)"
"(2024000346, 1892)","('2024-03-30T14:35:28.610000Z', '2024-03-30T14:35:28.580000Z')",P,PURA,"(1.0, 0.8409996)"
"(2024000346, 2165)","('2024-03-30T14:35:28.930000Z', '2024-03-30T14:35:28.930000Z')",P,CLUD,"(1.0, 0.8667573)"
"(2024000346, 1585)","('2024-03-30T14:35:28.980000Z', '2024-03-30T14:35:29.020000Z')",P,STAL,"(1.0, 0.81305766)"
"(2024000346, 2109)","('2024-03-30T14:35:30.210000Z', '2024-03-30T14:35:30.190000Z')",P,BOO,"(1.0, 0.20037153)"
"(2024000346, 1893)","('2024-03-30T14:35:30.370000Z', '2024-03-30T14:35:30.350000Z')",S,PURA,"(1.0, 0.7372017)"
"(2024000346, 2166)","('2024-03-30T14:35:30.920000Z', '2024-03-30T14:35:30.930000Z')",S,CLUD,"(1.0, 0.802577)"
"(2024000346, 1586)","('2024-03-30T14:35:30.960000Z', '2024-03-30T14:35:31.030000Z')",S,STAL,"(1.0, 0.7039039)"
"(2024000346, 2064)","('2024-03-30T14:35:32.570000Z', '2024-03-30T14:35:32.560000Z')",P,BAD,"(1.0, 0.77422714)"
"(2024000346, 2065)","('2024-03-30T14:35:37.840000Z', '2024-03-30T14:35:37.920000Z')",S,BAD,"(1.0, 0.5758596)"
"(2024000347, 1908)","('2024-03-30T21:01:30.400000Z', '2024-03-30T21:01:30.390000Z')",P,PURA,"(1.0, 0.8270152)"
"(2024000347, 1596)","('2024-03-30T21:01:30.880000Z', '2024-03-30T21:01:30.910000Z')",P,STAL,"(1.0, 0.83988225)"
"(2024000347, 1909)","('2024-03-30T21:01:31.880000Z', '2024-03-30T21:01:32.030000Z')",S,PURA,"(1.0, 0.73244977)"
"(2024000347, 2116)","('2024-03-30T21:01:32.150000Z', '2024-03-30T21:01:32.200000Z')",P,BOO,"(1.0, 0.8369283)"
"(2024000347, 2213)","('2024-03-30T21:01:32.300000Z', '2024-03-30T21:01:32.270000Z')",P,CSM,"(1.0, 0.5620197)"
"(2024000347, 1597)","('2024-03-30T21:01:32.970000Z', '2024-03-30T21:01:33.070000Z')",S,STAL,"(1.0, 0.6457068)"
"(2024000347, 2214)","('2024-03-30T21:01:35.150000Z', '2024-03-30T21:01:35.240000Z')",S,CSM,"(1.0, 0.7097812)"
"(2024000347, 2117)","('2024-03-30T21:01:35.330000Z', '2024-03-30T21:01:35.360000Z')",S,BOO,"(1.0, 0.81990254)"
"(2024000348, 1939)","('2024-03-31T01:56:36.750000Z', '2024-03-31T01:56:36.760000Z')",P,PURA,"(1.0, 0.8328852)"
"(2024000348, 1736)","('2024-03-31T01:56:37.040000Z', '2024-03-31T01:56:37.000000Z')",P,STAL,"(1.0, 0.9217083)"
"(2024000348, 2270)","('2024-03-31T01:56:37.110000Z', '2024-03-31T01:56:37.020000Z')",P,CLUD,"(1.0, 0.87587273)"
"(2024000348, 2341)","('2024-03-31T01:56:37.590000Z', '2024-03-31T01:56:37.560000Z')",P,FUSE,"(1.0, 0.36686522)"
"(2024000348, 2476)","('2024-03-31T01:56:37.890000Z', '2024-03-31T01:56:37.930000Z')",P,MPRI,"(1.0, 0.85405505)"
"(2024000348, 1940)","('2024-03-31T01:56:38.340000Z', '2024-03-31T01:56:38.510000Z')",S,PURA,"(1.0, 0.72487605)"
"(2024000348, 2216)","('2024-03-31T01:56:38.390000Z', '2024-03-31T01:56:38.370000Z')",P,BOO,"(1.0, 0.83403903)"
"(2024000348, 2308)","('2024-03-31T01:56:38.450000Z', '2024-03-31T01:56:38.470000Z')",P,CSM,"(1.0, 0.77598333)"
"(2024000348, 1737)","('2024-03-31T01:56:38.950000Z', '2024-03-31T01:56:39.150000Z')",S,STAL,"(1.0, 0.51216197)"
"(2024000348, 2271)","('2024-03-31T01:56:39.030000Z', '2024-03-31T01:56:39.400000Z')",S,CLUD,"(1.0, 0.6614668)"
"(2024000348, 2263)","('2024-03-31T01:56:39.170000Z', '2024-03-31T01:56:39.000000Z')",P,CIMO,"(1.0, 0.88472754)"
"(2024000348, 2455)","('2024-03-31T01:56:39.190000Z', '2024-03-31T01:56:38.990000Z')",P,MLN,"(1.0, 0.8092582)"
"(2024000348, 2539)","('2024-03-31T01:56:39.260000Z', '2024-03-31T01:56:38.980000Z')",P,ZOU,"(1.0, 0.5884564)"
"(2024000348, 2897)","('2024-03-31T01:56:39.350000Z', '2024-03-31T01:56:39.340000Z')",P,GEPF,"(1.0, 0.74724394)"
"(2024000348, 1376)","('2024-03-31T01:56:39.400000Z', '2024-03-31T01:56:39.410000Z')",P,FVI,"(1.0, 0.7743496)"
"(2024000348, 2235)","('2024-03-31T01:56:39.450000Z', '2024-03-31T01:56:39.530000Z')",P,BUA,"(1.0, 0.6405746)"
"(2024000348, 2342)","('2024-03-31T01:56:39.980000Z', '2024-03-31T01:56:40.160000Z')",S,FUSE,"(1.0, 0.29835135)"
"(2024000348, 2491)","('2024-03-31T01:56:40.580000Z', '2024-03-31T01:56:40.990000Z')",P,PLRO,"(1.0, 0.35185468)"
"(2024000348, 2154)","('2024-03-31T01:56:40.640000Z', '2024-03-31T01:56:40.620000Z')",P,BAD,"(1.0, 0.7551989)"
"(2024000348, 2323)","('2024-03-31T01:56:40.830000Z', '2024-03-31T01:56:40.910000Z')",P,CSO,"(1.0, 0.8360713)"
"(2024000348, 2477)","('2024-03-31T01:56:40.840000Z', '2024-03-31T01:56:40.690000Z')",S,MPRI,"(1.0, 0.776645)"
"(2024000348, 2132)","('2024-03-31T01:56:41.380000Z', '2024-03-31T01:56:41.430000Z')",P,APGO,"(1.0, 0.81139916)"
"(2024000348, 2309)","('2024-03-31T01:56:41.470000Z', '2024-03-31T01:56:41.930000Z')",S,CSM,"(1.0, 0.51174784)"
"(2024000348, 1596)","('2024-03-31T01:56:41.480000Z', '2024-03-31T01:56:41.610000Z')",P,PTCC,"(1.0, 0.62695247)"
"(2024000348, 2217)","('2024-03-31T01:56:41.520000Z', '2024-03-31T01:56:41.640000Z')",S,BOO,"(1.0, 0.7216031)"
"(2024000348, 1931)","('2024-03-31T01:56:42.390000Z', '2024-03-31T01:56:42.370000Z')",P,POLC,"(1.0, 0.6464511)"
"(2024000348, 2241)","('2024-03-31T01:56:42.800000Z', '2024-03-31T01:56:42.900000Z')",P,CAE,"(1.0, 0.72523326)"
"(2024000348, 2540)","('2024-03-31T01:56:42.920000Z', '2024-03-31T01:56:43.170000Z')",S,ZOU,"(1.0, 0.2841322)"
"(2024000348, 2291)","('2024-03-31T01:56:42.960000Z', '2024-03-31T01:56:43.050000Z')",P,COLI,"(1.0, 0.7706219)"
"(2024000348, 1377)","('2024-03-31T01:56:43.080000Z', '2024-03-31T01:56:43.260000Z')",S,FVI,"(1.0, 0.7390468)"
"(2024000348, 2023)","('2024-03-31T01:56:43.110000Z', '2024-03-31T01:56:43.220000Z')",P,ABTA,"(1.0, 0.7005388)"
"(2024000348, 2456)","('2024-03-31T01:56:43.210000Z', '2024-03-31T01:56:43.350000Z')",S,MLN,"(1.0, 0.2459745)"
"(2024000348, 4306)","('2024-03-31T01:56:43.310000Z', '2024-03-31T01:56:43.330000Z')",P,ROBS,"(1.0, 0.7719715)"
"(2024000348, 2898)","('2024-03-31T01:56:43.450000Z', '2024-03-31T01:56:43.440000Z')",S,GEPF,"(1.0, 0.6237604)"
"(2024000348, 2524)","('2024-03-31T01:56:43.650000Z', '2024-03-31T01:56:43.670000Z')",P,TLI,"(1.0, 0.7051752)"
"(2024000348, 2236)","('2024-03-31T01:56:43.980000Z', '2024-03-31T01:56:44.060000Z')",S,BUA,"(1.0, 0.48547736)"
"(2024000348, 2404)","('2024-03-31T01:56:44.060000Z', '2024-03-31T01:56:44.160000Z')",P,LSR,"(1.0, 0.7664406)"
"(2024000348, 2512)","('2024-03-31T01:56:44.150000Z', '2024-03-31T01:56:44.290000Z')",P,PRED,"(1.0, 0.78205836)"
"(2024000348, 2124)","('2024-03-31T01:56:44.260000Z', '2024-03-31T01:56:44.110000Z')",P,AFL,"(1.0, 0.46709314)"
"(2024000348, 2097)","('2024-03-31T01:56:44.650000Z', '2024-03-31T01:56:44.750000Z')",P,ACOM,"(1.0, 0.6864817)"
"(2024000348, 2330)","('2024-03-31T01:56:45.280000Z', '2024-03-31T01:56:45.370000Z')",P,DRE,"(1.0, 0.6197386)"
"(2024000348, 2492)","('2024-03-31T01:56:45.280000Z', '2024-03-31T01:56:45.370000Z')",S,PLRO,"(1.0, 0.42611158)"
"(2024000348, 2155)","('2024-03-31T01:56:45.840000Z', '2024-03-31T01:56:46.210000Z')",S,BAD,"(1.0, 0.47933346)"
"(2024000348, 3829)","('2024-03-31T01:56:46.170000Z', '2024-03-31T01:56:46.070000Z')",P,CADS,"(1.0, 0.59610826)"
"(2024000348, 2324)","('2024-03-31T01:56:46.190000Z', '2024-03-31T01:56:46.490000Z')",S,CSO,"(1.0, 0.34169838)"
"(2024000348, 2070)","('2024-03-31T01:56:46.570000Z', '2024-03-31T01:56:46.680000Z')",P,MYKA,"(1.0, 0.70871896)"
"(2024000348, 2521)","('2024-03-31T01:56:47.060000Z', '2024-03-31T01:56:47.180000Z')",P,SABO,"(1.0, 0.5491586)"
"(2024000348, 2133)","('2024-03-31T01:56:47.180000Z', '2024-03-31T01:56:47.120000Z')",S,APGO,"(1.0, 0.7160353)"
"(2024000348, 4200)","('2024-03-31T01:56:49.060000Z', '2024-03-31T01:56:49.040000Z')",P,GORS,"(1.0, 0.5803027)"
"(2024000348, 2024)","('2024-03-31T01:56:49.160000Z', '2024-03-31T01:56:49.440000Z')",S,ABTA,"(1.0, 0.5304312)"
"(2024000348, 4364)","('2024-03-31T01:56:49.180000Z', '2024-03-31T01:56:49.190000Z')",P,VOJS,"(1.0, 0.65231395)"
"(2024000348, 2242)","('2024-03-31T01:56:49.930000Z', '2024-03-31T01:56:50.120000Z')",S,CAE,"(1.0, 0.5297483)"
"(2024000348, 2040)","('2024-03-31T01:56:50.460000Z', '2024-03-31T01:56:50.370000Z')",P,KBA,"(1.0, 0.57682097)"
"(2024000348, 2292)","('2024-03-31T01:56:50.760000Z', '2024-03-31T01:56:50.760000Z')",S,COLI,"(1.0, 0.5792039)"
"(2024000348, 2125)","('2024-03-31T01:56:51.160000Z', '2024-03-31T01:56:51.190000Z')",S,AFL,"(1.0, 0.5923436)"
"(2024000348, 2525)","('2024-03-31T01:56:51.610000Z', '2024-03-31T01:56:51.590000Z')",S,TLI,"(1.0, 0.43213198)"
"(2024000348, 2405)","('2024-03-31T01:56:52.190000Z', '2024-03-31T01:56:52.510000Z')",S,LSR,"(1.0, 0.4130563)"
"(2024000348, 4212)","('2024-03-31T01:56:52.330000Z', '2024-03-31T01:56:52.420000Z')",P,JAVS,"(1.0, 0.7016807)"
"(2024000348, 2098)","('2024-03-31T01:56:52.970000Z', '2024-03-31T01:56:53.110000Z')",S,ACOM,"(1.0, 0.4286938)"
"(2024000348, 3780)","('2024-03-31T01:56:53.800000Z', '2024-03-31T01:56:53.670000Z')",P,KOSI,"(1.0, 0.6889021)"
"(2024000348, 3770)","('2024-03-31T01:56:55.410000Z', '2024-03-31T01:56:55.360000Z')",P,ABSI,"(1.0, 0.54002106)"
"(2024000348, 4252)","('2024-03-31T01:56:56.630000Z', '2024-03-31T01:56:57.130000Z')",P,MOZS,"(1.0, 0.29972416)"
"(2024000348, 4319)","('2024-03-31T01:56:56.810000Z', '2024-03-31T01:56:57.090000Z')",P,SKDS,"(1.0, 0.38357)"
"(2024000348, 4392)","('2024-03-31T01:56:58.420000Z', '2024-03-31T01:56:58.890000Z')",P,DOSS,"(1.0, 0.2308263)"
"(2024000348, 3792)","('2024-03-31T01:57:00.980000Z', '2024-03-31T01:57:01.070000Z')",P,LUSI,"(1.0, 0.2135093)"
"(2024000349, 1944)","('2024-03-31T04:32:21.510000Z', '2024-03-31T04:32:21.500000Z')",P,PURA,"(1.0, 0.8704599)"
"(2024000349, 1945)","('2024-03-31T04:32:22.960000Z', '2024-03-31T04:32:23.130000Z')",S,PURA,"(1.0, 0.71950376)"
"(2024000350, 2221)","('2024-03-31T06:50:13.340000Z', '2024-03-31T06:50:13.370000Z')",P,BOO,"(1.0, 0.85399574)"
"(2024000350, 1994)","('2024-03-31T06:50:13.510000Z', '2024-03-31T06:50:13.510000Z')",P,VINO,"(1.0, 0.8942931)"
"(2024000350, 2158)","('2024-03-31T06:50:13.630000Z', '2024-03-31T06:50:13.630000Z')",P,BAD,"(1.0, 0.89311534)"
"(2024000350, 2222)","('2024-03-31T06:50:14.550000Z', '2024-03-31T06:50:14.710000Z')",S,BOO,"(1.0, 0.83536935)"
"(2024000350, 1995)","('2024-03-31T06:50:15.010000Z', '2024-03-31T06:50:15.120000Z')",S,VINO,"(1.0, 0.8382874)"
"(2024000350, 2343)","('2024-03-31T06:50:15.070000Z', '2024-03-31T06:50:15.050000Z')",P,FUSE,"(1.0, 0.78888005)"
"(2024000350, 2159)","('2024-03-31T06:50:15.300000Z', '2024-03-31T06:50:15.350000Z')",S,BAD,"(1.0, 0.8055511)"
"(2024000350, 4309)","('2024-03-31T06:50:15.860000Z', '2024-03-31T06:50:15.910000Z')",P,ROBS,"(1.0, 0.60539156)"
"(2024000350, 2293)","('2024-03-31T06:50:16.270000Z', '2024-03-31T06:50:16.260000Z')",P,COLI,"(1.0, 0.6561807)"
"(2024000350, 2514)","('2024-03-31T06:50:17.290000Z', '2024-03-31T06:50:17.120000Z')",P,PRED,"(1.0, 0.25513485)"
"(2024000350, 2344)","('2024-03-31T06:50:17.630000Z', '2024-03-31T06:50:17.820000Z')",S,FUSE,"(1.0, 0.66696745)"
"(2024000350, 4310)","('2024-03-31T06:50:19.480000Z', '2024-03-31T06:50:19.460000Z')",S,ROBS,"(1.0, 0.7120455)"
"(2024000350, 2294)","('2024-03-31T06:50:20.210000Z', '2024-03-31T06:50:20.300000Z')",S,COLI,"(1.0, 0.65027213)"
"(2024000350, 2515)","('2024-03-31T06:50:21.620000Z', '2024-03-31T06:50:21.730000Z')",S,PRED,"(1.0, 0.1756192)"
"(2024000351, 1963)","('2024-03-31T10:20:57.040000Z', '2024-03-31T10:20:57.100000Z')",P,PURA,"(1.0, 0.87743706)"
"(2024000351, 2273)","('2024-03-31T10:20:57.480000Z', '2024-03-31T10:20:57.430000Z')",P,CLUD,"(1.0, 0.86396813)"
"(2024000351, 1752)","('2024-03-31T10:20:57.530000Z', '2024-03-31T10:20:57.610000Z')",P,STAL,"(1.0, 0.86057657)"
"(2024000351, 2348)","('2024-03-31T10:20:58.010000Z', '2024-03-31T10:20:57.970000Z')",P,FUSE,"(1.0, 0.59437585)"
"(2024000351, 2478)","('2024-03-31T10:20:58.370000Z', '2024-03-31T10:20:58.370000Z')",P,MPRI,"(1.0, 0.24612772)"
"(2024000351, 1964)","('2024-03-31T10:20:58.600000Z', '2024-03-31T10:20:58.720000Z')",S,PURA,"(1.0, 0.71973044)"
"(2024000351, 2310)","('2024-03-31T10:20:58.830000Z', '2024-03-31T10:20:58.830000Z')",P,CSM,"(1.0, 0.26560792)"
"(2024000351, 2225)","('2024-03-31T10:20:58.910000Z', '2024-03-31T10:20:58.860000Z')",P,BOO,"(1.0, 0.89012)"
"(2024000351, 2274)","('2024-03-31T10:20:59.380000Z', '2024-03-31T10:20:59.400000Z')",S,CLUD,"(1.0, 0.54170126)"
"(2024000351, 2266)","('2024-03-31T10:20:59.560000Z', '2024-03-31T10:20:59.650000Z')",P,CIMO,"(1.0, 0.30190173)"
"(2024000351, 1753)","('2024-03-31T10:20:59.710000Z', '2024-03-31T10:20:59.760000Z')",S,STAL,"(1.0, 0.6947096)"
"(2024000351, 2462)","('2024-03-31T10:20:59.720000Z', '2024-03-31T10:20:59.760000Z')",P,MLN,"(1.0, 0.6207013)"
"(2024000351, 2541)","('2024-03-31T10:20:59.790000Z', '2024-03-31T10:20:59.480000Z')",P,ZOU,"(1.0, 0.18267986)"
"(2024000351, 1381)","('2024-03-31T10:20:59.840000Z', '2024-03-31T10:20:59.580000Z')",P,FVI,"(1.0, 0.43498206)"
"(2024000351, 2237)","('2024-03-31T10:20:59.950000Z', '2024-03-31T10:21:00.050000Z')",P,BUA,"(1.0, 0.46850824)"
"(2024000351, 2495)","('2024-03-31T10:21:01.080000Z', '2024-03-31T10:21:00.920000Z')",P,PLRO,"(1.0, 0.5196547)"
"(2024000351, 2167)","('2024-03-31T10:21:01.160000Z', '2024-03-31T10:21:01.170000Z')",P,BAD,"(1.0, 0.7123876)"
"(2024000351, 2325)","('2024-03-31T10:21:01.480000Z', '2024-03-31T10:21:01.560000Z')",P,CSO,"(1.0, 0.46877092)"
"(2024000351, 2311)","('2024-03-31T10:21:01.780000Z', '2024-03-31T10:21:01.920000Z')",S,CSM,"(1.0, 0.54319197)"
"(2024000351, 2140)","('2024-03-31T10:21:02.000000Z', '2024-03-31T10:21:02.040000Z')",P,APGO,"(1.0, 0.60794127)"
"(2024000351, 2226)","('2024-03-31T10:21:02.090000Z', '2024-03-31T10:21:02.070000Z')",S,BOO,"(1.0, 0.83858675)"
"(2024000351, 2542)","('2024-03-31T10:21:03.170000Z', '2024-03-31T10:21:03.210000Z')",S,ZOU,"(1.0, 0.11421277)"
"(2024000351, 1382)","('2024-03-31T10:21:03.410000Z', '2024-03-31T10:21:03.450000Z')",S,FVI,"(1.0, 0.77353686)"
"(2024000351, 2243)","('2024-03-31T10:21:03.550000Z', '2024-03-31T10:21:03.480000Z')",P,CAE,"(1.0, 0.629552)"
"(2024000351, 2295)","('2024-03-31T10:21:03.590000Z', '2024-03-31T10:21:03.640000Z')",P,COLI,"(1.0, 0.7060171)"
"(2024000351, 2267)","('2024-03-31T10:21:03.730000Z', '2024-03-31T10:21:03.920000Z')",S,CIMO,"(1.0, 0.22120027)"
"(2024000351, 4311)","('2024-03-31T10:21:03.890000Z', '2024-03-31T10:21:03.850000Z')",P,ROBS,"(1.0, 0.23273323)"
"(2024000351, 2025)","('2024-03-31T10:21:03.900000Z', '2024-03-31T10:21:03.730000Z')",P,ABTA,"(1.0, 0.6451252)"
"(2024000351, 2238)","('2024-03-31T10:21:04.360000Z', '2024-03-31T10:21:04.830000Z')",S,BUA,"(1.0, 0.36281934)"
"(2024000351, 2496)","('2024-03-31T10:21:05.630000Z', '2024-03-31T10:21:05.720000Z')",S,PLRO,"(1.0, 0.44848692)"
"(2024000351, 2168)","('2024-03-31T10:21:06.440000Z', '2024-03-31T10:21:06.520000Z')",S,BAD,"(1.0, 0.5113318)"
"(2024000351, 2326)","('2024-03-31T10:21:06.680000Z', '2024-03-31T10:21:06.820000Z')",S,CSO,"(1.0, 0.4028852)"
"(2024000351, 2141)","('2024-03-31T10:21:07.820000Z', '2024-03-31T10:21:07.890000Z')",S,APGO,"(1.0, 0.4512026)"
"(2024000351, 2026)","('2024-03-31T10:21:09.570000Z', '2024-03-31T10:21:09.800000Z')",S,ABTA,"(1.0, 0.47541347)"
"(2024000351, 2244)","('2024-03-31T10:21:10.840000Z', '2024-03-31T10:21:10.900000Z')",S,CAE,"(1.0, 0.5658503)"
"(2024000351, 2296)","('2024-03-31T10:21:11.270000Z', '2024-03-31T10:21:11.460000Z')",S,COLI,"(1.0, 0.5656898)"
"(2024000351, 4312)","('2024-03-31T10:21:11.780000Z', '2024-03-31T10:21:11.840000Z')",S,ROBS,"(1.0, 0.65051347)"
"(2024000351, 2100)","('2024-03-31T10:21:13.160000Z', '2024-03-31T10:21:13.340000Z')",S,ACOM,"(1.0, 0.32360432)"
"(2024000351, 3772)","('2024-03-31T10:21:16.030000Z', '2024-03-31T10:21:16.110000Z')",P,ABSI,"(1.0, 0.12996612)"
"(2024000351, 4325)","('2024-03-31T10:21:17.990000Z', '2024-03-31T10:21:17.930000Z')",P,SKDS,"(1.0, 0.31267077)"
"(2024000351, 4326)","('2024-03-31T10:21:34.880000Z', '2024-03-31T10:21:34.690000Z')",S,SKDS,"(1.0, 0.14928764)"
"(2024000352, 1965)","('2024-03-31T10:22:23.460000Z', '2024-03-31T10:22:23.470000Z')",P,PURA,"(1.0, 0.84779674)"
"(2024000352, 2275)","('2024-03-31T10:22:23.790000Z', '2024-03-31T10:22:23.780000Z')",P,CLUD,"(1.0, 0.82001764)"
"(2024000352, 1754)","('2024-03-31T10:22:23.940000Z', '2024-03-31T10:22:23.980000Z')",P,STAL,"(1.0, 0.8622295)"
"(2024000352, 2350)","('2024-03-31T10:22:24.360000Z', '2024-03-31T10:22:24.390000Z')",P,FUSE,"(1.0, 0.6358012)"
"(2024000352, 2480)","('2024-03-31T10:22:24.770000Z', '2024-03-31T10:22:24.740000Z')",P,MPRI,"(1.0, 0.7628738)"
"(2024000352, 1966)","('2024-03-31T10:22:24.910000Z', '2024-03-31T10:22:25.080000Z')",S,PURA,"(1.0, 0.7151668)"
"(2024000352, 2312)","('2024-03-31T10:22:25.180000Z', '2024-03-31T10:22:25.230000Z')",P,CSM,"(1.0, 0.69908)"
"(2024000352, 2227)","('2024-03-31T10:22:25.210000Z', '2024-03-31T10:22:25.210000Z')",P,BOO,"(1.0, 0.8704319)"
"(2024000352, 2276)","('2024-03-31T10:22:25.570000Z', '2024-03-31T10:22:25.770000Z')",S,CLUD,"(1.0, 0.53741413)"
"(2024000352, 2901)","('2024-03-31T10:22:25.920000Z', '2024-03-31T10:22:26.230000Z')",P,GEPF,"(1.0, 0.5558713)"
"(2024000352, 1755)","('2024-03-31T10:22:25.950000Z', '2024-03-31T10:22:26.110000Z')",S,STAL,"(1.0, 0.67693126)"
"(2024000352, 2268)","('2024-03-31T10:22:26.020000Z', '2024-03-31T10:22:25.950000Z')",P,CIMO,"(1.0, 0.4240772)"
"(2024000352, 2464)","('2024-03-31T10:22:26.120000Z', '2024-03-31T10:22:26.170000Z')",P,MLN,"(1.0, 0.56552374)"
"(2024000352, 1383)","('2024-03-31T10:22:26.180000Z', '2024-03-31T10:22:26.210000Z')",P,FVI,"(1.0, 0.74522203)"
"(2024000352, 2239)","('2024-03-31T10:22:26.320000Z', '2024-03-31T10:22:26.440000Z')",P,BUA,"(1.0, 0.53857386)"
"(2024000352, 2498)","('2024-03-31T10:22:27.280000Z', '2024-03-31T10:22:27.320000Z')",P,PLRO,"(1.0, 0.2537019)"
"(2024000352, 2169)","('2024-03-31T10:22:27.480000Z', '2024-03-31T10:22:27.500000Z')",P,BAD,"(1.0, 0.76349944)"
"(2024000352, 2005)","('2024-03-31T10:22:27.620000Z', '2024-03-31T10:22:27.700000Z')",P,VINO,"(1.0, 0.65665746)"
"(2024000352, 2327)","('2024-03-31T10:22:27.860000Z', '2024-03-31T10:22:27.840000Z')",P,CSO,"(1.0, 0.7045344)"
"(2024000352, 2313)","('2024-03-31T10:22:28.030000Z', '2024-03-31T10:22:28.260000Z')",S,CSM,"(1.0, 0.6253686)"
"(2024000352, 2228)","('2024-03-31T10:22:28.300000Z', '2024-03-31T10:22:28.420000Z')",S,BOO,"(1.0, 0.829769)"
"(2024000352, 2142)","('2024-03-31T10:22:28.390000Z', '2024-03-31T10:22:28.340000Z')",P,APGO,"(1.0, 0.50137806)"
"(2024000352, 1384)","('2024-03-31T10:22:29.550000Z', '2024-03-31T10:22:29.780000Z')",S,FVI,"(1.0, 0.7792187)"
"(2024000352, 2269)","('2024-03-31T10:22:29.740000Z', '2024-03-31T10:22:30.100000Z')",S,CIMO,"(1.0, 0.114287056)"
"(2024000352, 2245)","('2024-03-31T10:22:29.920000Z', '2024-03-31T10:22:29.720000Z')",P,CAE,"(1.0, 0.59854275)"
"(2024000352, 2027)","('2024-03-31T10:22:30.010000Z', '2024-03-31T10:22:30.080000Z')",P,ABTA,"(1.0, 0.70011026)"
"(2024000352, 2297)","('2024-03-31T10:22:30.070000Z', '2024-03-31T10:22:30.070000Z')",P,COLI,"(1.0, 0.7542027)"
"(2024000352, 2902)","('2024-03-31T10:22:30.180000Z', '2024-03-31T10:22:30.280000Z')",S,GEPF,"(1.0, 0.5834106)"
"(2024000352, 4313)","('2024-03-31T10:22:30.290000Z', '2024-03-31T10:22:30.280000Z')",P,ROBS,"(1.0, 0.65053)"
"(2024000352, 2465)","('2024-03-31T10:22:30.580000Z', '2024-03-31T10:22:30.630000Z')",S,MLN,"(1.0, 0.17320696)"
"(2024000352, 2240)","('2024-03-31T10:22:30.960000Z', '2024-03-31T10:22:31.150000Z')",S,BUA,"(1.0, 0.52947575)"
"(2024000352, 2499)","('2024-03-31T10:22:31.830000Z', '2024-03-31T10:22:31.990000Z')",S,PLRO,"(1.0, 0.18816712)"
"(2024000352, 2170)","('2024-03-31T10:22:32.660000Z', '2024-03-31T10:22:32.830000Z')",S,BAD,"(1.0, 0.28875515)"
"(2024000352, 2006)","('2024-03-31T10:22:33.090000Z', '2024-03-31T10:22:33.490000Z')",S,VINO,"(1.0, 0.2877438)"
"(2024000352, 2143)","('2024-03-31T10:22:34.390000Z', '2024-03-31T10:22:34.220000Z')",S,APGO,"(1.0, 0.15793559)"
"(2024000352, 2028)","('2024-03-31T10:22:35.910000Z', '2024-03-31T10:22:36.200000Z')",S,ABTA,"(1.0, 0.5464606)"
"(2024000352, 2298)","('2024-03-31T10:22:37.660000Z', '2024-03-31T10:22:37.780000Z')",S,COLI,"(1.0, 0.6352525)"
"(2024000352, 3773)","('2024-03-31T10:22:42.830000Z', '2024-03-31T10:22:42.600000Z')",P,ABSI,"(1.0, 0.50464857)"
"(2024000352, 4327)","('2024-03-31T10:22:44.150000Z', '2024-03-31T10:22:44.310000Z')",P,SKDS,"(1.0, 0.5149128)"
"(2024000353, 1968)","('2024-03-31T12:05:32.600000Z', '2024-03-31T12:05:32.590000Z')",P,PURA,"(1.0, 0.57257205)"
"(2024000353, 2277)","('2024-03-31T12:05:32.950000Z', '2024-03-31T12:05:33.010000Z')",P,CLUD,"(1.0, 0.8385336)"
"(2024000353, 1969)","('2024-03-31T12:05:33.890000Z', '2024-03-31T12:05:34.270000Z')",S,PURA,"(1.0, 0.60325223)"
"(2024000353, 2314)","('2024-03-31T12:05:34.790000Z', '2024-03-31T12:05:35.000000Z')",P,CSM,"(1.0, 0.35672197)"
"(2024000353, 2278)","('2024-03-31T12:05:34.820000Z', '2024-03-31T12:05:34.920000Z')",S,CLUD,"(1.0, 0.76956207)"
"(2024000353, 2467)","('2024-03-31T12:05:35.440000Z', '2024-03-31T12:05:35.010000Z')",P,MLN,"(1.0, 0.7934995)"
"(2024000353, 2172)","('2024-03-31T12:05:36.740000Z', '2024-03-31T12:05:36.760000Z')",P,BAD,"(1.0, 0.57635903)"
"(2024000353, 2315)","('2024-03-31T12:05:37.190000Z', '2024-03-31T12:05:37.460000Z')",S,CSM,"(1.0, 0.7321396)"
"(2024000353, 2149)","('2024-03-31T12:05:37.460000Z', '2024-03-31T12:05:37.440000Z')",P,APGO,"(1.0, 0.7905096)"
"(2024000353, 2029)","('2024-03-31T12:05:39.410000Z', '2024-03-31T12:05:39.350000Z')",P,ABTA,"(1.0, 0.1376707)"
"(2024000353, 2173)","('2024-03-31T12:05:41.930000Z', '2024-03-31T12:05:42.220000Z')",S,BAD,"(1.0, 0.6609539)"
"(2024000354, 3998)","('2024-03-31T12:38:53.290000Z', '2024-03-31T12:38:53.290000Z')",P,CEY,"(1.0, 0.88529825)"
"(2024000354, 4181)","('2024-03-31T12:38:54.450000Z', '2024-03-31T12:38:54.490000Z')",P,GBAS,"(1.0, 0.84305507)"
"(2024000354, 3999)","('2024-03-31T12:38:54.580000Z', '2024-03-31T12:38:54.620000Z')",S,CEY,"(1.0, 0.8490285)"
"(2024000354, 4225)","('2024-03-31T12:38:55.920000Z', '2024-03-31T12:38:56.040000Z')",P,JAVS,"(1.0, 0.64383626)"
"(2024000354, 4182)","('2024-03-31T12:38:56.560000Z', '2024-03-31T12:38:56.730000Z')",S,GBAS,"(1.0, 0.7611197)"
"(2024000354, 4226)","('2024-03-31T12:39:00.050000Z', '2024-03-31T12:39:00.230000Z')",S,JAVS,"(1.0, 0.4698974)"
"(2024000354, 4239)","('2024-03-31T12:39:01.310000Z', '2024-03-31T12:39:01.580000Z')",S,KNDS,"(1.0, 0.54669154)"
"(2024000355, 1978)","('2024-03-31T18:08:31.160000Z', '2024-03-31T18:08:31.160000Z')",P,PURA,"(1.0, 0.87466675)"
"(2024000355, 2279)","('2024-03-31T18:08:31.520000Z', '2024-03-31T18:08:31.540000Z')",P,CLUD,"(1.0, 0.82441515)"
"(2024000355, 1759)","('2024-03-31T18:08:31.640000Z', '2024-03-31T18:08:31.730000Z')",P,STAL,"(1.0, 0.70493007)"
"(2024000355, 1979)","('2024-03-31T18:08:32.530000Z', '2024-03-31T18:08:32.780000Z')",S,PURA,"(1.0, 0.78250325)"
"(2024000355, 2316)","('2024-03-31T18:08:32.880000Z', '2024-03-31T18:08:32.970000Z')",P,CSM,"(1.0, 0.6731244)"
"(2024000355, 2229)","('2024-03-31T18:08:32.980000Z', '2024-03-31T18:08:32.940000Z')",P,BOO,"(1.0, 0.4737298)"
"(2024000355, 2280)","('2024-03-31T18:08:33.380000Z', '2024-03-31T18:08:33.450000Z')",S,CLUD,"(1.0, 0.7400579)"
"(2024000355, 1760)","('2024-03-31T18:08:33.670000Z', '2024-03-31T18:08:33.960000Z')",S,STAL,"(1.0, 0.6537087)"
"(2024000355, 2473)","('2024-03-31T18:08:34.280000Z', '2024-03-31T18:08:34.220000Z')",P,MLN,"(1.0, 0.1734848)"
"(2024000355, 2176)","('2024-03-31T18:08:35.310000Z', '2024-03-31T18:08:35.120000Z')",P,BAD,"(1.0, 0.5558668)"
"(2024000355, 2230)","('2024-03-31T18:08:36.000000Z', '2024-03-31T18:08:36.170000Z')",S,BOO,"(1.0, 0.66918534)"
"(2024000355, 2032)","('2024-03-31T18:08:38.000000Z', '2024-03-31T18:08:38.010000Z')",P,ABTA,"(1.0, 0.8360585)"
"(2024000355, 2474)","('2024-03-31T18:08:38.560000Z', '2024-03-31T18:08:38.930000Z')",S,MLN,"(1.0, 0.40189222)"
"(2024000355, 2177)","('2024-03-31T18:08:40.720000Z', '2024-03-31T18:08:40.860000Z')",S,BAD,"(1.0, 0.43216473)"
"(2024000355, 2033)","('2024-03-31T18:08:43.770000Z', '2024-03-31T18:08:43.880000Z')",S,ABTA,"(1.0, 0.6426925)"
"(2024000356, 2126)","('2024-03-31T21:16:51.370000Z', '2024-03-31T21:16:51.370000Z')",P,AFL,"(1.0, 0.7171438)"
"(2024000356, 2318)","('2024-03-31T21:16:52.180000Z', '2024-03-31T21:16:52.350000Z')",P,CSM,"(1.0, 0.6684107)"
"(2024000356, 2035)","('2024-03-31T21:16:52.390000Z', '2024-03-31T21:16:52.400000Z')",P,ABTA,"(1.0, 0.8626864)"
"(2024000356, 1982)","('2024-03-31T21:16:53.970000Z', '2024-03-31T21:16:53.730000Z')",P,PURA,"(1.0, 0.42717588)"
"(2024000356, 2127)","('2024-03-31T21:16:54.200000Z', '2024-03-31T21:16:54.270000Z')",S,AFL,"(1.0, 0.6656537)"
"(2024000356, 2036)","('2024-03-31T21:16:54.840000Z', '2024-03-31T21:16:55.200000Z')",S,ABTA,"(1.0, 0.7410935)"
"(2024000356, 2319)","('2024-03-31T21:16:55.190000Z', '2024-03-31T21:16:55.350000Z')",S,CSM,"(1.0, 0.58114463)"
"(2024000356, 1983)","('2024-03-31T21:16:57.880000Z', '2024-03-31T21:16:58.200000Z')",S,PURA,"(1.0, 0.36580545)"
"(2024000357, 2428)","('2024-03-31T23:11:40.260000Z', '2024-03-31T23:11:40.290000Z')",P,MARN,"(1.0, 0.76677424)"
"(2024000357, 4400)","('2024-03-31T23:11:40.740000Z', '2024-03-31T23:11:40.800000Z')",P,DOSS,"(1.0, 0.75098723)"
"(2024000357, 3818)","('2024-03-31T23:11:41.410000Z', '2024-03-31T23:11:41.490000Z')",P,LUSI,"(1.0, 0.780083)"
"(2024000357, 2391)","('2024-03-31T23:11:41.860000Z', '2024-03-31T23:11:41.860000Z')",P,GARG,"(1.0, 0.72135943)"
"(2024000357, 1448)","('2024-03-31T23:11:42.230000Z', '2024-03-31T23:11:42.270000Z')",P,MAGA,"(1.0, 0.64341193)"
"(2024000357, 2429)","('2024-03-31T23:11:42.230000Z', '2024-03-31T23:11:42.620000Z')",S,MARN,"(1.0, 0.7371963)"
"(2024000357, 4401)","('2024-03-31T23:11:43.370000Z', '2024-03-31T23:11:43.470000Z')",S,DOSS,"(1.0, 0.78064483)"
"(2024000357, 4416)","('2024-03-31T23:11:43.640000Z', '2024-03-31T23:11:43.690000Z')",P,GAGG,"(1.0, 0.622893)"
"(2024000357, 3819)","('2024-03-31T23:11:44.560000Z', '2024-03-31T23:11:44.790000Z')",S,LUSI,"(1.0, 0.7801404)"
"(2024000357, 2392)","('2024-03-31T23:11:45.430000Z', '2024-03-31T23:11:45.440000Z')",S,GARG,"(1.0, 0.723549)"
"(2024000357, 1449)","('2024-03-31T23:11:46.270000Z', '2024-03-31T23:11:46.400000Z')",S,MAGA,"(1.0, 0.5415943)"
"(2024000357, 4417)","('2024-03-31T23:11:48.460000Z', '2024-03-31T23:11:48.480000Z')",S,GAGG,"(1.0, 0.70255613)"
"(2024000358, 1568)","('2024-04-01T04:02:01.040000Z', '2024-04-01T04:02:01.080000Z')",P,PURA,"(1.0, 0.8716759)"
"(2024000358, 1440)","('2024-04-01T04:02:01.310000Z', '2024-04-01T04:02:01.400000Z')",P,STAL,"(1.0, 0.7992793)"
"(2024000358, 1793)","('2024-04-01T04:02:01.340000Z', '2024-04-01T04:02:01.370000Z')",P,CLUD,"(1.0, 0.8842614)"
"(2024000358, 1924)","('2024-04-01T04:02:02.540000Z', '2024-04-01T04:02:02.390000Z')",P,MPRI,"(1.0, 0.42012656)"
"(2024000358, 1569)","('2024-04-01T04:02:02.550000Z', '2024-04-01T04:02:02.780000Z')",S,PURA,"(1.0, 0.8034471)"
"(2024000358, 1811)","('2024-04-01T04:02:02.790000Z', '2024-04-01T04:02:02.880000Z')",P,CSM,"(1.0, 0.118135884)"
"(2024000358, 1441)","('2024-04-01T04:02:03.170000Z', '2024-04-01T04:02:03.500000Z')",S,STAL,"(1.0, 0.63200474)"
"(2024000358, 1794)","('2024-04-01T04:02:03.260000Z', '2024-04-01T04:02:03.390000Z')",S,CLUD,"(1.0, 0.7981432)"
"(2024000358, 2546)","('2024-04-01T04:02:03.660000Z', '2024-04-01T04:02:03.740000Z')",P,GEPF,"(1.0, 0.62753826)"
"(2024000358, 1698)","('2024-04-01T04:02:04.890000Z', '2024-04-01T04:02:05.000000Z')",P,BAD,"(1.0, 0.87781537)"
"(2024000358, 1925)","('2024-04-01T04:02:05.030000Z', '2024-04-01T04:02:05.030000Z')",S,MPRI,"(1.0, 0.59849155)"
"(2024000358, 1595)","('2024-04-01T04:02:05.200000Z', '2024-04-01T04:02:05.020000Z')",P,VINO,"(1.0, 0.6973528)"
"(2024000358, 1812)","('2024-04-01T04:02:05.740000Z', '2024-04-01T04:02:05.940000Z')",S,CSM,"(1.0, 0.576249)"
"(2024000358, 1779)","('2024-04-01T04:02:07.230000Z', '2024-04-01T04:02:07.040000Z')",P,CAE,"(1.0, 0.6958206)"
"(2024000358, 1797)","('2024-04-01T04:02:07.480000Z', '2024-04-01T04:02:07.530000Z')",P,COLI,"(1.0, 0.76076126)"
"(2024000358, 2547)","('2024-04-01T04:02:07.560000Z', '2024-04-01T04:02:07.760000Z')",S,GEPF,"(1.0, 0.5675751)"
"(2024000358, 1615)","('2024-04-01T04:02:07.780000Z', '2024-04-01T04:02:07.780000Z')",P,ABTA,"(1.0, 0.63466513)"
"(2024000358, 1699)","('2024-04-01T04:02:10.020000Z', '2024-04-01T04:02:10.400000Z')",S,BAD,"(1.0, 0.4973209)"
"(2024000358, 1596)","('2024-04-01T04:02:10.860000Z', '2024-04-01T04:02:11.070000Z')",S,VINO,"(1.0, 0.42356494)"
"(2024000358, 1616)","('2024-04-01T04:02:13.560000Z', '2024-04-01T04:02:13.790000Z')",S,ABTA,"(1.0, 0.6744606)"
"(2024000358, 1780)","('2024-04-01T04:02:14.090000Z', '2024-04-01T04:02:14.580000Z')",S,CAE,"(1.0, 0.6321324)"
"(2024000358, 1798)","('2024-04-01T04:02:14.800000Z', '2024-04-01T04:02:15.090000Z')",S,COLI,"(1.0, 0.35850796)"
"(2024000359, 3472)","('2024-04-01T11:23:55.370000Z', '2024-04-01T11:23:55.320000Z')",P,ROBS,"(1.0, 0.80967134)"
"(2024000359, 1953)","('2024-04-01T11:23:55.640000Z', '2024-04-01T11:23:55.670000Z')",P,PRED,"(1.0, 0.8232963)"
"(2024000359, 1857)","('2024-04-01T11:23:56.080000Z', '2024-04-01T11:23:56.120000Z')",P,LSR,"(1.0, 0.6352038)"
"(2024000359, 1602)","('2024-04-01T11:23:56.220000Z', '2024-04-01T11:23:56.210000Z')",P,VINO,"(1.0, 0.7397882)"
"(2024000359, 1700)","('2024-04-01T11:23:56.870000Z', '2024-04-01T11:23:56.900000Z')",P,BAD,"(1.0, 0.68512976)"
"(2024000359, 3473)","('2024-04-01T11:23:57.340000Z', '2024-04-01T11:23:57.660000Z')",S,ROBS,"(1.0, 0.8213922)"
"(2024000359, 1800)","('2024-04-01T11:23:57.420000Z', '2024-04-01T11:23:57.410000Z')",P,COLI,"(1.0, 0.5756856)"
"(2024000359, 1954)","('2024-04-01T11:23:57.770000Z', '2024-04-01T11:23:58.040000Z')",S,PRED,"(1.0, 0.7188123)"
"(2024000359, 1858)","('2024-04-01T11:23:59.130000Z', '2024-04-01T11:23:58.860000Z')",S,LSR,"(1.0, 0.51686805)"
"(2024000359, 1603)","('2024-04-01T11:23:59.140000Z', '2024-04-01T11:23:59.240000Z')",S,VINO,"(1.0, 0.40735886)"
"(2024000359, 1701)","('2024-04-01T11:24:00.450000Z', '2024-04-01T11:24:00.640000Z')",S,BAD,"(1.0, 0.67418176)"
"(2024000359, 1801)","('2024-04-01T11:24:01.010000Z', '2024-04-01T11:24:01.400000Z')",S,COLI,"(1.0, 0.7518169)"
"(2024000360, 1092)","('2024-04-01T15:07:58.970000Z', '2024-04-01T15:07:58.950000Z')",P,INVI,"(1.0, 0.8544734)"
"(2024000360, 1587)","('2024-04-01T15:07:58.990000Z', '2024-04-01T15:07:59.000000Z')",P,PURA,"(1.0, 0.8340901)"
"(2024000360, 1090)","('2024-04-01T15:07:59.180000Z', '2024-04-01T15:07:59.160000Z')",P,CHIE,"(1.0, 0.88692755)"
"(2024000360, 1442)","('2024-04-01T15:07:59.290000Z', '2024-04-01T15:07:59.280000Z')",P,STAL,"(1.0, 0.86121666)"
"(2024000360, 1795)","('2024-04-01T15:07:59.320000Z', '2024-04-01T15:07:59.330000Z')",P,CLUD,"(1.0, 0.88122505)"
"(2024000360, 1823)","('2024-04-01T15:07:59.790000Z', '2024-04-01T15:07:59.810000Z')",P,FUSE,"(1.0, 0.644446)"
"(2024000360, 1928)","('2024-04-01T15:08:00.050000Z', '2024-04-01T15:08:00.050000Z')",P,MPRI,"(1.0, 0.77722555)"
"(2024000360, 1588)","('2024-04-01T15:08:00.530000Z', '2024-04-01T15:08:00.770000Z')",S,PURA,"(1.0, 0.79471546)"
"(2024000360, 1772)","('2024-04-01T15:08:00.570000Z', '2024-04-01T15:08:00.560000Z')",P,BOO,"(1.0, 0.7834208)"
"(2024000360, 1818)","('2024-04-01T15:08:00.760000Z', '2024-04-01T15:08:00.740000Z')",P,CSM,"(1.0, 0.7631898)"
"(2024000360, 1796)","('2024-04-01T15:08:01.090000Z', '2024-04-01T15:08:01.340000Z')",S,CLUD,"(1.0, 0.78121036)"
"(2024000360, 1091)","('2024-04-01T15:08:01.210000Z', '2024-04-01T15:08:01.210000Z')",S,CHIE,"(1.0, 0.784468)"
"(2024000360, 1918)","('2024-04-01T15:08:01.410000Z', '2024-04-01T15:08:01.440000Z')",P,MLN,"(1.0, 0.7635112)"
"(2024000360, 2007)","('2024-04-01T15:08:01.480000Z', '2024-04-01T15:08:01.490000Z')",P,ZOU,"(1.0, 0.8156717)"
"(2024000360, 1175)","('2024-04-01T15:08:01.630000Z', '2024-04-01T15:08:01.660000Z')",P,FVI,"(1.0, 0.6672057)"
"(2024000360, 2548)","('2024-04-01T15:08:01.680000Z', '2024-04-01T15:08:01.670000Z')",P,GEPF,"(1.0, 0.69652)"
"(2024000360, 1777)","('2024-04-01T15:08:01.940000Z', '2024-04-01T15:08:01.780000Z')",P,BUA,"(1.0, 0.69252187)"
"(2024000360, 1824)","('2024-04-01T15:08:02.000000Z', '2024-04-01T15:08:02.420000Z')",S,FUSE,"(1.0, 0.269793)"
"(2024000360, 1929)","('2024-04-01T15:08:02.670000Z', '2024-04-01T15:08:02.790000Z')",S,MPRI,"(1.0, 0.58345276)"
"(2024000360, 1702)","('2024-04-01T15:08:02.790000Z', '2024-04-01T15:08:02.920000Z')",P,BAD,"(1.0, 0.8334176)"
"(2024000360, 1951)","('2024-04-01T15:08:02.990000Z', '2024-04-01T15:08:02.870000Z')",P,PLRO,"(1.0, 0.6061738)"
"(2024000360, 1819)","('2024-04-01T15:08:03.440000Z', '2024-04-01T15:08:03.940000Z')",S,CSM,"(1.0, 0.46673092)"
"(2024000360, 1687)","('2024-04-01T15:08:03.740000Z', '2024-04-01T15:08:03.750000Z')",P,APGO,"(1.0, 0.8004705)"
"(2024000360, 1773)","('2024-04-01T15:08:03.740000Z', '2024-04-01T15:08:03.800000Z')",S,BOO,"(1.0, 0.582889)"
"(2024000360, 1280)","('2024-04-01T15:08:04.040000Z', '2024-04-01T15:08:03.800000Z')",P,PTCC,"(1.0, 0.2584754)"
"(2024000360, 1553)","('2024-04-01T15:08:04.470000Z', '2024-04-01T15:08:04.490000Z')",P,POLC,"(1.0, 0.5814463)"
"(2024000360, 1783)","('2024-04-01T15:08:04.940000Z', '2024-04-01T15:08:05.000000Z')",P,CAE,"(1.0, 0.93391746)"
"(2024000360, 2008)","('2024-04-01T15:08:05.190000Z', '2024-04-01T15:08:05.190000Z')",S,ZOU,"(1.0, 0.4463102)"
"(2024000360, 1802)","('2024-04-01T15:08:05.280000Z', '2024-04-01T15:08:05.000000Z')",P,COLI,"(1.0, 0.85242945)"
"(2024000360, 1176)","('2024-04-01T15:08:05.330000Z', '2024-04-01T15:08:05.480000Z')",S,FVI,"(1.0, 0.820496)"
"(2024000360, 1617)","('2024-04-01T15:08:05.400000Z', '2024-04-01T15:08:05.410000Z')",P,ABTA,"(1.0, 0.7129504)"
"(2024000360, 2549)","('2024-04-01T15:08:05.450000Z', '2024-04-01T15:08:05.650000Z')",S,GEPF,"(1.0, 0.71545875)"
"(2024000360, 1999)","('2024-04-01T15:08:05.800000Z', '2024-04-01T15:08:06.000000Z')",P,TLI,"(1.0, 0.85150343)"
"(2024000360, 1919)","('2024-04-01T15:08:05.850000Z', '2024-04-01T15:08:05.970000Z')",S,MLN,"(1.0, 0.2538526)"
"(2024000360, 1778)","('2024-04-01T15:08:06.060000Z', '2024-04-01T15:08:06.330000Z')",S,BUA,"(1.0, 0.5240579)"
"(2024000360, 1664)","('2024-04-01T15:08:06.310000Z', '2024-04-01T15:08:06.450000Z')",P,AFL,"(1.0, 0.502987)"
"(2024000360, 1859)","('2024-04-01T15:08:06.370000Z', '2024-04-01T15:08:06.390000Z')",P,LSR,"(1.0, 0.7335249)"
"(2024000360, 1955)","('2024-04-01T15:08:06.570000Z', '2024-04-01T15:08:06.650000Z')",P,PRED,"(1.0, 0.39370513)"
"(2024000360, 1952)","('2024-04-01T15:08:07.300000Z', '2024-04-01T15:08:07.530000Z')",S,PLRO,"(1.0, 0.60814714)"
"(2024000360, 1653)","('2024-04-01T15:08:07.330000Z', '2024-04-01T15:08:07.000000Z')",P,ACOM,"(1.0, 0.84095025)"
"(2024000360, 1703)","('2024-04-01T15:08:07.840000Z', '2024-04-01T15:08:08.120000Z')",S,BAD,"(1.0, 0.378926)"
"(2024000360, 1820)","('2024-04-01T15:08:08.080000Z', '2024-04-01T15:08:07.950000Z')",P,DRE,"(1.0, 0.68285674)"
"(2024000360, 1634)","('2024-04-01T15:08:08.660000Z', '2024-04-01T15:08:08.990000Z')",P,MYKA,"(1.0, 0.7214552)"
"(2024000360, 3243)","('2024-04-01T15:08:08.710000Z', '2024-04-01T15:08:08.690000Z')",P,CADS,"(1.0, 0.17157508)"
"(2024000360, 1004)","('2024-04-01T15:08:09.100000Z', '2024-04-01T15:08:08.990000Z')",P,ED06,"(1.0, 0.8385192)"
"(2024000360, 1688)","('2024-04-01T15:08:09.330000Z', '2024-04-01T15:08:09.410000Z')",S,APGO,"(1.0, 0.6763455)"
"(2024000360, 1959)","('2024-04-01T15:08:09.650000Z', '2024-04-01T15:08:09.400000Z')",P,SABO,"(1.0, 0.15847205)"
"(2024000360, 1555)","('2024-04-01T15:08:11.270000Z', '2024-04-01T15:08:11.660000Z')",S,POLC,"(1.0, 0.40999871)"
"(2024000360, 3523)","('2024-04-01T15:08:11.290000Z', '2024-04-01T15:08:11.350000Z')",P,VOJS,"(1.0, 0.17881198)"
"(2024000360, 3413)","('2024-04-01T15:08:11.420000Z', '2024-04-01T15:08:11.040000Z')",P,GORS,"(1.0, 0.42866567)"
"(2024000360, 1784)","('2024-04-01T15:08:12.110000Z', '2024-04-01T15:08:12.370000Z')",S,CAE,"(1.0, 0.56215894)"
"(2024000360, 1624)","('2024-04-01T15:08:12.390000Z', '2024-04-01T15:08:12.450000Z')",P,KBA,"(1.0, 0.72435033)"
"(2024000360, 1803)","('2024-04-01T15:08:12.960000Z', '2024-04-01T15:08:12.900000Z')",S,COLI,"(1.0, 0.51032233)"
"(2024000360, 1665)","('2024-04-01T15:08:13.390000Z', '2024-04-01T15:08:13.500000Z')",S,AFL,"(1.0, 0.22228898)"
"(2024000360, 1860)","('2024-04-01T15:08:14.410000Z', '2024-04-01T15:08:14.640000Z')",S,LSR,"(1.0, 0.5937025)"
"(2024000360, 3417)","('2024-04-01T15:08:14.720000Z', '2024-04-01T15:08:14.540000Z')",P,JAVS,"(1.0, 0.6487635)"
"(2024000360, 1654)","('2024-04-01T15:08:15.050000Z', '2024-04-01T15:08:15.260000Z')",S,ACOM,"(1.0, 0.5104569)"
"(2024000360, 1537)","('2024-04-01T15:08:15.190000Z', '2024-04-01T15:08:15.300000Z')",P,TRI,"(1.0, 0.5916907)"
"(2024000360, 1788)","('2024-04-01T15:08:17.150000Z', '2024-04-01T15:08:16.850000Z')",P,CEKR,"(1.0, 0.18646277)"
"(2024000360, 3550)","('2024-04-01T15:08:17.610000Z', '2024-04-01T15:08:17.590000Z')",P,PANI,"(1.0, 0.22954243)"
"(2024000360, 3216)","('2024-04-01T15:08:17.630000Z', '2024-04-01T15:08:17.760000Z')",P,ABSI,"(1.0, 0.6207239)"
"(2024000360, 3490)","('2024-04-01T15:08:19.240000Z', '2024-04-01T15:08:19.210000Z')",P,SKDS,"(1.0, 0.47499084)"
"(2024000360, 3436)","('2024-04-01T15:08:19.340000Z', '2024-04-01T15:08:19.550000Z')",P,MOZS,"(1.0, 0.5331628)"
"(2024000360, 3389)","('2024-04-01T15:08:20.240000Z', '2024-04-01T15:08:20.390000Z')",P,GBAS,"(1.0, 0.3865099)"
"(2024000361, 3342)","('2024-04-01T20:07:26.620000Z', '2024-04-01T20:07:26.620000Z')",P,CEY,"(1.0, 0.8468175)"
"(2024000361, 3494)","('2024-04-01T20:07:27.380000Z', '2024-04-01T20:07:27.400000Z')",P,SKDS,"(1.0, 0.8733305)"
"(2024000361, 3419)","('2024-04-01T20:07:27.390000Z', '2024-04-01T20:07:27.460000Z')",P,JAVS,"(1.0, 0.9110866)"
"(2024000361, 3428)","('2024-04-01T20:07:27.410000Z', '2024-04-01T20:07:27.440000Z')",P,KNDS,"(1.0, 0.86356604)"
"(2024000361, 3395)","('2024-04-01T20:07:28.320000Z', '2024-04-01T20:07:28.280000Z')",P,GBAS,"(1.0, 0.8220503)"
"(2024000361, 3343)","('2024-04-01T20:07:29.730000Z', '2024-04-01T20:07:29.830000Z')",S,CEY,"(1.0, 0.8189129)"
"(2024000361, 3526)","('2024-04-01T20:07:30.350000Z', '2024-04-01T20:07:30.380000Z')",P,VOJS,"(1.0, 0.816294)"
"(2024000361, 3495)","('2024-04-01T20:07:31.180000Z', '2024-04-01T20:07:31.330000Z')",S,SKDS,"(1.0, 0.80884856)"
"(2024000361, 3429)","('2024-04-01T20:07:31.240000Z', '2024-04-01T20:07:31.610000Z')",S,KNDS,"(1.0, 0.6986668)"
"(2024000361, 3420)","('2024-04-01T20:07:31.350000Z', '2024-04-01T20:07:31.500000Z')",S,JAVS,"(1.0, 0.81278133)"
"(2024000361, 3396)","('2024-04-01T20:07:32.660000Z', '2024-04-01T20:07:32.750000Z')",S,GBAS,"(1.0, 0.69002706)"
"(2024000361, 3517)","('2024-04-01T20:07:32.710000Z', '2024-04-01T20:07:32.740000Z')",P,VNDS,"(1.0, 0.8171701)"
"(2024000361, 1539)","('2024-04-01T20:07:33.870000Z', '2024-04-01T20:07:33.970000Z')",S,TRI,"(1.0, 0.12099657)"
"(2024000361, 3438)","('2024-04-01T20:07:35.000000Z', '2024-04-01T20:07:35.010000Z')",P,MOZS,"(1.0, 0.77432656)"
"(2024000361, 3527)","('2024-04-01T20:07:36.280000Z', '2024-04-01T20:07:36.480000Z')",S,VOJS,"(1.0, 0.6406035)"
"(2024000361, 1806)","('2024-04-01T20:07:37.080000Z', '2024-04-01T20:07:37.030000Z')",P,COLI,"(1.0, 0.6886304)"
"(2024000361, 3518)","('2024-04-01T20:07:39.590000Z', '2024-04-01T20:07:39.630000Z')",S,VNDS,"(1.0, 0.29919076)"
"(2024000361, 1807)","('2024-04-01T20:07:46.540000Z', '2024-04-01T20:07:46.660000Z')",S,COLI,"(1.0, 0.69550455)"
"(2024000362, 4354)","('2024-04-02T02:54:27.100000Z', '2024-04-02T02:54:27.110000Z')",P,GBAS,"(1.0, 0.8890599)"
"(2024000362, 4355)","('2024-04-02T02:54:28.580000Z', '2024-04-02T02:54:28.580000Z')",S,GBAS,"(1.0, 0.8621974)"
"(2024000362, 4404)","('2024-04-02T02:54:29.520000Z', '2024-04-02T02:54:29.590000Z')",P,JAVS,"(1.0, 0.28037825)"
"(2024000362, 4159)","('2024-04-02T02:54:30.200000Z', '2024-04-02T02:54:30.060000Z')",P,CEY,"(1.0, 0.7496981)"
"(2024000362, 4513)","('2024-04-02T02:54:31.920000Z', '2024-04-02T02:54:31.710000Z')",P,VOJS,"(1.0, 0.65014863)"
"(2024000362, 4405)","('2024-04-02T02:54:32.890000Z', '2024-04-02T02:54:33.050000Z')",S,JAVS,"(1.0, 0.27344066)"
"(2024000362, 4160)","('2024-04-02T02:54:33.740000Z', '2024-04-02T02:54:33.860000Z')",S,CEY,"(1.0, 0.33409378)"
"(2024000362, 4514)","('2024-04-02T02:54:37.100000Z', '2024-04-02T02:54:37.390000Z')",S,VOJS,"(1.0, 0.53797066)"
"(2024000362, 4394)","('2024-04-02T02:54:39.450000Z', '2024-04-02T02:54:39.750000Z')",S,GORS,"(1.0, 0.35494342)"
"(2024000363, 1326)","('2024-04-02T03:36:11.450000Z', '2024-04-02T03:36:11.460000Z')",P,INVI,"(1.0, 0.805414)"
"(2024000363, 1903)","('2024-04-02T03:36:11.450000Z', '2024-04-02T03:36:11.470000Z')",P,PURA,"(1.0, 0.84834)"
"(2024000363, 1726)","('2024-04-02T03:36:11.760000Z', '2024-04-02T03:36:11.870000Z')",P,STAL,"(1.0, 0.8408361)"
"(2024000363, 2481)","('2024-04-02T03:36:11.800000Z', '2024-04-02T03:36:11.860000Z')",P,CLUD,"(1.0, 0.876871)"
"(2024000363, 2513)","('2024-04-02T03:36:12.310000Z', '2024-04-02T03:36:12.280000Z')",P,FUSE,"(1.0, 0.5777284)"
"(2024000363, 2622)","('2024-04-02T03:36:12.590000Z', '2024-04-02T03:36:12.530000Z')",P,MPRI,"(1.0, 0.70359206)"
"(2024000363, 1904)","('2024-04-02T03:36:13.010000Z', '2024-04-02T03:36:13.290000Z')",S,PURA,"(1.0, 0.70115286)"
"(2024000363, 2371)","('2024-04-02T03:36:13.070000Z', '2024-04-02T03:36:13.080000Z')",P,BOO,"(1.0, 0.8811418)"
"(2024000363, 2498)","('2024-04-02T03:36:13.170000Z', '2024-04-02T03:36:13.160000Z')",P,CSM,"(1.0, 0.7492407)"
"(2024000363, 2482)","('2024-04-02T03:36:13.710000Z', '2024-04-02T03:36:13.850000Z')",S,CLUD,"(1.0, 0.82068366)"
"(2024000363, 2474)","('2024-04-02T03:36:13.820000Z', '2024-04-02T03:36:13.910000Z')",P,CIMO,"(1.0, 0.64895034)"
"(2024000363, 3078)","('2024-04-02T03:36:13.820000Z', '2024-04-02T03:36:13.970000Z')",P,GEPF,"(1.0, 0.8169101)"
"(2024000363, 2682)","('2024-04-02T03:36:13.960000Z', '2024-04-02T03:36:13.990000Z')",P,ZOU,"(1.0, 0.8503519)"
"(2024000363, 1427)","('2024-04-02T03:36:14.050000Z', '2024-04-02T03:36:14.120000Z')",P,FVI,"(1.0, 0.8677591)"
"(2024000363, 2618)","('2024-04-02T03:36:14.090000Z', '2024-04-02T03:36:14.020000Z')",P,MLN,"(1.0, 0.709347)"
"(2024000363, 2381)","('2024-04-02T03:36:14.110000Z', '2024-04-02T03:36:14.140000Z')",P,BUA,"(1.0, 0.86243266)"
"(2024000363, 2514)","('2024-04-02T03:36:14.590000Z', '2024-04-02T03:36:14.830000Z')",S,FUSE,"(1.0, 0.6697749)"
"(2024000363, 2074)","('2024-04-02T03:36:15.230000Z', '2024-04-02T03:36:15.310000Z')",P,BAD,"(1.0, 0.85042465)"
"(2024000363, 2639)","('2024-04-02T03:36:15.280000Z', '2024-04-02T03:36:15.290000Z')",P,PLRO,"(1.0, 0.695025)"
"(2024000363, 1921)","('2024-04-02T03:36:15.460000Z', '2024-04-02T03:36:15.410000Z')",P,VINO,"(1.0, 0.7427825)"
"(2024000363, 2623)","('2024-04-02T03:36:15.520000Z', '2024-04-02T03:36:15.670000Z')",S,MPRI,"(1.0, 0.5098331)"
"(2024000363, 2502)","('2024-04-02T03:36:15.900000Z', '2024-04-02T03:36:15.680000Z')",P,CSO,"(1.0, 0.59261847)"
"(2024000363, 2372)","('2024-04-02T03:36:15.940000Z', '2024-04-02T03:36:16.390000Z')",S,BOO,"(1.0, 0.49580523)"
"(2024000363, 2046)","('2024-04-02T03:36:16.100000Z', '2024-04-02T03:36:16.080000Z')",P,APGO,"(1.0, 0.79970866)"
"(2024000363, 2499)","('2024-04-02T03:36:16.150000Z', '2024-04-02T03:36:16.440000Z')",S,CSM,"(1.0, 0.60856915)"
"(2024000363, 1529)","('2024-04-02T03:36:16.290000Z', '2024-04-02T03:36:16.240000Z')",P,PTCC,"(1.0, 0.6396738)"
"(2024000363, 1889)","('2024-04-02T03:36:17.140000Z', '2024-04-02T03:36:17.130000Z')",P,POLC,"(1.0, 0.64270097)"
"(2024000363, 2475)","('2024-04-02T03:36:17.490000Z', '2024-04-02T03:36:17.770000Z')",S,CIMO,"(1.0, 0.32507128)"
"(2024000363, 2683)","('2024-04-02T03:36:17.570000Z', '2024-04-02T03:36:17.780000Z')",S,ZOU,"(1.0, 0.7075219)"
"(2024000363, 2390)","('2024-04-02T03:36:17.670000Z', '2024-04-02T03:36:17.650000Z')",P,CAE,"(1.0, 0.646487)"
"(2024000363, 2494)","('2024-04-02T03:36:17.750000Z', '2024-04-02T03:36:17.800000Z')",P,COLI,"(1.0, 0.75562406)"
"(2024000363, 1428)","('2024-04-02T03:36:17.800000Z', '2024-04-02T03:36:18.020000Z')",S,FVI,"(1.0, 0.74068695)"
"(2024000363, 1939)","('2024-04-02T03:36:17.910000Z', '2024-04-02T03:36:17.820000Z')",P,ABTA,"(1.0, 0.6680601)"
"(2024000363, 3079)","('2024-04-02T03:36:17.940000Z', '2024-04-02T03:36:18.200000Z')",S,GEPF,"(1.0, 0.7043508)"
"(2024000363, 4465)","('2024-04-02T03:36:17.960000Z', '2024-04-02T03:36:18.030000Z')",P,ROBS,"(1.0, 0.78240556)"
"(2024000363, 2658)","('2024-04-02T03:36:18.320000Z', '2024-04-02T03:36:18.330000Z')",P,TLI,"(1.0, 0.66493803)"
"(2024000363, 2619)","('2024-04-02T03:36:18.550000Z', '2024-04-02T03:36:18.250000Z')",S,MLN,"(1.0, 0.25277174)"
"(2024000363, 2382)","('2024-04-02T03:36:18.660000Z', '2024-04-02T03:36:18.760000Z')",S,BUA,"(1.0, 0.4605344)"
"(2024000363, 2033)","('2024-04-02T03:36:18.760000Z', '2024-04-02T03:36:18.840000Z')",P,AFL,"(1.0, 0.5639112)"
"(2024000363, 2548)","('2024-04-02T03:36:18.840000Z', '2024-04-02T03:36:18.890000Z')",P,LSR,"(1.0, 0.767013)"
"(2024000363, 2645)","('2024-04-02T03:36:18.990000Z', '2024-04-02T03:36:18.990000Z')",P,PRED,"(1.0, 0.7390038)"
"(2024000363, 2014)","('2024-04-02T03:36:19.540000Z', '2024-04-02T03:36:19.580000Z')",P,ACOM,"(1.0, 0.55122524)"
"(2024000363, 2640)","('2024-04-02T03:36:19.930000Z', '2024-04-02T03:36:20.110000Z')",S,PLRO,"(1.0, 0.63011426)"
"(2024000363, 2075)","('2024-04-02T03:36:20.370000Z', '2024-04-02T03:36:20.630000Z')",S,BAD,"(1.0, 0.5736736)"
"(2024000363, 2505)","('2024-04-02T03:36:20.440000Z', '2024-04-02T03:36:20.110000Z')",P,DRE,"(1.0, 0.5673579)"
"(2024000363, 4139)","('2024-04-02T03:36:20.850000Z', '2024-04-02T03:36:20.840000Z')",P,CADS,"(1.0, 0.48558712)"
"(2024000363, 1922)","('2024-04-02T03:36:21.100000Z', '2024-04-02T03:36:21.390000Z')",S,VINO,"(1.0, 0.34720957)"
"(2024000363, 1990)","('2024-04-02T03:36:21.530000Z', '2024-04-02T03:36:21.440000Z')",P,MYKA,"(1.0, 0.3660526)"
"(2024000363, 2047)","('2024-04-02T03:36:21.670000Z', '2024-04-02T03:36:21.830000Z')",S,APGO,"(1.0, 0.6664931)"
"(2024000363, 2654)","('2024-04-02T03:36:22.030000Z', '2024-04-02T03:36:21.810000Z')",P,SABO,"(1.0, 0.41261142)"
"(2024000363, 4515)","('2024-04-02T03:36:23.870000Z', '2024-04-02T03:36:23.840000Z')",P,VOJS,"(1.0, 0.680593)"
"(2024000363, 1940)","('2024-04-02T03:36:24.120000Z', '2024-04-02T03:36:24.260000Z')",S,ABTA,"(1.0, 0.54816246)"
"(2024000363, 4395)","('2024-04-02T03:36:24.350000Z', '2024-04-02T03:36:24.040000Z')",P,GORS,"(1.0, 0.2015285)"
"(2024000363, 2391)","('2024-04-02T03:36:24.790000Z', '2024-04-02T03:36:24.880000Z')",S,CAE,"(1.0, 0.2826088)"
"(2024000363, 1952)","('2024-04-02T03:36:25.040000Z', '2024-04-02T03:36:25.100000Z')",P,KBA,"(1.0, 0.5389343)"
"(2024000363, 2495)","('2024-04-02T03:36:25.280000Z', '2024-04-02T03:36:25.530000Z')",S,COLI,"(1.0, 0.36552987)"
"(2024000363, 2034)","('2024-04-02T03:36:25.700000Z', '2024-04-02T03:36:25.990000Z')",S,AFL,"(1.0, 0.3170815)"
"(2024000363, 4567)","('2024-04-02T03:36:25.940000Z', '2024-04-02T03:36:25.980000Z')",P,ZIAN,"(1.0, 0.48618022)"
"(2024000363, 1389)","('2024-04-02T03:36:26.480000Z', '2024-04-02T03:36:26.340000Z')",P,CTI,"(1.0, 0.25134498)"
"(2024000363, 2549)","('2024-04-02T03:36:26.700000Z', '2024-04-02T03:36:27.020000Z')",S,LSR,"(1.0, 0.51745427)"
"(2024000363, 2646)","('2024-04-02T03:36:26.710000Z', '2024-04-02T03:36:27.060000Z')",S,PRED,"(1.0, 0.52510655)"
"(2024000363, 1864)","('2024-04-02T03:36:26.780000Z', '2024-04-02T03:36:26.890000Z')",P,TRI,"(1.0, 0.47354227)"
"(2024000363, 4406)","('2024-04-02T03:36:27.080000Z', '2024-04-02T03:36:26.930000Z')",P,JAVS,"(1.0, 0.46274573)"
"(2024000363, 2015)","('2024-04-02T03:36:27.490000Z', '2024-04-02T03:36:27.820000Z')",S,ACOM,"(1.0, 0.50643635)"
"(2024000363, 4120)","('2024-04-02T03:36:28.460000Z', '2024-04-02T03:36:28.470000Z')",P,KOSI,"(1.0, 0.57870036)"
"(2024000363, 1866)","('2024-04-02T03:36:28.740000Z', '2024-04-02T03:36:28.740000Z')",P,DST2,"(1.0, 0.49221888)"
"(2024000363, 2506)","('2024-04-02T03:36:29.440000Z', '2024-04-02T03:36:29.850000Z')",S,DRE,"(1.0, 0.23621167)"
"(2024000363, 2412)","('2024-04-02T03:36:29.600000Z', '2024-04-02T03:36:29.590000Z')",P,CEKR,"(1.0, 0.19293715)"
"(2024000363, 4555)","('2024-04-02T03:36:30.000000Z', '2024-04-02T03:36:30.150000Z')",P,PANI,"(1.0, 0.50721216)"
"(2024000363, 4113)","('2024-04-02T03:36:30.040000Z', '2024-04-02T03:36:30.150000Z')",P,ABSI,"(1.0, 0.21589391)"
"(2024000363, 1991)","('2024-04-02T03:36:30.520000Z', '2024-04-02T03:36:30.760000Z')",S,MYKA,"(1.0, 0.48953316)"
"(2024000363, 4140)","('2024-04-02T03:36:31.180000Z', '2024-04-02T03:36:31.140000Z')",S,CADS,"(1.0, 0.23721749)"
"(2024000363, 4475)","('2024-04-02T03:36:31.790000Z', '2024-04-02T03:36:31.760000Z')",P,SKDS,"(1.0, 0.29093596)"
"(2024000363, 4434)","('2024-04-02T03:36:31.970000Z', '2024-04-02T03:36:32.190000Z')",P,MOZS,"(1.0, 0.2096751)"
"(2024000363, 4356)","('2024-04-02T03:36:32.540000Z', '2024-04-02T03:36:32.710000Z')",P,GBAS,"(1.0, 0.15757497)"
"(2024000363, 4167)","('2024-04-02T03:36:33.860000Z', '2024-04-02T03:36:33.750000Z')",P,CEY,"(1.0, 0.52756155)"
"(2024000363, 4509)","('2024-04-02T03:36:34.780000Z', '2024-04-02T03:36:35.020000Z')",P,VNDS,"(1.0, 0.55650854)"
"(2024000363, 4417)","('2024-04-02T03:36:35.020000Z', '2024-04-02T03:36:35.000000Z')",P,KNDS,"(1.0, 0.91359484)"
"(2024000363, 4545)","('2024-04-02T03:36:35.250000Z', '2024-04-02T03:36:35.020000Z')",P,GAGG,"(1.0, 0.79296255)"
"(2024000363, 1953)","('2024-04-02T03:36:35.530000Z', '2024-04-02T03:36:35.680000Z')",S,KBA,"(1.0, 0.5549327)"
"(2024000363, 4124)","('2024-04-02T03:36:35.650000Z', '2024-04-02T03:36:35.990000Z')",P,LUSI,"(1.0, 0.44081452)"
"(2024000363, 4516)","('2024-04-02T03:36:36.920000Z', '2024-04-02T03:36:37.020000Z')",S,VOJS,"(1.0, 0.31650278)"
"(2024000363, 4529)","('2024-04-02T03:36:37.160000Z', '2024-04-02T03:36:37.000000Z')",P,CARE,"(1.0, 0.89262056)"
"(2024000363, 1948)","('2024-04-02T03:36:38.750000Z', '2024-04-02T03:36:39.000000Z')",P,FETA,"(1.0, 0.84076464)"
"(2024000363, 4130)","('2024-04-02T03:36:39.160000Z', '2024-04-02T03:36:39.010000Z')",P,MOSI,"(1.0, 0.55358315)"
"(2024000363, 1435)","('2024-04-02T03:36:39.180000Z', '2024-04-02T03:36:39.010000Z')",P,MABI,"(1.0, 0.29174066)"
"(2024000363, 4559)","('2024-04-02T03:36:39.220000Z', '2024-04-02T03:36:39.000000Z')",P,RONC,"(1.0, 0.6315067)"
"(2024000363, 1449)","('2024-04-02T03:36:39.860000Z', '2024-04-02T03:36:40.000000Z')",P,MAGA,"(1.0, 0.81861156)"
"(2024000363, 1372)","('2024-04-02T03:36:40.680000Z', '2024-04-02T03:36:41.000000Z')",P,BRMO,"(1.0, 0.31636184)"
"(2024000363, 4357)","('2024-04-02T03:36:50.820000Z', '2024-04-02T03:36:50.750000Z')",S,GBAS,"(1.0, 0.3056978)"
"(2024000363, 4536)","('2024-04-02T03:36:50.960000Z', '2024-04-02T03:36:51.320000Z')",S,DOSS,"(1.0, 0.41917822)"
"(2024000363, 4168)","('2024-04-02T03:36:52.400000Z', '2024-04-02T03:36:52.620000Z')",S,CEY,"(1.0, 0.41050926)"
"(2024000363, 2567)","('2024-04-02T03:36:53.140000Z', '2024-04-02T03:36:53.350000Z')",S,MARN,"(1.0, 0.53616583)"
"(2024000364, 1931)","('2024-04-02T10:50:48.750000Z', '2024-04-02T10:50:48.780000Z')",P,VINO,"(1.0, 0.8961783)"
"(2024000364, 2078)","('2024-04-02T10:50:48.840000Z', '2024-04-02T10:50:48.850000Z')",P,BAD,"(1.0, 0.8640574)"
"(2024000364, 3080)","('2024-04-02T10:50:49.310000Z', '2024-04-02T10:50:49.350000Z')",P,GEPF,"(1.0, 0.879072)"
"(2024000364, 2383)","('2024-04-02T10:50:49.690000Z', '2024-04-02T10:50:49.700000Z')",P,BUA,"(1.0, 0.8585996)"
"(2024000364, 1932)","('2024-04-02T10:50:49.840000Z', '2024-04-02T10:50:49.930000Z')",S,VINO,"(1.0, 0.8735693)"
"(2024000364, 2374)","('2024-04-02T10:50:49.850000Z', '2024-04-02T10:50:49.860000Z')",P,BOO,"(1.0, 0.9003886)"
"(2024000364, 2079)","('2024-04-02T10:50:50.050000Z', '2024-04-02T10:50:50.090000Z')",S,BAD,"(1.0, 0.88139147)"
"(2024000364, 4469)","('2024-04-02T10:50:50.700000Z', '2024-04-02T10:50:50.730000Z')",P,ROBS,"(1.0, 0.7165317)"
"(2024000364, 2496)","('2024-04-02T10:50:50.740000Z', '2024-04-02T10:50:50.820000Z')",P,COLI,"(1.0, 0.61297053)"
"(2024000364, 3081)","('2024-04-02T10:50:51.070000Z', '2024-04-02T10:50:51.110000Z')",S,GEPF,"(1.0, 0.86263174)"
"(2024000364, 2384)","('2024-04-02T10:50:51.580000Z', '2024-04-02T10:50:51.820000Z')",S,BUA,"(1.0, 0.6911589)"
"(2024000364, 2515)","('2024-04-02T10:50:51.710000Z', '2024-04-02T10:50:51.640000Z')",P,FUSE,"(1.0, 0.7662363)"
"(2024000364, 2375)","('2024-04-02T10:50:52.040000Z', '2024-04-02T10:50:52.090000Z')",S,BOO,"(1.0, 0.86616874)"
"(2024000364, 2508)","('2024-04-02T10:50:52.670000Z', '2024-04-02T10:50:52.640000Z')",P,DRE,"(1.0, 0.7489485)"
"(2024000364, 2485)","('2024-04-02T10:50:53.160000Z', '2024-04-02T10:50:53.340000Z')",P,CLUD,"(1.0, 0.69540584)"
"(2024000364, 4141)","('2024-04-02T10:50:53.510000Z', '2024-04-02T10:50:53.600000Z')",P,CADS,"(1.0, 0.46417695)"
"(2024000364, 2497)","('2024-04-02T10:50:53.810000Z', '2024-04-02T10:50:53.930000Z')",S,COLI,"(1.0, 0.5766854)"
"(2024000364, 2516)","('2024-04-02T10:50:55.440000Z', '2024-04-02T10:50:55.510000Z')",S,FUSE,"(1.0, 0.62837076)"
"(2024000364, 4519)","('2024-04-02T10:50:56.530000Z', '2024-04-02T10:50:56.520000Z')",P,VOJS,"(1.0, 0.7374458)"
"(2024000364, 2509)","('2024-04-02T10:50:57.830000Z', '2024-04-02T10:50:57.540000Z')",S,DRE,"(1.0, 0.44834784)"
"(2024000364, 2486)","('2024-04-02T10:50:57.940000Z', '2024-04-02T10:50:58.310000Z')",S,CLUD,"(1.0, 0.35929096)"
"(2024000364, 4520)","('2024-04-02T10:51:04.620000Z', '2024-04-02T10:51:04.800000Z')",S,VOJS,"(1.0, 0.58282506)"
"(2024000365, 2550)","('2024-04-02T11:57:38.040000Z', '2024-04-02T11:57:38.040000Z')",P,LSR,"(1.0, 0.92010295)"
"(2024000365, 2647)","('2024-04-02T11:57:38.090000Z', '2024-04-02T11:57:38.050000Z')",P,PRED,"(1.0, 0.9168083)"
"(2024000365, 2551)","('2024-04-02T11:57:38.580000Z', '2024-04-02T11:57:38.580000Z')",S,LSR,"(1.0, 0.90320814)"
"(2024000365, 2648)","('2024-04-02T11:57:38.650000Z', '2024-04-02T11:57:38.680000Z')",S,PRED,"(1.0, 0.89353544)"
"(2024000365, 2016)","('2024-04-02T11:57:39.090000Z', '2024-04-02T11:57:39.090000Z')",P,ACOM,"(1.0, 0.8475331)"
"(2024000365, 1531)","('2024-04-02T11:57:40.210000Z', '2024-04-02T11:57:40.020000Z')",P,PTCC,"(1.0, 0.781269)"
"(2024000365, 2017)","('2024-04-02T11:57:40.640000Z', '2024-04-02T11:57:40.700000Z')",S,ACOM,"(1.0, 0.74467546)"
"(2024000365, 4471)","('2024-04-02T11:57:41.660000Z', '2024-04-02T11:57:41.720000Z')",P,ROBS,"(1.0, 0.83368564)"
"(2024000365, 1532)","('2024-04-02T11:57:42.430000Z', '2024-04-02T11:57:42.770000Z')",S,PTCC,"(1.0, 0.5571931)"
"(2024000365, 4142)","('2024-04-02T11:57:42.590000Z', '2024-04-02T11:57:42.590000Z')",P,CADS,"(1.0, 0.71520823)"
"(2024000365, 1933)","('2024-04-02T11:57:42.970000Z', '2024-04-02T11:57:43.030000Z')",P,VINO,"(1.0, 0.6465315)"
"(2024000365, 4472)","('2024-04-02T11:57:45.460000Z', '2024-04-02T11:57:45.560000Z')",S,ROBS,"(1.0, 0.7114667)"
"(2024000365, 4143)","('2024-04-02T11:57:47.150000Z', '2024-04-02T11:57:47.260000Z')",S,CADS,"(1.0, 0.7353571)"
"(2024000365, 1934)","('2024-04-02T11:57:47.200000Z', '2024-04-02T11:57:47.550000Z')",S,VINO,"(1.0, 0.5417941)"
"(2024000366, 1188)","('2024-04-02T16:47:15.950000Z', '2024-04-02T16:47:16.280000Z')",P,ED06,"(1.0, 0.19932392)"
"(2024000366, 2399)","('2024-04-02T16:47:16.270000Z', '2024-04-02T16:47:16.220000Z')",P,CAE,"(1.0, 0.748952)"
"(2024000366, 1891)","('2024-04-02T16:47:17.230000Z', '2024-04-02T16:47:17.280000Z')",P,POLC,"(1.0, 0.82123655)"
"(2024000366, 2669)","('2024-04-02T16:47:17.340000Z', '2024-04-02T16:47:17.330000Z')",P,VARN,"(1.0, 0.6312464)"
"(2024000366, 2063)","('2024-04-02T16:47:18.360000Z', '2024-04-02T16:47:18.290000Z')",P,APGO,"(1.0, 0.727749)"
"(2024000366, 2620)","('2024-04-02T16:47:19.690000Z', '2024-04-02T16:47:19.700000Z')",P,MLN,"(1.0, 0.60172385)"
"(2024000366, 2064)","('2024-04-02T16:47:22.580000Z', '2024-04-02T16:47:22.690000Z')",S,APGO,"(1.0, 0.30941927)"
"(2024000366, 2621)","('2024-04-02T16:47:24.910000Z', '2024-04-02T16:47:25.120000Z')",S,MLN,"(1.0, 0.557781)"
"(2024000367, 4527)","('2024-04-02T20:59:53.880000Z', '2024-04-02T20:59:53.830000Z')",P,VOJS,"(1.0, 0.5649669)"
"(2024000367, 4144)","('2024-04-02T20:59:54.230000Z', '2024-04-02T20:59:54.380000Z')",P,CADS,"(1.0, 0.7830957)"
"(2024000367, 4400)","('2024-04-02T20:59:54.710000Z', '2024-04-02T20:59:54.730000Z')",P,GORS,"(1.0, 0.5564414)"
"(2024000367, 2511)","('2024-04-02T20:59:55.090000Z', '2024-04-02T20:59:55.160000Z')",P,DRE,"(1.0, 0.7873339)"
"(2024000367, 4528)","('2024-04-02T20:59:55.990000Z', '2024-04-02T20:59:56.320000Z')",S,VOJS,"(1.0, 0.47336012)"
"(2024000367, 4145)","('2024-04-02T20:59:57.220000Z', '2024-04-02T20:59:57.260000Z')",S,CADS,"(1.0, 0.7718209)"
"(2024000367, 4401)","('2024-04-02T20:59:57.360000Z', '2024-04-02T20:59:57.620000Z')",S,GORS,"(1.0, 0.75964266)"
"(2024000367, 2512)","('2024-04-02T20:59:58.640000Z', '2024-04-02T20:59:58.770000Z')",S,DRE,"(1.0, 0.71308845)"
"(2024000368, 1696)","('2024-04-03T04:24:50.370000Z', '2024-04-03T04:24:50.310000Z')",P,CLUD,"(1.0, 0.63229614)"
"(2024000368, 1427)","('2024-04-03T04:24:50.400000Z', '2024-04-03T04:24:50.430000Z')",P,STAL,"(1.0, 0.68999743)"
"(2024000368, 1706)","('2024-04-03T04:24:52.220000Z', '2024-04-03T04:24:52.090000Z')",P,CSM,"(1.0, 0.487313)"
"(2024000368, 1428)","('2024-04-03T04:24:52.480000Z', '2024-04-03T04:24:52.560000Z')",S,STAL,"(1.0, 0.61219)"
"(2024000368, 1707)","('2024-04-03T04:24:54.640000Z', '2024-04-03T04:24:54.950000Z')",S,CSM,"(1.0, 0.43961468)"
"(2024000369, 1090)","('2024-04-03T09:58:32.500000Z', '2024-04-03T09:58:32.550000Z')",P,INVI,"(1.0, 0.77535427)"
"(2024000369, 1506)","('2024-04-03T09:58:32.630000Z', '2024-04-03T09:58:32.640000Z')",P,PURA,"(1.0, 0.90432197)"
"(2024000369, 1698)","('2024-04-03T09:58:32.910000Z', '2024-04-03T09:58:32.920000Z')",P,CLUD,"(1.0, 0.84387547)"
"(2024000369, 1429)","('2024-04-03T09:58:33.130000Z', '2024-04-03T09:58:33.160000Z')",P,STAL,"(1.0, 0.8808062)"
"(2024000369, 1507)","('2024-04-03T09:58:34.040000Z', '2024-04-03T09:58:34.320000Z')",S,PURA,"(1.0, 0.776671)"
"(2024000369, 1653)","('2024-04-03T09:58:34.340000Z', '2024-04-03T09:58:34.340000Z')",P,BOO,"(1.0, 0.87474304)"
"(2024000369, 1708)","('2024-04-03T09:58:34.360000Z', '2024-04-03T09:58:34.360000Z')",P,CSM,"(1.0, 0.72946405)"
"(2024000369, 1699)","('2024-04-03T09:58:34.740000Z', '2024-04-03T09:58:34.790000Z')",S,CLUD,"(1.0, 0.7852278)"
"(2024000369, 1816)","('2024-04-03T09:58:35.120000Z', '2024-04-03T09:58:35.010000Z')",P,ZOU,"(1.0, 0.8497842)"
"(2024000369, 1159)","('2024-04-03T09:58:35.130000Z', '2024-04-03T09:58:35.000000Z')",P,FVI,"(1.0, 0.5278407)"
"(2024000369, 1430)","('2024-04-03T09:58:35.280000Z', '2024-04-03T09:58:35.540000Z')",S,STAL,"(1.0, 0.5975717)"
"(2024000369, 2177)","('2024-04-03T09:58:35.340000Z', '2024-04-03T09:58:35.130000Z')",P,GEPF,"(1.0, 0.4589178)"
"(2024000369, 1778)","('2024-04-03T09:58:35.780000Z', '2024-04-03T09:58:35.950000Z')",P,MLN,"(1.0, 0.3822649)"
"(2024000369, 1795)","('2024-04-03T09:58:36.440000Z', '2024-04-03T09:58:36.450000Z')",P,PLRO,"(1.0, 0.76797676)"
"(2024000369, 1612)","('2024-04-03T09:58:36.670000Z', '2024-04-03T09:58:36.640000Z')",P,BAD,"(1.0, 0.6922697)"
"(2024000369, 1710)","('2024-04-03T09:58:37.210000Z', '2024-04-03T09:58:37.450000Z')",S,CSM,"(1.0, 0.3287537)"
"(2024000369, 1654)","('2024-04-03T09:58:37.500000Z', '2024-04-03T09:58:37.550000Z')",S,BOO,"(1.0, 0.8368724)"
"(2024000369, 1817)","('2024-04-03T09:58:38.610000Z', '2024-04-03T09:58:38.730000Z')",S,ZOU,"(1.0, 0.7599315)"
"(2024000369, 1160)","('2024-04-03T09:58:38.990000Z', '2024-04-03T09:58:39.020000Z')",S,FVI,"(1.0, 0.7486479)"
"(2024000369, 2178)","('2024-04-03T09:58:39.350000Z', '2024-04-03T09:58:39.610000Z')",S,GEPF,"(1.0, 0.49381128)"
"(2024000369, 1779)","('2024-04-03T09:58:39.560000Z', '2024-04-03T09:58:39.680000Z')",S,MLN,"(1.0, 0.28250897)"
"(2024000369, 1796)","('2024-04-03T09:58:41.130000Z', '2024-04-03T09:58:41.140000Z')",S,PLRO,"(1.0, 0.79142904)"
"(2024000369, 1613)","('2024-04-03T09:58:41.880000Z', '2024-04-03T09:58:42.190000Z')",S,BAD,"(1.0, 0.34942457)"
"(2024000370, 2983)","('2024-04-03T10:12:31.790000Z', '2024-04-03T10:12:31.810000Z')",P,CADS,"(1.0, 0.83003414)"
"(2024000370, 1724)","('2024-04-03T10:12:32.760000Z', '2024-04-03T10:12:32.720000Z')",P,DRE,"(1.0, 0.1753297)"
"(2024000370, 2984)","('2024-04-03T10:12:33.630000Z', '2024-04-03T10:12:33.830000Z')",S,CADS,"(1.0, 0.8041602)"
"(2024000370, 3244)","('2024-04-03T10:12:35.430000Z', '2024-04-03T10:12:35.490000Z')",S,GORS,"(1.0, 0.70354545)"
"(2024000370, 1725)","('2024-04-03T10:12:35.680000Z', '2024-04-03T10:12:35.790000Z')",S,DRE,"(1.0, 0.110715725)"
"(2024000371, 1694)","('2024-04-03T14:17:13.540000Z', '2024-04-03T14:17:13.550000Z')",P,CIMO,"(1.0, 0.8872588)"
"(2024000371, 1695)","('2024-04-03T14:17:14.730000Z', '2024-04-03T14:17:14.950000Z')",S,CIMO,"(1.0, 0.88261324)"
"(2024000372, 1258)","('2024-04-03T14:33:06.260000Z', '2024-04-03T14:33:06.170000Z')",P,RAVA,"(1.0, 0.5867429)"
"(2024000372, 1259)","('2024-04-03T14:33:09.950000Z', '2024-04-03T14:33:09.990000Z')",S,RAVA,"(1.0, 0.7405296)"
"(2024000372, 1730)","('2024-04-03T14:33:21.160000Z', '2024-04-03T14:33:21.260000Z')",P,GARG,"(1.0, 0.39154965)"
"(2024000372, 1168)","('2024-04-03T14:33:22.310000Z', '2024-04-03T14:33:22.290000Z')",P,MAGA,"(1.0, 0.1717745)"
"(2024000372, 3381)","('2024-04-03T14:33:22.730000Z', '2024-04-03T14:33:22.790000Z')",P,DOSS,"(1.0, 0.37612957)"
"(2024000372, 2969)","('2024-04-03T14:33:24.260000Z', '2024-04-03T14:33:23.970000Z')",P,LUSI,"(1.0, 0.19968428)"
"(2024000372, 1731)","('2024-04-03T14:33:34.900000Z', '2024-04-03T14:33:35.340000Z')",S,GARG,"(1.0, 0.26174563)"
"(2024000372, 1169)","('2024-04-03T14:33:37.020000Z', '2024-04-03T14:33:37.330000Z')",S,MAGA,"(1.0, 0.19599788)"
"(2024000372, 3382)","('2024-04-03T14:33:37.200000Z', '2024-04-03T14:33:36.990000Z')",S,DOSS,"(1.0, 0.11250294)"
"(2024000373, 2988)","('2024-04-03T21:14:19.980000Z', '2024-04-03T21:14:19.980000Z')",P,CADS,"(1.0, 0.9036145)"
"(2024000373, 1726)","('2024-04-03T21:14:20.740000Z', '2024-04-03T21:14:20.740000Z')",P,DRE,"(1.0, 0.8583808)"
"(2024000373, 2989)","('2024-04-03T21:14:20.950000Z', '2024-04-03T21:14:20.950000Z')",S,CADS,"(1.0, 0.87665313)"
"(2024000373, 3323)","('2024-04-03T21:14:21.740000Z', '2024-04-03T21:14:21.710000Z')",P,ROBS,"(1.0, 0.74657035)"
"(2024000373, 1727)","('2024-04-03T21:14:22.480000Z', '2024-04-03T21:14:22.690000Z')",S,DRE,"(1.0, 0.28135094)"
"(2024000373, 3247)","('2024-04-03T21:14:22.770000Z', '2024-04-03T21:14:22.780000Z')",P,GORS,"(1.0, 0.43958825)"
"(2024000373, 1800)","('2024-04-03T21:14:22.910000Z', '2024-04-03T21:14:22.920000Z')",P,PRED,"(1.0, 0.84571624)"
"(2024000373, 3371)","('2024-04-03T21:14:23.450000Z', '2024-04-03T21:14:23.480000Z')",P,VOJS,"(1.0, 0.82426125)"
"(2024000373, 1704)","('2024-04-03T21:14:23.960000Z', '2024-04-03T21:14:23.980000Z')",P,COLI,"(1.0, 0.680427)"
"(2024000373, 3324)","('2024-04-03T21:14:24.190000Z', '2024-04-03T21:14:24.210000Z')",S,ROBS,"(1.0, 0.6875883)"
"(2024000373, 1801)","('2024-04-03T21:14:26.420000Z', '2024-04-03T21:14:26.510000Z')",S,PRED,"(1.0, 0.6869461)"
"(2024000373, 3372)","('2024-04-03T21:14:27.480000Z', '2024-04-03T21:14:27.770000Z')",S,VOJS,"(1.0, 0.45100626)"
"(2024000373, 1705)","('2024-04-03T21:14:28.580000Z', '2024-04-03T21:14:28.670000Z')",S,COLI,"(1.0, 0.6984137)"
"(2024000374, 4057)","('2024-04-04T01:11:44.200000Z', '2024-04-04T01:11:44.230000Z')",P,GBAS,"(1.0, 0.8767797)"
"(2024000374, 4111)","('2024-04-04T01:11:44.940000Z', '2024-04-04T01:11:45.020000Z')",P,JAVS,"(1.0, 0.7191473)"
"(2024000374, 4310)","('2024-04-04T01:11:46.220000Z', '2024-04-04T01:11:46.270000Z')",P,VOJS,"(1.0, 0.7825164)"
"(2024000374, 4058)","('2024-04-04T01:11:46.520000Z', '2024-04-04T01:11:46.870000Z')",S,GBAS,"(1.0, 0.67038995)"
"(2024000374, 3885)","('2024-04-04T01:11:46.940000Z', '2024-04-04T01:11:46.950000Z')",P,CEY,"(1.0, 0.28565538)"
"(2024000374, 4112)","('2024-04-04T01:11:47.660000Z', '2024-04-04T01:11:48.070000Z')",S,JAVS,"(1.0, 0.6794108)"
"(2024000374, 4311)","('2024-04-04T01:11:50.300000Z', '2024-04-04T01:11:50.680000Z')",S,VOJS,"(1.0, 0.65181434)"
"(2024000375, 2419)","('2024-04-04T02:49:52.180000Z', '2024-04-04T02:49:52.210000Z')",P,PRED,"(1.0, 0.86795086)"
"(2024000375, 2371)","('2024-04-04T02:49:52.490000Z', '2024-04-04T02:49:52.520000Z')",P,LSR,"(1.0, 0.8545521)"
"(2024000375, 2420)","('2024-04-04T02:49:53.110000Z', '2024-04-04T02:49:53.210000Z')",S,PRED,"(1.0, 0.8725791)"
"(2024000375, 2372)","('2024-04-04T02:49:53.910000Z', '2024-04-04T02:49:53.940000Z')",S,LSR,"(1.0, 0.7927701)"
"(2024000376, 4072)","('2024-04-04T22:47:17.930000Z', '2024-04-04T22:47:17.970000Z')",P,GBAS,"(1.0, 0.8819766)"
"(2024000376, 4162)","('2024-04-04T22:47:17.980000Z', '2024-04-04T22:47:18.020000Z')",P,LJU,"(1.0, 0.88643986)"
"(2024000376, 4130)","('2024-04-04T22:47:18.930000Z', '2024-04-04T22:47:18.890000Z')",P,JAVS,"(1.0, 0.8061375)"
"(2024000376, 4175)","('2024-04-04T22:47:19.060000Z', '2024-04-04T22:47:19.080000Z')",P,MOZS,"(1.0, 0.856727)"
"(2024000376, 4326)","('2024-04-04T22:47:19.460000Z', '2024-04-04T22:47:19.530000Z')",P,VOJS,"(1.0, 0.8438821)"
"(2024000376, 4107)","('2024-04-04T22:47:19.790000Z', '2024-04-04T22:47:19.800000Z')",P,GORS,"(1.0, 0.8238825)"
"(2024000376, 4304)","('2024-04-04T22:47:19.920000Z', '2024-04-04T22:47:19.890000Z')",P,VNDS,"(1.0, 0.3612106)"
"(2024000376, 4163)","('2024-04-04T22:47:20.740000Z', '2024-04-04T22:47:20.800000Z')",S,LJU,"(1.0, 0.7509774)"
"(2024000376, 4073)","('2024-04-04T22:47:20.890000Z', '2024-04-04T22:47:21.110000Z')",S,GBAS,"(1.0, 0.5690724)"
"(2024000376, 3870)","('2024-04-04T22:47:21.300000Z', '2024-04-04T22:47:21.420000Z')",P,CADS,"(1.0, 0.34243605)"
"(2024000376, 4017)","('2024-04-04T22:47:21.310000Z', '2024-04-04T22:47:21.290000Z')",P,CEY,"(1.0, 0.35141754)"
"(2024000376, 2340)","('2024-04-04T22:47:22.660000Z', '2024-04-04T22:47:22.530000Z')",P,DRE,"(1.0, 0.22204407)"
"(2024000376, 4131)","('2024-04-04T22:47:22.730000Z', '2024-04-04T22:47:23.160000Z')",S,JAVS,"(1.0, 0.6161619)"
"(2024000376, 2435)","('2024-04-04T22:47:22.890000Z', '2024-04-04T22:47:22.860000Z')",P,SABO,"(1.0, 0.6380822)"
"(2024000376, 4327)","('2024-04-04T22:47:23.940000Z', '2024-04-04T22:47:23.970000Z')",S,VOJS,"(1.0, 0.65346843)"
"(2024000376, 4108)","('2024-04-04T22:47:24.090000Z', '2024-04-04T22:47:24.560000Z')",S,GORS,"(1.0, 0.65340054)"
"(2024000376, 4236)","('2024-04-04T22:47:24.440000Z', '2024-04-04T22:47:24.320000Z')",P,ROBS,"(1.0, 0.24572194)"
"(2024000376, 4155)","('2024-04-04T22:47:25.010000Z', '2024-04-04T22:47:24.680000Z')",P,KNDS,"(1.0, 0.45652586)"
"(2024000376, 4018)","('2024-04-04T22:47:26.480000Z', '2024-04-04T22:47:26.550000Z')",S,CEY,"(1.0, 0.4573914)"
"(2024000376, 3871)","('2024-04-04T22:47:27.280000Z', '2024-04-04T22:47:27.560000Z')",S,CADS,"(1.0, 0.46648887)"
"(2024000376, 2341)","('2024-04-04T22:47:29.800000Z', '2024-04-04T22:47:29.950000Z')",S,DRE,"(1.0, 0.196073)"
"(2024000376, 2436)","('2024-04-04T22:47:30.220000Z', '2024-04-04T22:47:30.470000Z')",S,SABO,"(1.0, 0.4337836)"
"(2024000376, 4237)","('2024-04-04T22:47:32.540000Z', '2024-04-04T22:47:32.840000Z')",S,ROBS,"(1.0, 0.41085923)"
"(2024000376, 4156)","('2024-04-04T22:47:32.760000Z', '2024-04-04T22:47:33.030000Z')",S,KNDS,"(1.0, 0.2813307)"
"(2024000377, 1896)","('2024-04-05T07:50:04.170000Z', '2024-04-05T07:50:04.260000Z')",P,PURA,"(1.0, 0.8043959)"
"(2024000377, 2415)","('2024-04-05T07:50:04.560000Z', '2024-04-05T07:50:04.540000Z')",P,CLUD,"(1.0, 0.86216927)"
"(2024000377, 1773)","('2024-04-05T07:50:04.790000Z', '2024-04-05T07:50:04.860000Z')",P,STAL,"(1.0, 0.8492774)"
"(2024000377, 2468)","('2024-04-05T07:50:05.410000Z', '2024-04-05T07:50:05.040000Z')",P,FUSE,"(1.0, 0.70320493)"
"(2024000377, 2532)","('2024-04-05T07:50:05.570000Z', '2024-04-05T07:50:05.510000Z')",P,MPRI,"(1.0, 0.25633183)"
"(2024000377, 1897)","('2024-04-05T07:50:05.650000Z', '2024-04-05T07:50:05.930000Z')",S,PURA,"(1.0, 0.5529578)"
"(2024000377, 2287)","('2024-04-05T07:50:05.960000Z', '2024-04-05T07:50:05.990000Z')",P,BOO,"(1.0, 0.8500551)"
"(2024000377, 2416)","('2024-04-05T07:50:06.020000Z', '2024-04-05T07:50:06.280000Z')",S,CLUD,"(1.0, 0.7165258)"
"(2024000377, 2442)","('2024-04-05T07:50:06.370000Z', '2024-04-05T07:50:06.030000Z')",P,CSM,"(1.0, 0.5968854)"
"(2024000377, 1774)","('2024-04-05T07:50:06.820000Z', '2024-04-05T07:50:07.120000Z')",S,STAL,"(1.0, 0.6833806)"
"(2024000377, 2469)","('2024-04-05T07:50:07.360000Z', '2024-04-05T07:50:07.450000Z')",S,FUSE,"(1.0, 0.6000099)"
"(2024000377, 2525)","('2024-04-05T07:50:07.600000Z', '2024-04-05T07:50:07.590000Z')",P,MLN,"(1.0, 0.14001857)"
"(2024000377, 2141)","('2024-04-05T07:50:08.330000Z', '2024-04-05T07:50:08.200000Z')",P,BAD,"(1.0, 0.30724394)"
"(2024000377, 2533)","('2024-04-05T07:50:08.340000Z', '2024-04-05T07:50:08.480000Z')",S,MPRI,"(1.0, 0.13302794)"
"(2024000377, 2443)","('2024-04-05T07:50:08.930000Z', '2024-04-05T07:50:09.190000Z')",S,CSM,"(1.0, 0.52123404)"
"(2024000377, 2288)","('2024-04-05T07:50:09.060000Z', '2024-04-05T07:50:09.110000Z')",S,BOO,"(1.0, 0.8314801)"
"(2024000377, 2608)","('2024-04-05T07:50:10.080000Z', '2024-04-05T07:50:10.260000Z')",S,ZOU,"(1.0, 0.4177517)"
"(2024000377, 2526)","('2024-04-05T07:50:11.910000Z', '2024-04-05T07:50:12.280000Z')",S,MLN,"(1.0, 0.21216083)"
"(2024000377, 2142)","('2024-04-05T07:50:13.360000Z', '2024-04-05T07:50:13.390000Z')",S,BAD,"(1.0, 0.24404177)"
"(2024000378, 1303)","('2024-04-05T12:28:34.780000Z', '2024-04-05T12:28:34.770000Z')",P,INVI,"(1.0, 0.837901)"
"(2024000378, 1900)","('2024-04-05T12:28:34.800000Z', '2024-04-05T12:28:34.810000Z')",P,PURA,"(1.0, 0.8248843)"
"(2024000378, 1298)","('2024-04-05T12:28:35.020000Z', '2024-04-05T12:28:35.000000Z')",P,CHIE,"(1.0, 0.9328303)"
"(2024000378, 1775)","('2024-04-05T12:28:35.120000Z', '2024-04-05T12:28:35.000000Z')",P,STAL,"(1.0, 0.90201455)"
"(2024000378, 2417)","('2024-04-05T12:28:35.150000Z', '2024-04-05T12:28:35.020000Z')",P,CLUD,"(1.0, 0.889618)"
"(2024000378, 2471)","('2024-04-05T12:28:35.620000Z', '2024-04-05T12:28:35.990000Z')",P,FUSE,"(1.0, 0.66969997)"
"(2024000378, 2535)","('2024-04-05T12:28:35.830000Z', '2024-04-05T12:28:36.000000Z')",P,MPRI,"(1.0, 0.91187775)"
"(2024000378, 2289)","('2024-04-05T12:28:36.380000Z', '2024-04-05T12:28:36.400000Z')",P,BOO,"(1.0, 0.8577172)"
"(2024000378, 2448)","('2024-04-05T12:28:36.540000Z', '2024-04-05T12:28:36.520000Z')",P,CSM,"(1.0, 0.6545115)"
"(2024000378, 1901)","('2024-04-05T12:28:36.760000Z', '2024-04-05T12:28:36.630000Z')",S,PURA,"(1.0, 0.8145299)"
"(2024000378, 1299)","('2024-04-05T12:28:37.000000Z', '2024-04-05T12:28:37.020000Z')",S,CHIE,"(1.0, 0.77014613)"
"(2024000378, 2898)","('2024-04-05T12:28:37.140000Z', '2024-04-05T12:28:37.000000Z')",P,GEPF,"(1.0, 0.8981892)"
"(2024000378, 2418)","('2024-04-05T12:28:37.190000Z', '2024-04-05T12:28:37.140000Z')",S,CLUD,"(1.0, 0.7468581)"
"(2024000378, 2389)","('2024-04-05T12:28:37.250000Z', '2024-04-05T12:28:37.000000Z')",P,CIMO,"(1.0, 0.8366951)"
"(2024000378, 2527)","('2024-04-05T12:28:37.260000Z', '2024-04-05T12:28:37.000000Z')",P,MLN,"(1.0, 0.83847386)"
"(2024000378, 2611)","('2024-04-05T12:28:37.290000Z', '2024-04-05T12:28:37.300000Z')",P,ZOU,"(1.0, 0.80807614)"
"(2024000378, 1776)","('2024-04-05T12:28:37.340000Z', '2024-04-05T12:28:37.240000Z')",S,STAL,"(1.0, 0.61270785)"
"(2024000378, 1397)","('2024-04-05T12:28:37.390000Z', '2024-04-05T12:28:37.440000Z')",P,FVI,"(1.0, 0.79104906)"
"(2024000378, 2299)","('2024-04-05T12:28:37.450000Z', '2024-04-05T12:28:37.420000Z')",P,BUA,"(1.0, 0.7771601)"
"(2024000378, 2472)","('2024-04-05T12:28:37.790000Z', '2024-04-05T12:28:38.070000Z')",S,FUSE,"(1.0, 0.6506346)"
"(2024000378, 2536)","('2024-04-05T12:28:38.520000Z', '2024-04-05T12:28:38.920000Z')",S,MPRI,"(1.0, 0.537887)"
"(2024000378, 2151)","('2024-04-05T12:28:38.540000Z', '2024-04-05T12:28:38.580000Z')",P,BAD,"(1.0, 0.76415545)"
"(2024000378, 2557)","('2024-04-05T12:28:38.560000Z', '2024-04-05T12:28:38.990000Z')",P,PLRO,"(1.0, 0.57958555)"
"(2024000378, 1935)","('2024-04-05T12:28:38.760000Z', '2024-04-05T12:28:39.000000Z')",P,VINO,"(1.0, 0.88282275)"
"(2024000378, 2455)","('2024-04-05T12:28:38.810000Z', '2024-04-05T12:28:39.000000Z')",P,CSO,"(1.0, 0.8947238)"
"(2024000378, 2290)","('2024-04-05T12:28:39.380000Z', '2024-04-05T12:28:39.650000Z')",S,BOO,"(1.0, 0.373884)"
"(2024000378, 2123)","('2024-04-05T12:28:39.410000Z', '2024-04-05T12:28:39.480000Z')",P,APGO,"(1.0, 0.74954695)"
"(2024000378, 1504)","('2024-04-05T12:28:39.440000Z', '2024-04-05T12:28:39.450000Z')",P,PTCC,"(1.0, 0.13343851)"
"(2024000378, 2450)","('2024-04-05T12:28:39.530000Z', '2024-04-05T12:28:39.770000Z')",S,CSM,"(1.0, 0.53177595)"
"(2024000378, 1874)","('2024-04-05T12:28:40.310000Z', '2024-04-05T12:28:40.010000Z')",P,POLC,"(1.0, 0.48003018)"
"(2024000378, 2313)","('2024-04-05T12:28:40.730000Z', '2024-04-05T12:28:40.970000Z')",P,CAE,"(1.0, 0.81236833)"
"(2024000378, 2423)","('2024-04-05T12:28:41.020000Z', '2024-04-05T12:28:41.000000Z')",P,COLI,"(1.0, 0.85183525)"
"(2024000378, 2612)","('2024-04-05T12:28:41.060000Z', '2024-04-05T12:28:41.100000Z')",S,ZOU,"(1.0, 0.6564449)"
"(2024000378, 1963)","('2024-04-05T12:28:41.170000Z', '2024-04-05T12:28:41.030000Z')",P,ABTA,"(1.0, 0.72117174)"
"(2024000378, 1398)","('2024-04-05T12:28:41.190000Z', '2024-04-05T12:28:41.360000Z')",S,FVI,"(1.0, 0.64705235)"
"(2024000378, 2899)","('2024-04-05T12:28:41.220000Z', '2024-04-05T12:28:41.450000Z')",S,GEPF,"(1.0, 0.49593255)"
"(2024000378, 2300)","('2024-04-05T12:28:42.220000Z', '2024-04-05T12:28:42.200000Z')",S,BUA,"(1.0, 0.48394054)"
"(2024000378, 2082)","('2024-04-05T12:28:42.380000Z', '2024-04-05T12:28:42.770000Z')",P,ACOM,"(1.0, 0.40320447)"
"(2024000378, 2111)","('2024-04-05T12:28:43.210000Z', '2024-04-05T12:28:43.230000Z')",P,AGOR,"(1.0, 0.56409085)"
"(2024000378, 2558)","('2024-04-05T12:28:43.450000Z', '2024-04-05T12:28:43.400000Z')",S,PLRO,"(1.0, 0.49572247)"
"(2024000378, 2456)","('2024-04-05T12:28:44.320000Z', '2024-04-05T12:28:44.180000Z')",S,CSO,"(1.0, 0.4330002)"
"(2024000378, 1936)","('2024-04-05T12:28:44.520000Z', '2024-04-05T12:28:44.650000Z')",S,VINO,"(1.0, 0.5163838)"
"(2024000378, 2124)","('2024-04-05T12:28:45.250000Z', '2024-04-05T12:28:45.240000Z')",S,APGO,"(1.0, 0.6051397)"
"(2024000378, 1506)","('2024-04-05T12:28:45.590000Z', '2024-04-05T12:28:45.660000Z')",S,PTCC,"(1.0, 0.19940545)"
"(2024000378, 1964)","('2024-04-05T12:28:47.330000Z', '2024-04-05T12:28:47.590000Z')",S,ABTA,"(1.0, 0.56082433)"
"(2024000378, 2314)","('2024-04-05T12:28:48.080000Z', '2024-04-05T12:28:48.130000Z')",S,CAE,"(1.0, 0.44980556)"
"(2024000378, 2424)","('2024-04-05T12:28:48.630000Z', '2024-04-05T12:28:48.860000Z')",S,COLI,"(1.0, 0.30358455)"
"(2024000378, 2112)","('2024-04-05T12:28:51.120000Z', '2024-04-05T12:28:51.020000Z')",S,AGOR,"(1.0, 0.5577911)"
"(2024000379, 1306)","('2024-04-05T12:35:33.110000Z', '2024-04-05T12:35:33.100000Z')",P,INVI,"(1.0, 0.8384297)"
"(2024000379, 1902)","('2024-04-05T12:35:33.130000Z', '2024-04-05T12:35:33.120000Z')",P,PURA,"(1.0, 0.8482865)"
"(2024000379, 1300)","('2024-04-05T12:35:33.360000Z', '2024-04-05T12:35:33.390000Z')",P,CHIE,"(1.0, 0.7980246)"
"(2024000379, 1777)","('2024-04-05T12:35:33.450000Z', '2024-04-05T12:35:33.480000Z')",P,STAL,"(1.0, 0.77792186)"
"(2024000379, 2419)","('2024-04-05T12:35:33.470000Z', '2024-04-05T12:35:33.470000Z')",P,CLUD,"(1.0, 0.88636386)"
"(2024000379, 2473)","('2024-04-05T12:35:33.910000Z', '2024-04-05T12:35:33.950000Z')",P,FUSE,"(1.0, 0.805431)"
"(2024000379, 2537)","('2024-04-05T12:35:34.200000Z', '2024-04-05T12:35:34.220000Z')",P,MPRI,"(1.0, 0.7487627)"
"(2024000379, 2291)","('2024-04-05T12:35:34.660000Z', '2024-04-05T12:35:34.730000Z')",P,BOO,"(1.0, 0.7758388)"
"(2024000379, 1903)","('2024-04-05T12:35:34.790000Z', '2024-04-05T12:35:34.910000Z')",S,PURA,"(1.0, 0.7742843)"
"(2024000379, 2451)","('2024-04-05T12:35:35.110000Z', '2024-04-05T12:35:35.000000Z')",P,CSM,"(1.0, 0.9206906)"
"(2024000379, 2420)","('2024-04-05T12:35:35.300000Z', '2024-04-05T12:35:35.500000Z')",S,CLUD,"(1.0, 0.86446005)"
"(2024000379, 1778)","('2024-04-05T12:35:35.360000Z', '2024-04-05T12:35:35.670000Z')",S,STAL,"(1.0, 0.6605119)"
"(2024000379, 1301)","('2024-04-05T12:35:35.380000Z', '2024-04-05T12:35:35.400000Z')",S,CHIE,"(1.0, 0.85395586)"
"(2024000379, 2613)","('2024-04-05T12:35:35.580000Z', '2024-04-05T12:35:35.620000Z')",P,ZOU,"(1.0, 0.820745)"
"(2024000379, 1399)","('2024-04-05T12:35:35.760000Z', '2024-04-05T12:35:35.800000Z')",P,FVI,"(1.0, 0.80410343)"
"(2024000379, 2529)","('2024-04-05T12:35:36.010000Z', '2024-04-05T12:35:36.000000Z')",P,MLN,"(1.0, 0.8957938)"
"(2024000379, 2301)","('2024-04-05T12:35:36.050000Z', '2024-04-05T12:35:36.000000Z')",P,BUA,"(1.0, 0.8449655)"
"(2024000379, 2391)","('2024-04-05T12:35:36.140000Z', '2024-04-05T12:35:36.000000Z')",P,CIMO,"(1.0, 0.8483472)"
"(2024000379, 2474)","('2024-04-05T12:35:36.190000Z', '2024-04-05T12:35:36.470000Z')",S,FUSE,"(1.0, 0.6635793)"
"(2024000379, 2153)","('2024-04-05T12:35:36.920000Z', '2024-04-05T12:35:37.000000Z')",P,BAD,"(1.0, 0.926824)"
"(2024000379, 2559)","('2024-04-05T12:35:37.060000Z', '2024-04-05T12:35:37.010000Z')",P,PLRO,"(1.0, 0.8388509)"
"(2024000379, 2538)","('2024-04-05T12:35:37.120000Z', '2024-04-05T12:35:37.040000Z')",S,MPRI,"(1.0, 0.6538536)"
"(2024000379, 1937)","('2024-04-05T12:35:37.160000Z', '2024-04-05T12:35:37.000000Z')",P,VINO,"(1.0, 0.8803091)"
"(2024000379, 2457)","('2024-04-05T12:35:37.450000Z', '2024-04-05T12:35:37.450000Z')",P,CSO,"(1.0, 0.5053754)"
"(2024000379, 2452)","('2024-04-05T12:35:37.800000Z', '2024-04-05T12:35:38.060000Z')",S,CSM,"(1.0, 0.5784079)"
"(2024000379, 2292)","('2024-04-05T12:35:37.850000Z', '2024-04-05T12:35:37.870000Z')",S,BOO,"(1.0, 0.6370492)"
"(2024000379, 2392)","('2024-04-05T12:35:39.300000Z', '2024-04-05T12:35:39.520000Z')",S,CIMO,"(1.0, 0.23176433)"
"(2024000379, 2614)","('2024-04-05T12:35:39.320000Z', '2024-04-05T12:35:39.520000Z')",S,ZOU,"(1.0, 0.63522714)"
"(2024000379, 1400)","('2024-04-05T12:35:39.410000Z', '2024-04-05T12:35:39.610000Z')",S,FVI,"(1.0, 0.76527995)"
"(2024000379, 2425)","('2024-04-05T12:35:39.520000Z', '2024-04-05T12:35:39.580000Z')",P,COLI,"(1.0, 0.8422966)"
"(2024000379, 4394)","('2024-04-05T12:35:39.710000Z', '2024-04-05T12:35:39.800000Z')",P,ROBS,"(1.0, 0.59372795)"
"(2024000379, 1965)","('2024-04-05T12:35:39.960000Z', '2024-04-05T12:35:39.740000Z')",P,ABTA,"(1.0, 0.61668146)"
"(2024000379, 2560)","('2024-04-05T12:35:41.590000Z', '2024-04-05T12:35:41.720000Z')",S,PLRO,"(1.0, 0.61454904)"
"(2024000379, 2154)","('2024-04-05T12:35:42.100000Z', '2024-04-05T12:35:42.220000Z')",S,BAD,"(1.0, 0.52731305)"
"(2024000379, 2458)","('2024-04-05T12:35:42.370000Z', '2024-04-05T12:35:42.860000Z')",S,CSO,"(1.0, 0.237682)"
"(2024000379, 1938)","('2024-04-05T12:35:42.690000Z', '2024-04-05T12:35:43.080000Z')",S,VINO,"(1.0, 0.47666478)"
"(2024000379, 1966)","('2024-04-05T12:35:45.730000Z', '2024-04-05T12:35:45.960000Z')",S,ABTA,"(1.0, 0.5822639)"
"(2024000379, 2426)","('2024-04-05T12:35:46.820000Z', '2024-04-05T12:35:47.290000Z')",S,COLI,"(1.0, 0.6266558)"
"(2024000380, 2476)","('2024-04-05T19:12:39.450000Z', '2024-04-05T19:12:39.500000Z')",P,FUSE,"(1.0, 0.87409204)"
"(2024000380, 2297)","('2024-04-05T19:12:39.790000Z', '2024-04-05T19:12:39.860000Z')",P,BOO,"(1.0, 0.85334694)"
"(2024000380, 2421)","('2024-04-05T19:12:40.680000Z', '2024-04-05T19:12:40.740000Z')",P,CLUD,"(1.0, 0.83877045)"
"(2024000380, 2541)","('2024-04-05T19:12:41.080000Z', '2024-04-05T19:12:41.140000Z')",P,MPRI,"(1.0, 0.8240304)"
"(2024000380, 2477)","('2024-04-05T19:12:41.110000Z', '2024-04-05T19:12:41.290000Z')",S,FUSE,"(1.0, 0.78358555)"
"(2024000380, 2615)","('2024-04-05T19:12:41.170000Z', '2024-04-05T19:12:41.210000Z')",P,ZOU,"(1.0, 0.86268663)"
"(2024000380, 1514)","('2024-04-05T19:12:41.280000Z', '2024-04-05T19:12:41.320000Z')",P,PTCC,"(1.0, 0.8751991)"
"(2024000380, 1948)","('2024-04-05T19:12:41.450000Z', '2024-04-05T19:12:41.380000Z')",P,VINO,"(1.0, 0.77786016)"
"(2024000380, 2160)","('2024-04-05T19:12:41.480000Z', '2024-04-05T19:12:41.540000Z')",P,BAD,"(1.0, 0.8850129)"
"(2024000380, 2298)","('2024-04-05T19:12:41.880000Z', '2024-04-05T19:12:41.920000Z')",S,BOO,"(1.0, 0.84688145)"
"(2024000380, 1915)","('2024-04-05T19:12:41.970000Z', '2024-04-05T19:12:42.020000Z')",P,PURA,"(1.0, 0.81545067)"
"(2024000380, 2422)","('2024-04-05T19:12:43.190000Z', '2024-04-05T19:12:43.280000Z')",S,CLUD,"(1.0, 0.80767065)"
"(2024000380, 2542)","('2024-04-05T19:12:44.240000Z', '2024-04-05T19:12:44.360000Z')",S,MPRI,"(1.0, 0.7321749)"
"(2024000380, 2616)","('2024-04-05T19:12:44.260000Z', '2024-04-05T19:12:44.350000Z')",S,ZOU,"(1.0, 0.6878412)"
"(2024000380, 1515)","('2024-04-05T19:12:44.590000Z', '2024-04-05T19:12:44.650000Z')",S,PTCC,"(1.0, 0.8303655)"
"(2024000380, 1949)","('2024-04-05T19:12:44.900000Z', '2024-04-05T19:12:44.990000Z')",S,VINO,"(1.0, 0.6154448)"
"(2024000380, 2161)","('2024-04-05T19:12:45.090000Z', '2024-04-05T19:12:45.270000Z')",S,BAD,"(1.0, 0.7788377)"
"(2024000380, 1916)","('2024-04-05T19:12:45.980000Z', '2024-04-05T19:12:46.030000Z')",S,PURA,"(1.0, 0.54664254)"
"(2024000381, 1727)","('2024-04-06T00:36:34.200000Z', '2024-04-06T00:36:34.210000Z')",P,PURA,"(1.0, 0.8586078)"
"(2024000381, 2142)","('2024-04-06T00:36:34.460000Z', '2024-04-06T00:36:34.500000Z')",P,CLUD,"(1.0, 0.8741833)"
"(2024000381, 1636)","('2024-04-06T00:36:34.610000Z', '2024-04-06T00:36:34.640000Z')",P,STAL,"(1.0, 0.7287753)"
"(2024000381, 2276)","('2024-04-06T00:36:35.400000Z', '2024-04-06T00:36:35.390000Z')",P,MPRI,"(1.0, 0.63556665)"
"(2024000381, 2114)","('2024-04-06T00:36:35.790000Z', '2024-04-06T00:36:35.880000Z')",P,BOO,"(1.0, 0.76738673)"
"(2024000381, 1728)","('2024-04-06T00:36:35.850000Z', '2024-04-06T00:36:35.940000Z')",S,PURA,"(1.0, 0.8207115)"
"(2024000381, 2161)","('2024-04-06T00:36:35.950000Z', '2024-04-06T00:36:36.000000Z')",P,CSM,"(1.0, 0.8315804)"
"(2024000381, 2143)","('2024-04-06T00:36:36.280000Z', '2024-04-06T00:36:36.430000Z')",S,CLUD,"(1.0, 0.84712887)"
"(2024000381, 1637)","('2024-04-06T00:36:36.500000Z', '2024-04-06T00:36:36.770000Z')",S,STAL,"(1.0, 0.73724675)"
"(2024000381, 2277)","('2024-04-06T00:36:38.160000Z', '2024-04-06T00:36:38.200000Z')",S,MPRI,"(1.0, 0.7096012)"
"(2024000381, 2162)","('2024-04-06T00:36:38.870000Z', '2024-04-06T00:36:39.080000Z')",S,CSM,"(1.0, 0.55663997)"
"(2024000381, 2115)","('2024-04-06T00:36:38.920000Z', '2024-04-06T00:36:39.040000Z')",S,BOO,"(1.0, 0.8056423)"
"(2024000382, 2144)","('2024-04-06T01:37:01.610000Z', '2024-04-06T01:37:01.640000Z')",P,CLUD,"(1.0, 0.90801287)"
"(2024000382, 2145)","('2024-04-06T01:37:02.280000Z', '2024-04-06T01:37:02.380000Z')",S,CLUD,"(1.0, 0.8709764)"
"(2024000382, 2173)","('2024-04-06T01:37:02.780000Z', '2024-04-06T01:37:02.840000Z')",P,FUSE,"(1.0, 0.84031427)"
"(2024000382, 2327)","('2024-04-06T01:37:03.100000Z', '2024-04-06T01:37:03.150000Z')",P,ZOU,"(1.0, 0.80324197)"
"(2024000382, 1735)","('2024-04-06T01:37:03.320000Z', '2024-04-06T01:37:03.240000Z')",P,PURA,"(1.0, 0.7857432)"
"(2024000382, 2174)","('2024-04-06T01:37:04.140000Z', '2024-04-06T01:37:04.400000Z')",S,FUSE,"(1.0, 0.79374737)"
"(2024000382, 2328)","('2024-04-06T01:37:04.810000Z', '2024-04-06T01:37:04.880000Z')",S,ZOU,"(1.0, 0.8504296)"
"(2024000382, 1736)","('2024-04-06T01:37:05.020000Z', '2024-04-06T01:37:05.280000Z')",S,PURA,"(1.0, 0.5834564)"
"(2024000383, 2220)","('2024-04-06T06:50:39.230000Z', '2024-04-06T06:50:39.240000Z')",P,LSR,"(1.0, 0.77109873)"
"(2024000383, 2221)","('2024-04-06T06:50:40.400000Z', '2024-04-06T06:50:40.500000Z')",S,LSR,"(1.0, 0.7852275)"
"(2024000384, 2175)","('2024-04-06T08:05:33.270000Z', '2024-04-06T08:05:33.320000Z')",P,FUSE,"(1.0, 0.8904055)"
"(2024000384, 2148)","('2024-04-06T08:05:33.880000Z', '2024-04-06T08:05:33.880000Z')",P,CLUD,"(1.0, 0.8863488)"
"(2024000384, 2176)","('2024-04-06T08:05:34.570000Z', '2024-04-06T08:05:34.580000Z')",S,FUSE,"(1.0, 0.8662682)"
"(2024000384, 2329)","('2024-04-06T08:05:34.650000Z', '2024-04-06T08:05:34.640000Z')",P,ZOU,"(1.0, 0.74466044)"
"(2024000384, 2295)","('2024-04-06T08:05:35.310000Z', '2024-04-06T08:05:35.230000Z')",P,PLRO,"(1.0, 0.8030903)"
"(2024000384, 1742)","('2024-04-06T08:05:35.370000Z', '2024-04-06T08:05:35.440000Z')",P,PURA,"(1.0, 0.74083734)"
"(2024000384, 2149)","('2024-04-06T08:05:35.560000Z', '2024-04-06T08:05:35.580000Z')",S,CLUD,"(1.0, 0.8111692)"
"(2024000384, 2330)","('2024-04-06T08:05:36.660000Z', '2024-04-06T08:05:36.890000Z')",S,ZOU,"(1.0, 0.7494161)"
"(2024000384, 1836)","('2024-04-06T08:05:37.180000Z', '2024-04-06T08:05:37.070000Z')",P,BAD,"(1.0, 0.7973217)"
"(2024000384, 2296)","('2024-04-06T08:05:37.810000Z', '2024-04-06T08:05:37.820000Z')",S,PLRO,"(1.0, 0.80550003)"
"(2024000384, 1743)","('2024-04-06T08:05:38.290000Z', '2024-04-06T08:05:38.470000Z')",S,PURA,"(1.0, 0.2917653)"
"(2024000384, 1837)","('2024-04-06T08:05:41.520000Z', '2024-04-06T08:05:41.580000Z')",S,BAD,"(1.0, 0.47486302)"
"(2024000385, 3985)","('2024-04-06T08:41:29.640000Z', '2024-04-06T08:41:29.680000Z')",P,JAVS,"(1.0, 0.73021615)"
"(2024000385, 3955)","('2024-04-06T08:41:29.880000Z', '2024-04-06T08:41:29.990000Z')",P,GBAS,"(1.0, 0.66234565)"
"(2024000385, 4004)","('2024-04-06T08:41:31.890000Z', '2024-04-06T08:41:31.810000Z')",P,MOZS,"(1.0, 0.39050972)"
"(2024000385, 2308)","('2024-04-06T08:41:33.560000Z', '2024-04-06T08:41:33.900000Z')",P,SABO,"(1.0, 0.31214893)"
"(2024000386, 2116)","('2024-04-06T14:58:28.020000Z', '2024-04-06T14:58:28.060000Z')",P,BOO,"(1.0, 0.83695006)"
"(2024000386, 1771)","('2024-04-06T14:58:28.430000Z', '2024-04-06T14:58:28.460000Z')",P,VINO,"(1.0, 0.90283644)"
"(2024000386, 1841)","('2024-04-06T14:58:28.520000Z', '2024-04-06T14:58:28.570000Z')",P,BAD,"(1.0, 0.79441535)"
"(2024000386, 1426)","('2024-04-06T14:58:29.020000Z', '2024-04-06T14:58:28.730000Z')",P,PTCC,"(1.0, 0.10239184)"
"(2024000386, 2117)","('2024-04-06T14:58:29.540000Z', '2024-04-06T14:58:29.660000Z')",S,BOO,"(1.0, 0.87685245)"
"(2024000386, 2284)","('2024-04-06T14:58:29.960000Z', '2024-04-06T14:58:29.930000Z')",P,MPRI,"(1.0, 0.21218085)"
"(2024000386, 1427)","('2024-04-06T14:58:30.300000Z', '2024-04-06T14:58:30.600000Z')",S,PTCC,"(1.0, 0.35312468)"
"(2024000386, 1772)","('2024-04-06T14:58:30.360000Z', '2024-04-06T14:58:30.390000Z')",S,VINO,"(1.0, 0.8276275)"
"(2024000386, 1842)","('2024-04-06T14:58:30.620000Z', '2024-04-06T14:58:30.700000Z')",S,BAD,"(1.0, 0.6927126)"
"(2024000386, 2224)","('2024-04-06T14:58:31.240000Z', '2024-04-06T14:58:31.250000Z')",P,LSR,"(1.0, 0.2148811)"
"(2024000386, 2285)","('2024-04-06T14:58:32.970000Z', '2024-04-06T14:58:33.120000Z')",S,MPRI,"(1.0, 0.12246686)"
"(2024000386, 2225)","('2024-04-06T14:58:35.300000Z', '2024-04-06T14:58:35.450000Z')",S,LSR,"(1.0, 0.14995645)"
"(2024000387, 1749)","('2024-04-06T15:42:05.970000Z', '2024-04-06T15:42:05.990000Z')",P,PURA,"(1.0, 0.92633826)"
"(2024000387, 2150)","('2024-04-06T15:42:06.360000Z', '2024-04-06T15:42:06.350000Z')",P,CLUD,"(1.0, 0.87756705)"
"(2024000387, 1655)","('2024-04-06T15:42:06.420000Z', '2024-04-06T15:42:06.440000Z')",P,STAL,"(1.0, 0.84223574)"
"(2024000387, 2179)","('2024-04-06T15:42:06.930000Z', '2024-04-06T15:42:07.000000Z')",P,FUSE,"(1.0, 0.9108897)"
"(2024000387, 1750)","('2024-04-06T15:42:07.270000Z', '2024-04-06T15:42:07.540000Z')",S,PURA,"(1.0, 0.7942138)"
"(2024000387, 2286)","('2024-04-06T15:42:07.310000Z', '2024-04-06T15:42:07.310000Z')",P,MPRI,"(1.0, 0.81271267)"
"(2024000387, 2167)","('2024-04-06T15:42:07.680000Z', '2024-04-06T15:42:07.670000Z')",P,CSM,"(1.0, 0.78636754)"
"(2024000387, 2118)","('2024-04-06T15:42:07.790000Z', '2024-04-06T15:42:07.800000Z')",P,BOO,"(1.0, 0.89017427)"
"(2024000387, 2151)","('2024-04-06T15:42:08.170000Z', '2024-04-06T15:42:08.390000Z')",S,CLUD,"(1.0, 0.7551038)"
"(2024000387, 1656)","('2024-04-06T15:42:08.480000Z', '2024-04-06T15:42:08.520000Z')",S,STAL,"(1.0, 0.6490302)"
"(2024000387, 2331)","('2024-04-06T15:42:08.540000Z', '2024-04-06T15:42:08.540000Z')",P,ZOU,"(1.0, 0.75760376)"
"(2024000387, 1333)","('2024-04-06T15:42:08.670000Z', '2024-04-06T15:42:08.620000Z')",P,FVI,"(1.0, 0.7951477)"
"(2024000387, 2272)","('2024-04-06T15:42:08.850000Z', '2024-04-06T15:42:09.000000Z')",P,MLN,"(1.0, 0.77067554)"
"(2024000387, 2125)","('2024-04-06T15:42:09.040000Z', '2024-04-06T15:42:09.000000Z')",P,BUA,"(1.0, 0.8167579)"
"(2024000387, 2180)","('2024-04-06T15:42:09.040000Z', '2024-04-06T15:42:09.410000Z')",S,FUSE,"(1.0, 0.6125855)"
"(2024000387, 2297)","('2024-04-06T15:42:09.920000Z', '2024-04-06T15:42:09.980000Z')",P,PLRO,"(1.0, 0.89653516)"
"(2024000387, 2287)","('2024-04-06T15:42:09.970000Z', '2024-04-06T15:42:10.330000Z')",S,MPRI,"(1.0, 0.6495246)"
"(2024000387, 1843)","('2024-04-06T15:42:10.150000Z', '2024-04-06T15:42:10.140000Z')",P,BAD,"(1.0, 0.80764735)"
"(2024000387, 2169)","('2024-04-06T15:42:10.470000Z', '2024-04-06T15:42:10.120000Z')",P,CSO,"(1.0, 0.5820924)"
"(2024000387, 2168)","('2024-04-06T15:42:10.700000Z', '2024-04-06T15:42:10.710000Z')",S,CSM,"(1.0, 0.7516)"
"(2024000387, 1831)","('2024-04-06T15:42:10.840000Z', '2024-04-06T15:42:10.820000Z')",P,APGO,"(1.0, 0.7829447)"
"(2024000387, 2119)","('2024-04-06T15:42:11.070000Z', '2024-04-06T15:42:11.070000Z')",S,BOO,"(1.0, 0.81533253)"
"(2024000387, 1725)","('2024-04-06T15:42:11.890000Z', '2024-04-06T15:42:11.830000Z')",P,POLC,"(1.0, 0.5569591)"
"(2024000387, 1334)","('2024-04-06T15:42:11.970000Z', '2024-04-06T15:42:12.330000Z')",S,FVI,"(1.0, 0.7606361)"
"(2024000387, 2332)","('2024-04-06T15:42:12.210000Z', '2024-04-06T15:42:12.200000Z')",S,ZOU,"(1.0, 0.44602472)"
"(2024000387, 2141)","('2024-04-06T15:42:12.330000Z', '2024-04-06T15:42:12.320000Z')",S,CIMO,"(1.0, 0.30754957)"
"(2024000387, 2127)","('2024-04-06T15:42:12.420000Z', '2024-04-06T15:42:12.370000Z')",P,CAE,"(1.0, 0.6868958)"
"(2024000387, 2521)","('2024-04-06T15:42:12.440000Z', '2024-04-06T15:42:12.730000Z')",S,GEPF,"(1.0, 0.11146354)"
"(2024000387, 2159)","('2024-04-06T15:42:12.740000Z', '2024-04-06T15:42:12.660000Z')",P,COLI,"(1.0, 0.78921175)"
"(2024000387, 1783)","('2024-04-06T15:42:12.780000Z', '2024-04-06T15:42:12.520000Z')",P,ABTA,"(1.0, 0.60356873)"
"(2024000387, 2298)","('2024-04-06T15:42:14.600000Z', '2024-04-06T15:42:14.640000Z')",S,PLRO,"(1.0, 0.7159449)"
"(2024000387, 1844)","('2024-04-06T15:42:15.530000Z', '2024-04-06T15:42:15.550000Z')",S,BAD,"(1.0, 0.39790517)"
"(2024000387, 2170)","('2024-04-06T15:42:15.540000Z', '2024-04-06T15:42:15.580000Z')",S,CSO,"(1.0, 0.58704376)"
"(2024000387, 1832)","('2024-04-06T15:42:16.670000Z', '2024-04-06T15:42:17.000000Z')",S,APGO,"(1.0, 0.25420487)"
"(2024000387, 1784)","('2024-04-06T15:42:18.410000Z', '2024-04-06T15:42:18.670000Z')",S,ABTA,"(1.0, 0.49343964)"
"(2024000387, 2128)","('2024-04-06T15:42:19.320000Z', '2024-04-06T15:42:19.540000Z')",S,CAE,"(1.0, 0.47098994)"
"(2024000387, 2160)","('2024-04-06T15:42:20.110000Z', '2024-04-06T15:42:20.540000Z')",S,COLI,"(1.0, 0.6095047)"
"(2024000388, 1755)","('2024-04-06T18:25:21.580000Z', '2024-04-06T18:25:21.610000Z')",P,PURA,"(1.0, 0.84365493)"
"(2024000388, 2152)","('2024-04-06T18:25:21.840000Z', '2024-04-06T18:25:21.850000Z')",P,CLUD,"(1.0, 0.88307625)"
"(2024000388, 1657)","('2024-04-06T18:25:22.160000Z', '2024-04-06T18:25:22.210000Z')",P,STAL,"(1.0, 0.86524963)"
"(2024000388, 2181)","('2024-04-06T18:25:22.570000Z', '2024-04-06T18:25:22.470000Z')",P,FUSE,"(1.0, 0.6702738)"
"(2024000388, 2288)","('2024-04-06T18:25:22.880000Z', '2024-04-06T18:25:22.860000Z')",P,MPRI,"(1.0, 0.42593008)"
"(2024000388, 1756)","('2024-04-06T18:25:23.070000Z', '2024-04-06T18:25:23.260000Z')",S,PURA,"(1.0, 0.5726605)"
"(2024000388, 2121)","('2024-04-06T18:25:23.320000Z', '2024-04-06T18:25:23.310000Z')",P,BOO,"(1.0, 0.8723599)"
"(2024000388, 2153)","('2024-04-06T18:25:23.380000Z', '2024-04-06T18:25:23.630000Z')",S,CLUD,"(1.0, 0.7342864)"
"(2024000388, 1658)","('2024-04-06T18:25:24.490000Z', '2024-04-06T18:25:24.930000Z')",S,STAL,"(1.0, 0.67720973)"
"(2024000388, 2274)","('2024-04-06T18:25:24.650000Z', '2024-04-06T18:25:25.030000Z')",P,MLN,"(1.0, 0.34791788)"
"(2024000388, 2182)","('2024-04-06T18:25:24.730000Z', '2024-04-06T18:25:24.750000Z')",S,FUSE,"(1.0, 0.6365714)"
"(2024000388, 2289)","('2024-04-06T18:25:25.470000Z', '2024-04-06T18:25:25.750000Z')",S,MPRI,"(1.0, 0.51389736)"
"(2024000388, 2122)","('2024-04-06T18:25:26.430000Z', '2024-04-06T18:25:26.440000Z')",S,BOO,"(1.0, 0.84561944)"
"(2024000389, 3936)","('2024-04-07T03:10:36.690000Z', '2024-04-07T03:10:36.750000Z')",P,KNDS,"(1.0, 0.6921537)"
"(2024000389, 3488)","('2024-04-07T03:10:36.760000Z', '2024-04-07T03:10:36.900000Z')",P,CEY,"(1.0, 0.5300432)"
"(2024000389, 3937)","('2024-04-07T03:10:39.220000Z', '2024-04-07T03:10:39.310000Z')",S,KNDS,"(1.0, 0.6815557)"
"(2024000389, 3489)","('2024-04-07T03:10:39.240000Z', '2024-04-07T03:10:39.250000Z')",S,CEY,"(1.0, 0.8101237)"
"(2024000389, 4053)","('2024-04-07T03:10:39.730000Z', '2024-04-07T03:10:39.850000Z')",P,SKDS,"(1.0, 0.64949656)"
"(2024000389, 3821)","('2024-04-07T03:10:39.760000Z', '2024-04-07T03:10:39.970000Z')",P,GBAS,"(1.0, 0.77300143)"
"(2024000389, 3900)","('2024-04-07T03:10:40.450000Z', '2024-04-07T03:10:40.380000Z')",P,JAVS,"(1.0, 0.34183362)"
"(2024000389, 4120)","('2024-04-07T03:10:43.580000Z', '2024-04-07T03:10:43.710000Z')",P,VOJS,"(1.0, 0.321583)"
"(2024000389, 3822)","('2024-04-07T03:10:43.890000Z', '2024-04-07T03:10:44.380000Z')",S,GBAS,"(1.0, 0.4498516)"
"(2024000389, 4054)","('2024-04-07T03:10:44.510000Z', '2024-04-07T03:10:44.890000Z')",S,SKDS,"(1.0, 0.7014021)"
"(2024000389, 3901)","('2024-04-07T03:10:46.420000Z', '2024-04-07T03:10:46.620000Z')",S,JAVS,"(1.0, 0.53630364)"
"(2024000390, 1550)","('2024-04-07T03:27:57.110000Z', '2024-04-07T03:27:57.110000Z')",P,PURA,"(1.0, 0.8370556)"
"(2024000390, 1423)","('2024-04-07T03:27:57.460000Z', '2024-04-07T03:27:57.460000Z')",P,STAL,"(1.0, 0.83845615)"
"(2024000390, 2020)","('2024-04-07T03:27:57.470000Z', '2024-04-07T03:27:57.490000Z')",P,CLUD,"(1.0, 0.8509144)"
"(2024000390, 2069)","('2024-04-07T03:27:57.990000Z', '2024-04-07T03:27:57.970000Z')",P,FUSE,"(1.0, 0.66320276)"
"(2024000390, 2166)","('2024-04-07T03:27:58.270000Z', '2024-04-07T03:27:58.210000Z')",P,MPRI,"(1.0, 0.7035384)"
"(2024000390, 1901)","('2024-04-07T03:27:58.750000Z', '2024-04-07T03:27:58.770000Z')",P,BOO,"(1.0, 0.84558403)"
"(2024000390, 2039)","('2024-04-07T03:27:58.800000Z', '2024-04-07T03:27:58.810000Z')",P,CSM,"(1.0, 0.71893525)"
"(2024000390, 1551)","('2024-04-07T03:27:58.950000Z', '2024-04-07T03:27:58.910000Z')",S,PURA,"(1.0, 0.6921906)"
"(2024000390, 1424)","('2024-04-07T03:27:59.400000Z', '2024-04-07T03:27:59.520000Z')",S,STAL,"(1.0, 0.7685273)"
"(2024000390, 2021)","('2024-04-07T03:27:59.430000Z', '2024-04-07T03:27:59.560000Z')",S,CLUD,"(1.0, 0.76087713)"
"(2024000390, 2012)","('2024-04-07T03:27:59.510000Z', '2024-04-07T03:27:59.520000Z')",P,CIMO,"(1.0, 0.39844343)"
"(2024000390, 2475)","('2024-04-07T03:27:59.510000Z', '2024-04-07T03:27:59.570000Z')",P,GEPF,"(1.0, 0.6100135)"
"(2024000390, 2230)","('2024-04-07T03:27:59.640000Z', '2024-04-07T03:27:59.650000Z')",P,ZOU,"(1.0, 0.7979197)"
"(2024000390, 2161)","('2024-04-07T03:27:59.680000Z', '2024-04-07T03:27:59.630000Z')",P,MLN,"(1.0, 0.54171497)"
"(2024000390, 1217)","('2024-04-07T03:27:59.710000Z', '2024-04-07T03:27:59.760000Z')",P,FVI,"(1.0, 0.7843484)"
"(2024000390, 1931)","('2024-04-07T03:27:59.840000Z', '2024-04-07T03:27:59.790000Z')",P,BUA,"(1.0, 0.7643565)"
"(2024000390, 2070)","('2024-04-07T03:28:00.520000Z', '2024-04-07T03:28:00.530000Z')",S,FUSE,"(1.0, 0.46343088)"
"(2024000390, 2180)","('2024-04-07T03:28:00.880000Z', '2024-04-07T03:28:00.910000Z')",P,PLRO,"(1.0, 0.5980411)"
"(2024000390, 1730)","('2024-04-07T03:28:00.940000Z', '2024-04-07T03:28:00.970000Z')",P,BAD,"(1.0, 0.767434)"
"(2024000390, 2046)","('2024-04-07T03:28:01.150000Z', '2024-04-07T03:28:01.170000Z')",P,CSO,"(1.0, 0.5147473)"
"(2024000390, 2167)","('2024-04-07T03:28:01.340000Z', '2024-04-07T03:28:01.340000Z')",S,MPRI,"(1.0, 0.35642925)"
"(2024000390, 1301)","('2024-04-07T03:28:01.780000Z', '2024-04-07T03:28:01.770000Z')",P,PTCC,"(1.0, 0.58977675)"
"(2024000390, 1709)","('2024-04-07T03:28:01.820000Z', '2024-04-07T03:28:01.770000Z')",P,APGO,"(1.0, 0.71062326)"
"(2024000390, 1902)","('2024-04-07T03:28:01.830000Z', '2024-04-07T03:28:01.970000Z')",S,BOO,"(1.0, 0.31870016)"
"(2024000390, 1546)","('2024-04-07T03:28:02.800000Z', '2024-04-07T03:28:02.760000Z')",P,POLC,"(1.0, 0.4782863)"
"(2024000390, 1935)","('2024-04-07T03:28:03.030000Z', '2024-04-07T03:28:03.110000Z')",P,CAE,"(1.0, 0.57463604)"
"(2024000390, 2033)","('2024-04-07T03:28:03.360000Z', '2024-04-07T03:28:03.430000Z')",P,COLI,"(1.0, 0.6685085)"
"(2024000390, 1600)","('2024-04-07T03:28:03.410000Z', '2024-04-07T03:28:03.450000Z')",P,ABTA,"(1.0, 0.62486905)"
"(2024000390, 2013)","('2024-04-07T03:28:03.470000Z', '2024-04-07T03:28:03.630000Z')",S,CIMO,"(1.0, 0.13246644)"
"(2024000390, 2231)","('2024-04-07T03:28:03.520000Z', '2024-04-07T03:28:03.500000Z')",S,ZOU,"(1.0, 0.6820989)"
"(2024000390, 1218)","('2024-04-07T03:28:03.640000Z', '2024-04-07T03:28:03.650000Z')",S,FVI,"(1.0, 0.7221999)"
"(2024000390, 4038)","('2024-04-07T03:28:03.780000Z', '2024-04-07T03:28:03.540000Z')",P,ROBS,"(1.0, 0.38647577)"
"(2024000390, 2476)","('2024-04-07T03:28:03.810000Z', '2024-04-07T03:28:03.880000Z')",S,GEPF,"(1.0, 0.5637795)"
"(2024000390, 2219)","('2024-04-07T03:28:04.030000Z', '2024-04-07T03:28:04.030000Z')",P,TLI,"(1.0, 0.7142759)"
"(2024000390, 1696)","('2024-04-07T03:28:04.100000Z', '2024-04-07T03:28:04.310000Z')",P,AFL,"(1.0, 0.31350347)"
"(2024000390, 1932)","('2024-04-07T03:28:04.380000Z', '2024-04-07T03:28:04.530000Z')",S,BUA,"(1.0, 0.27190527)"
"(2024000390, 2119)","('2024-04-07T03:28:04.540000Z', '2024-04-07T03:28:04.500000Z')",P,LSR,"(1.0, 0.72365665)"
"(2024000390, 2186)","('2024-04-07T03:28:04.680000Z', '2024-04-07T03:28:04.570000Z')",P,PRED,"(1.0, 0.52550185)"
"(2024000390, 1668)","('2024-04-07T03:28:04.820000Z', '2024-04-07T03:28:05.000000Z')",P,ACOM,"(1.0, 0.92594784)"
"(2024000390, 2181)","('2024-04-07T03:28:05.780000Z', '2024-04-07T03:28:05.770000Z')",S,PLRO,"(1.0, 0.50423086)"
"(2024000390, 1731)","('2024-04-07T03:28:06.110000Z', '2024-04-07T03:28:06.340000Z')",S,BAD,"(1.0, 0.6147098)"
"(2024000390, 1710)","('2024-04-07T03:28:07.540000Z', '2024-04-07T03:28:07.570000Z')",S,APGO,"(1.0, 0.58531886)"
"(2024000390, 1302)","('2024-04-07T03:28:07.730000Z', '2024-04-07T03:28:07.890000Z')",S,PTCC,"(1.0, 0.3132362)"
"(2024000390, 1601)","('2024-04-07T03:28:09.910000Z', '2024-04-07T03:28:09.890000Z')",S,ABTA,"(1.0, 0.44895196)"
"(2024000390, 2034)","('2024-04-07T03:28:10.800000Z', '2024-04-07T03:28:11.140000Z')",S,COLI,"(1.0, 0.3396807)"
"(2024000390, 4039)","('2024-04-07T03:28:11.320000Z', '2024-04-07T03:28:11.290000Z')",S,ROBS,"(1.0, 0.4184888)"
"(2024000390, 2220)","('2024-04-07T03:28:11.660000Z', '2024-04-07T03:28:12.060000Z')",S,TLI,"(1.0, 0.37093076)"
"(2024000390, 2121)","('2024-04-07T03:28:12.520000Z', '2024-04-07T03:28:12.670000Z')",S,LSR,"(1.0, 0.56860006)"
"(2024000390, 1669)","('2024-04-07T03:28:13.330000Z', '2024-04-07T03:28:13.450000Z')",S,ACOM,"(1.0, 0.55611044)"
"(2024000391, 4187)","('2024-04-07T03:34:36.220000Z', '2024-04-07T03:34:36.250000Z')",P,OZOL,"(1.0, 0.8632514)"
"(2024000391, 1155)","('2024-04-07T03:34:37.450000Z', '2024-04-07T03:34:37.460000Z')",P,APPI,"(1.0, 0.8086299)"
"(2024000391, 4188)","('2024-04-07T03:34:37.900000Z', '2024-04-07T03:34:38.080000Z')",S,OZOL,"(1.0, 0.7317518)"
"(2024000391, 3415)","('2024-04-07T03:34:38.460000Z', '2024-04-07T03:34:38.500000Z')",P,KOSI,"(1.0, 0.8207994)"
"(2024000391, 4176)","('2024-04-07T03:34:38.920000Z', '2024-04-07T03:34:39.000000Z')",P,GAGG,"(1.0, 0.7976804)"
"(2024000391, 4151)","('2024-04-07T03:34:39.800000Z', '2024-04-07T03:34:39.900000Z')",P,CARE,"(1.0, 0.8143529)"
"(2024000391, 1156)","('2024-04-07T03:34:39.870000Z', '2024-04-07T03:34:40.090000Z')",S,APPI,"(1.0, 0.8041833)"
"(2024000391, 3416)","('2024-04-07T03:34:41.690000Z', '2024-04-07T03:34:41.840000Z')",S,KOSI,"(1.0, 0.7736193)"
"(2024000391, 3403)","('2024-04-07T03:34:42.360000Z', '2024-04-07T03:34:41.890000Z')",P,ABSI,"(1.0, 0.4133398)"
"(2024000391, 4177)","('2024-04-07T03:34:42.860000Z', '2024-04-07T03:34:42.990000Z')",S,GAGG,"(1.0, 0.5626037)"
"(2024000391, 4152)","('2024-04-07T03:34:43.950000Z', '2024-04-07T03:34:43.980000Z')",S,CARE,"(1.0, 0.61340386)"
"(2024000391, 3404)","('2024-04-07T03:34:47.670000Z', '2024-04-07T03:34:47.700000Z')",S,ABSI,"(1.0, 0.7181141)"
"(2024000392, 1606)","('2024-04-07T05:44:03.070000Z', '2024-04-07T05:44:03.060000Z')",P,ABTA,"(1.0, 0.87704825)"
"(2024000392, 1607)","('2024-04-07T05:44:04.360000Z', '2024-04-07T05:44:04.440000Z')",S,ABTA,"(1.0, 0.8247193)"
"(2024000392, 1219)","('2024-04-07T05:44:04.960000Z', '2024-04-07T05:44:05.000000Z')",P,FVI,"(1.0, 0.93060184)"
"(2024000392, 2041)","('2024-04-07T05:44:05.420000Z', '2024-04-07T05:44:05.400000Z')",P,CSM,"(1.0, 0.82032853)"
"(2024000392, 1554)","('2024-04-07T05:44:07.010000Z', '2024-04-07T05:44:07.000000Z')",P,PURA,"(1.0, 0.92827517)"
"(2024000392, 2232)","('2024-04-07T05:44:07.370000Z', '2024-04-07T05:44:07.420000Z')",P,ZOU,"(1.0, 0.7615738)"
"(2024000392, 2022)","('2024-04-07T05:44:07.390000Z', '2024-04-07T05:44:07.410000Z')",P,CLUD,"(1.0, 0.6775572)"
"(2024000392, 1220)","('2024-04-07T05:44:07.540000Z', '2024-04-07T05:44:07.730000Z')",S,FVI,"(1.0, 0.7031628)"
"(2024000392, 1698)","('2024-04-07T05:44:07.620000Z', '2024-04-07T05:44:07.610000Z')",P,AFL,"(1.0, 0.77864313)"
"(2024000392, 2042)","('2024-04-07T05:44:08.420000Z', '2024-04-07T05:44:08.520000Z')",S,CSM,"(1.0, 0.6766882)"
"(2024000392, 2014)","('2024-04-07T05:44:08.740000Z', '2024-04-07T05:44:09.000000Z')",P,CIMO,"(1.0, 0.7798768)"
"(2024000392, 2071)","('2024-04-07T05:44:08.920000Z', '2024-04-07T05:44:09.000000Z')",P,FUSE,"(1.0, 0.8634933)"
"(2024000392, 2182)","('2024-04-07T05:44:09.310000Z', '2024-04-07T05:44:09.360000Z')",P,PLRO,"(1.0, 0.62609804)"
"(2024000392, 1425)","('2024-04-07T05:44:09.590000Z', '2024-04-07T05:44:09.670000Z')",P,STAL,"(1.0, 0.6669337)"
"(2024000392, 2168)","('2024-04-07T05:44:11.710000Z', '2024-04-07T05:44:11.700000Z')",P,MPRI,"(1.0, 0.3191444)"
"(2024000392, 1699)","('2024-04-07T05:44:11.840000Z', '2024-04-07T05:44:12.220000Z')",S,AFL,"(1.0, 0.5503251)"
"(2024000392, 2233)","('2024-04-07T05:44:12.070000Z', '2024-04-07T05:44:12.130000Z')",S,ZOU,"(1.0, 0.5836965)"
"(2024000392, 2024)","('2024-04-07T05:44:12.220000Z', '2024-04-07T05:44:12.240000Z')",S,CLUD,"(1.0, 0.58039635)"
"(2024000392, 1305)","('2024-04-07T05:44:12.860000Z', '2024-04-07T05:44:12.880000Z')",P,PTCC,"(1.0, 0.634101)"
"(2024000392, 1624)","('2024-04-07T05:44:13.270000Z', '2024-04-07T05:44:13.160000Z')",P,KBA,"(1.0, 0.7833949)"
"(2024000392, 1670)","('2024-04-07T05:44:13.570000Z', '2024-04-07T05:44:13.660000Z')",P,ACOM,"(1.0, 0.58354694)"
"(2024000392, 1734)","('2024-04-07T05:44:13.630000Z', '2024-04-07T05:44:13.630000Z')",P,BAD,"(1.0, 0.59692657)"
"(2024000392, 2015)","('2024-04-07T05:44:14.220000Z', '2024-04-07T05:44:14.370000Z')",S,CIMO,"(1.0, 0.5013257)"
"(2024000392, 2122)","('2024-04-07T05:44:14.430000Z', '2024-04-07T05:44:14.370000Z')",P,LSR,"(1.0, 0.6464836)"
"(2024000392, 2072)","('2024-04-07T05:44:14.810000Z', '2024-04-07T05:44:14.750000Z')",S,FUSE,"(1.0, 0.37891954)"
"(2024000392, 2189)","('2024-04-07T05:44:14.900000Z', '2024-04-07T05:44:14.890000Z')",P,PRED,"(1.0, 0.49462688)"
"(2024000392, 1647)","('2024-04-07T05:44:15.020000Z', '2024-04-07T05:44:14.970000Z')",P,MYKA,"(1.0, 0.5186351)"
"(2024000392, 2183)","('2024-04-07T05:44:15.370000Z', '2024-04-07T05:44:15.710000Z')",S,PLRO,"(1.0, 0.3972001)"
"(2024000392, 1426)","('2024-04-07T05:44:15.910000Z', '2024-04-07T05:44:16.320000Z')",S,STAL,"(1.0, 0.3618135)"
"(2024000392, 4217)","('2024-04-07T05:44:16.200000Z', '2024-04-07T05:44:16.260000Z')",P,ZIAN,"(1.0, 0.82212704)"
"(2024000392, 2049)","('2024-04-07T05:44:16.380000Z', '2024-04-07T05:44:16.520000Z')",S,CSO,"(1.0, 0.53825957)"
"(2024000392, 3417)","('2024-04-07T05:44:16.910000Z', '2024-04-07T05:44:16.940000Z')",P,KOSI,"(1.0, 0.83979374)"
"(2024000392, 2169)","('2024-04-07T05:44:19.160000Z', '2024-04-07T05:44:19.650000Z')",S,MPRI,"(1.0, 0.44237778)"
"(2024000392, 1306)","('2024-04-07T05:44:21.650000Z', '2024-04-07T05:44:21.690000Z')",S,PTCC,"(1.0, 0.5278866)"
"(2024000392, 1625)","('2024-04-07T05:44:21.910000Z', '2024-04-07T05:44:21.900000Z')",S,KBA,"(1.0, 0.55001014)"
"(2024000392, 1671)","('2024-04-07T05:44:22.920000Z', '2024-04-07T05:44:23.170000Z')",S,ACOM,"(1.0, 0.3244422)"
"(2024000392, 1735)","('2024-04-07T05:44:23.080000Z', '2024-04-07T05:44:23.380000Z')",S,BAD,"(1.0, 0.615157)"
"(2024000392, 2123)","('2024-04-07T05:44:24.090000Z', '2024-04-07T05:44:24.410000Z')",S,LSR,"(1.0, 0.35555798)"
"(2024000392, 2190)","('2024-04-07T05:44:25.000000Z', '2024-04-07T05:44:24.780000Z')",S,PRED,"(1.0, 0.30462867)"
"(2024000392, 3418)","('2024-04-07T05:44:28.690000Z', '2024-04-07T05:44:28.480000Z')",S,KOSI,"(1.0, 0.38765687)"
"(2024000393, 3909)","('2024-04-07T07:03:57.640000Z', '2024-04-07T07:03:57.710000Z')",P,JAVS,"(1.0, 0.80328804)"
"(2024000393, 3829)","('2024-04-07T07:03:58.320000Z', '2024-04-07T07:03:58.340000Z')",P,GBAS,"(1.0, 0.79696107)"
"(2024000393, 4133)","('2024-04-07T07:03:58.410000Z', '2024-04-07T07:03:58.480000Z')",P,VOJS,"(1.0, 0.872318)"
"(2024000393, 3910)","('2024-04-07T07:04:00.330000Z', '2024-04-07T07:04:00.370000Z')",S,JAVS,"(1.0, 0.53163683)"
"(2024000393, 3890)","('2024-04-07T07:04:00.360000Z', '2024-04-07T07:04:00.400000Z')",P,GORS,"(1.0, 0.630629)"
"(2024000393, 3978)","('2024-04-07T07:04:01.250000Z', '2024-04-07T07:04:01.290000Z')",P,MOZS,"(1.0, 0.6435819)"
"(2024000393, 3830)","('2024-04-07T07:04:01.510000Z', '2024-04-07T07:04:01.460000Z')",S,GBAS,"(1.0, 0.55245024)"
"(2024000393, 4134)","('2024-04-07T07:04:01.750000Z', '2024-04-07T07:04:01.920000Z')",S,VOJS,"(1.0, 0.62204045)"
"(2024000393, 2060)","('2024-04-07T07:04:02.320000Z', '2024-04-07T07:04:02.270000Z')",P,DRE,"(1.0, 0.24207035)"
"(2024000393, 3892)","('2024-04-07T07:04:05.220000Z', '2024-04-07T07:04:05.410000Z')",S,GORS,"(1.0, 0.3859333)"
"(2024000393, 3979)","('2024-04-07T07:04:06.230000Z', '2024-04-07T07:04:06.330000Z')",S,MOZS,"(1.0, 0.3586801)"
"(2024000393, 2061)","('2024-04-07T07:04:08.360000Z', '2024-04-07T07:04:08.570000Z')",S,DRE,"(1.0, 0.5256503)"
"(2024000394, 1911)","('2024-04-07T07:39:28.760000Z', '2024-04-07T07:39:28.790000Z')",P,BOO,"(1.0, 0.839954)"
"(2024000394, 2025)","('2024-04-07T07:39:29.640000Z', '2024-04-07T07:39:29.650000Z')",P,CLUD,"(1.0, 0.8473427)"
"(2024000394, 1912)","('2024-04-07T07:39:30.190000Z', '2024-04-07T07:39:30.270000Z')",S,BOO,"(1.0, 0.85737944)"
"(2024000394, 1558)","('2024-04-07T07:39:30.870000Z', '2024-04-07T07:39:30.970000Z')",P,PURA,"(1.0, 0.776074)"
"(2024000394, 2026)","('2024-04-07T07:39:31.800000Z', '2024-04-07T07:39:32.090000Z')",S,CLUD,"(1.0, 0.45331547)"
"(2024000394, 1559)","('2024-04-07T07:39:34.220000Z', '2024-04-07T07:39:34.350000Z')",S,PURA,"(1.0, 0.42391235)"
"(2024000395, 1565)","('2024-04-07T17:49:35.040000Z', '2024-04-07T17:49:35.000000Z')",P,PURA,"(1.0, 0.91698617)"
"(2024000395, 1142)","('2024-04-07T17:49:35.360000Z', '2024-04-07T17:49:35.400000Z')",P,CHIE,"(1.0, 0.8694131)"
"(2024000395, 2031)","('2024-04-07T17:49:35.380000Z', '2024-04-07T17:49:35.390000Z')",P,CLUD,"(1.0, 0.8313372)"
"(2024000395, 1437)","('2024-04-07T17:49:35.450000Z', '2024-04-07T17:49:35.460000Z')",P,STAL,"(1.0, 0.85744375)"
"(2024000395, 2173)","('2024-04-07T17:49:36.270000Z', '2024-04-07T17:49:36.260000Z')",P,MPRI,"(1.0, 0.8339263)"
"(2024000395, 1566)","('2024-04-07T17:49:36.660000Z', '2024-04-07T17:49:36.720000Z')",S,PURA,"(1.0, 0.7375226)"
"(2024000395, 1923)","('2024-04-07T17:49:36.740000Z', '2024-04-07T17:49:36.740000Z')",P,BOO,"(1.0, 0.8784328)"
"(2024000395, 2032)","('2024-04-07T17:49:37.250000Z', '2024-04-07T17:49:37.360000Z')",S,CLUD,"(1.0, 0.7537954)"
"(2024000395, 1143)","('2024-04-07T17:49:37.480000Z', '2024-04-07T17:49:37.460000Z')",S,CHIE,"(1.0, 0.8613238)"
"(2024000395, 2234)","('2024-04-07T17:49:37.520000Z', '2024-04-07T17:49:37.600000Z')",P,ZOU,"(1.0, 0.8097013)"
"(2024000395, 1221)","('2024-04-07T17:49:37.660000Z', '2024-04-07T17:49:37.770000Z')",P,FVI,"(1.0, 0.6514809)"
"(2024000395, 2164)","('2024-04-07T17:49:37.670000Z', '2024-04-07T17:49:37.630000Z')",P,MLN,"(1.0, 0.8044573)"
"(2024000395, 2477)","('2024-04-07T17:49:37.710000Z', '2024-04-07T17:49:37.830000Z')",P,GEPF,"(1.0, 0.48910132)"
"(2024000395, 1438)","('2024-04-07T17:49:37.770000Z', '2024-04-07T17:49:37.880000Z')",S,STAL,"(1.0, 0.7661545)"
"(2024000395, 1933)","('2024-04-07T17:49:38.140000Z', '2024-04-07T17:49:37.860000Z')",P,BUA,"(1.0, 0.39161295)"
"(2024000395, 2184)","('2024-04-07T17:49:38.880000Z', '2024-04-07T17:49:38.930000Z')",P,PLRO,"(1.0, 0.77657235)"
"(2024000395, 1741)","('2024-04-07T17:49:38.950000Z', '2024-04-07T17:49:39.000000Z')",P,BAD,"(1.0, 0.9037037)"
"(2024000395, 1728)","('2024-04-07T17:49:39.860000Z', '2024-04-07T17:49:39.780000Z')",P,APGO,"(1.0, 0.8263244)"
"(2024000395, 1924)","('2024-04-07T17:49:39.870000Z', '2024-04-07T17:49:39.960000Z')",S,BOO,"(1.0, 0.7957901)"
"(2024000395, 1316)","('2024-04-07T17:49:40.210000Z', '2024-04-07T17:49:39.990000Z')",P,PTCC,"(1.0, 0.7455599)"
"(2024000395, 1939)","('2024-04-07T17:49:40.980000Z', '2024-04-07T17:49:41.220000Z')",P,CAE,"(1.0, 0.8274406)"
"(2024000395, 2235)","('2024-04-07T17:49:41.110000Z', '2024-04-07T17:49:41.320000Z')",S,ZOU,"(1.0, 0.5989764)"
"(2024000395, 1222)","('2024-04-07T17:49:41.270000Z', '2024-04-07T17:49:41.430000Z')",S,FVI,"(1.0, 0.77020884)"
"(2024000395, 2037)","('2024-04-07T17:49:41.480000Z', '2024-04-07T17:49:41.580000Z')",P,COLI,"(1.0, 0.83336383)"
"(2024000395, 2478)","('2024-04-07T17:49:41.680000Z', '2024-04-07T17:49:41.840000Z')",S,GEPF,"(1.0, 0.45077363)"
"(2024000395, 4051)","('2024-04-07T17:49:41.780000Z', '2024-04-07T17:49:41.830000Z')",P,ROBS,"(1.0, 0.67132497)"
"(2024000395, 1609)","('2024-04-07T17:49:41.870000Z', '2024-04-07T17:49:41.900000Z')",P,ABTA,"(1.0, 0.803554)"
"(2024000395, 2165)","('2024-04-07T17:49:42.280000Z', '2024-04-07T17:49:42.240000Z')",S,MLN,"(1.0, 0.19582424)"
"(2024000395, 2124)","('2024-04-07T17:49:42.560000Z', '2024-04-07T17:49:42.800000Z')",P,LSR,"(1.0, 0.55848897)"
"(2024000395, 1934)","('2024-04-07T17:49:42.590000Z', '2024-04-07T17:49:43.030000Z')",S,BUA,"(1.0, 0.3200945)"
"(2024000395, 2185)","('2024-04-07T17:49:43.380000Z', '2024-04-07T17:49:43.650000Z')",S,PLRO,"(1.0, 0.760119)"
"(2024000395, 1675)","('2024-04-07T17:49:43.600000Z', '2024-04-07T17:49:43.330000Z')",P,ACOM,"(1.0, 0.4998999)"
"(2024000395, 1742)","('2024-04-07T17:49:44.180000Z', '2024-04-07T17:49:44.580000Z')",S,BAD,"(1.0, 0.41654152)"
"(2024000395, 1729)","('2024-04-07T17:49:45.530000Z', '2024-04-07T17:49:45.590000Z')",S,APGO,"(1.0, 0.6130527)"
"(2024000395, 1610)","('2024-04-07T17:49:47.600000Z', '2024-04-07T17:49:47.800000Z')",S,ABTA,"(1.0, 0.66179913)"
"(2024000395, 1940)","('2024-04-07T17:49:48.790000Z', '2024-04-07T17:49:48.620000Z')",S,CAE,"(1.0, 0.4256878)"
"(2024000395, 4052)","('2024-04-07T17:49:49.040000Z', '2024-04-07T17:49:49.460000Z')",S,ROBS,"(1.0, 0.3123881)"
"(2024000395, 2038)","('2024-04-07T17:49:49.140000Z', '2024-04-07T17:49:49.250000Z')",S,COLI,"(1.0, 0.6103375)"
"(2024000395, 2125)","('2024-04-07T17:49:50.260000Z', '2024-04-07T17:49:50.710000Z')",S,LSR,"(1.0, 0.45253232)"
"(2024000395, 1676)","('2024-04-07T17:49:50.930000Z', '2024-04-07T17:49:51.380000Z')",S,ACOM,"(1.0, 0.4124725)"
"(2024000396, 1696)","('2024-04-08T05:19:10.050000Z', '2024-04-08T05:19:10.010000Z')",P,TRES,"(1.0, 0.88246757)"
"(2024000396, 1608)","('2024-04-08T05:19:11.600000Z', '2024-04-08T05:19:11.640000Z')",P,GARG,"(1.0, 0.7332725)"
"(2024000396, 1697)","('2024-04-08T05:19:12.430000Z', '2024-04-08T05:19:12.500000Z')",S,TRES,"(1.0, 0.6963347)"
"(2024000396, 1445)","('2024-04-08T05:19:13.600000Z', '2024-04-08T05:19:13.760000Z')",P,BALD,"(1.0, 0.21256797)"
"(2024000396, 1624)","('2024-04-08T05:19:13.810000Z', '2024-04-08T05:19:13.860000Z')",P,GAVI,"(1.0, 0.6494153)"
"(2024000396, 996)","('2024-04-08T05:19:16.110000Z', '2024-04-08T05:19:16.120000Z')",S,MAGA,"(1.0, 0.38274533)"
"(2024000396, 988)","('2024-04-08T05:19:16.660000Z', '2024-04-08T05:19:16.420000Z')",P,MABI,"(1.0, 0.39321086)"
"(2024000396, 3074)","('2024-04-08T05:19:17.430000Z', '2024-04-08T05:19:17.790000Z')",P,LUSI,"(1.0, 0.28136387)"
"(2024000396, 1446)","('2024-04-08T05:19:18.120000Z', '2024-04-08T05:19:18.480000Z')",S,BALD,"(1.0, 0.57369906)"
"(2024000396, 1643)","('2024-04-08T05:19:18.440000Z', '2024-04-08T05:19:18.380000Z')",P,MARN,"(1.0, 0.48554143)"
"(2024000396, 1625)","('2024-04-08T05:19:18.990000Z', '2024-04-08T05:19:19.110000Z')",S,GAVI,"(1.0, 0.52049094)"
"(2024000396, 3564)","('2024-04-08T05:19:19.220000Z', '2024-04-08T05:19:19.090000Z')",P,DOSS,"(1.0, 0.26644614)"
"(2024000396, 3578)","('2024-04-08T05:19:19.990000Z', '2024-04-08T05:19:19.970000Z')",P,GAGG,"(1.0, 0.38376018)"
"(2024000396, 989)","('2024-04-08T05:19:22.880000Z', '2024-04-08T05:19:22.980000Z')",S,MABI,"(1.0, 0.28805324)"
"(2024000396, 3549)","('2024-04-08T05:19:24.100000Z', '2024-04-08T05:19:24.020000Z')",P,CARE,"(1.0, 0.44426253)"
"(2024000396, 3075)","('2024-04-08T05:19:25.260000Z', '2024-04-08T05:19:25.290000Z')",S,LUSI,"(1.0, 0.55994654)"
"(2024000396, 1644)","('2024-04-08T05:19:26.140000Z', '2024-04-08T05:19:26.290000Z')",S,MARN,"(1.0, 0.16529466)"
"(2024000396, 3565)","('2024-04-08T05:19:27.580000Z', '2024-04-08T05:19:27.150000Z')",S,DOSS,"(1.0, 0.42769274)"
"(2024000396, 3579)","('2024-04-08T05:19:28.910000Z', '2024-04-08T05:19:28.960000Z')",S,GAGG,"(1.0, 0.23174512)"
"(2024000396, 3550)","('2024-04-08T05:19:35.730000Z', '2024-04-08T05:19:35.580000Z')",S,CARE,"(1.0, 0.3293497)"
"(2024000396, 947)","('2024-04-08T05:19:39.640000Z', '2024-04-08T05:19:39.650000Z')",S,CTI,"(1.0, 0.22238998)"
"(2024000397, 3084)","('2024-04-08T11:09:25.910000Z', '2024-04-08T11:09:25.920000Z')",P,MOSI,"(1.0, 0.86628056)"
"(2024000397, 3085)","('2024-04-08T11:09:27.030000Z', '2024-04-08T11:09:27.070000Z')",S,MOSI,"(1.0, 0.7525849)"
"(2024000397, 932)","('2024-04-08T11:09:27.350000Z', '2024-04-08T11:09:27.350000Z')",P,BRMO,"(1.0, 0.8880148)"
"(2024000397, 3552)","('2024-04-08T11:09:28.480000Z', '2024-04-08T11:09:28.480000Z')",P,CARE,"(1.0, 0.8098799)"
"(2024000397, 933)","('2024-04-08T11:09:29.660000Z', '2024-04-08T11:09:29.700000Z')",S,BRMO,"(1.0, 0.82851595)"
"(2024000397, 3553)","('2024-04-08T11:09:31.430000Z', '2024-04-08T11:09:31.550000Z')",S,CARE,"(1.0, 0.5193078)"
"(2024000397, 1377)","('2024-04-08T11:09:32.670000Z', '2024-04-08T11:09:32.690000Z')",P,FETA,"(1.0, 0.71726865)"
"(2024000397, 1378)","('2024-04-08T11:09:38.460000Z', '2024-04-08T11:09:38.340000Z')",S,FETA,"(1.0, 0.57771945)"
"(2024000398, 1462)","('2024-04-09T00:08:11.130000Z', '2024-04-09T00:08:11.140000Z')",P,FUSE,"(1.0, 0.8810552)"
"(2024000398, 1419)","('2024-04-09T00:08:11.630000Z', '2024-04-09T00:08:11.650000Z')",P,CLUD,"(1.0, 0.8593641)"
"(2024000398, 1361)","('2024-04-09T00:08:11.840000Z', '2024-04-09T00:08:11.720000Z')",P,BOO,"(1.0, 0.5662568)"
"(2024000398, 1522)","('2024-04-09T00:08:12.240000Z', '2024-04-09T00:08:12.340000Z')",P,MPRI,"(1.0, 0.8142421)"
"(2024000398, 1463)","('2024-04-09T00:08:12.720000Z', '2024-04-09T00:08:12.860000Z')",S,FUSE,"(1.0, 0.8210321)"
"(2024000398, 1182)","('2024-04-09T00:08:12.860000Z', '2024-04-09T00:08:12.750000Z')",P,PURA,"(1.0, 0.62757003)"
"(2024000398, 1420)","('2024-04-09T00:08:13.560000Z', '2024-04-09T00:08:13.600000Z')",S,CLUD,"(1.0, 0.8290507)"
"(2024000398, 1362)","('2024-04-09T00:08:13.850000Z', '2024-04-09T00:08:13.940000Z')",S,BOO,"(1.0, 0.41075686)"
"(2024000398, 1264)","('2024-04-09T00:08:13.960000Z', '2024-04-09T00:08:13.920000Z')",P,BAD,"(1.0, 0.50872934)"
"(2024000398, 1523)","('2024-04-09T00:08:14.950000Z', '2024-04-09T00:08:15.000000Z')",S,MPRI,"(1.0, 0.835505)"
"(2024000398, 1183)","('2024-04-09T00:08:15.440000Z', '2024-04-09T00:08:15.510000Z')",S,PURA,"(1.0, 0.64319813)"
"(2024000398, 1265)","('2024-04-09T00:08:18.190000Z', '2024-04-09T00:08:18.150000Z')",S,BAD,"(1.0, 0.3377546)"
"(2024000399, 1283)","('2024-04-09T01:20:33.770000Z', '2024-04-09T01:20:33.780000Z')",P,BALD,"(1.0, 0.8590887)"
"(2024000399, 1284)","('2024-04-09T01:20:34.690000Z', '2024-04-09T01:20:34.730000Z')",S,BALD,"(1.0, 0.8636537)"
"(2024000399, 1470)","('2024-04-09T01:20:35.490000Z', '2024-04-09T01:20:35.480000Z')",P,GARG,"(1.0, 0.7971293)"
"(2024000399, 899)","('2024-04-09T01:20:36.090000Z', '2024-04-09T01:20:36.010000Z')",P,MAGA,"(1.0, 0.8868184)"
"(2024000399, 1471)","('2024-04-09T01:20:37.760000Z', '2024-04-09T01:20:38.050000Z')",S,GARG,"(1.0, 0.7561218)"
"(2024000399, 2646)","('2024-04-09T01:20:37.830000Z', '2024-04-09T01:20:37.700000Z')",P,LUSI,"(1.0, 0.65583444)"
"(2024000399, 1506)","('2024-04-09T01:20:38.190000Z', '2024-04-09T01:20:37.920000Z')",P,MARN,"(1.0, 0.3994477)"
"(2024000399, 3049)","('2024-04-09T01:20:38.280000Z', '2024-04-09T01:20:38.050000Z')",P,DOSS,"(1.0, 0.64186805)"
"(2024000399, 900)","('2024-04-09T01:20:38.710000Z', '2024-04-09T01:20:39.110000Z')",S,MAGA,"(1.0, 0.62824714)"
"(2024000399, 2647)","('2024-04-09T01:20:41.490000Z', '2024-04-09T01:20:41.460000Z')",S,LUSI,"(1.0, 0.47403422)"
"(2024000399, 1507)","('2024-04-09T01:20:41.750000Z', '2024-04-09T01:20:41.700000Z')",S,MARN,"(1.0, 0.588601)"
"(2024000399, 3050)","('2024-04-09T01:20:42.650000Z', '2024-04-09T01:20:42.650000Z')",S,DOSS,"(1.0, 0.40565848)"
"(2024000400, 2654)","('2024-04-09T07:05:09.010000Z', '2024-04-09T07:05:09.010000Z')",P,MOSI,"(1.0, 0.92512316)"
"(2024000400, 2655)","('2024-04-09T07:05:10.120000Z', '2024-04-09T07:05:10.110000Z')",S,MOSI,"(1.0, 0.7640445)"
"(2024000400, 871)","('2024-04-09T07:05:10.450000Z', '2024-04-09T07:05:10.440000Z')",P,BRMO,"(1.0, 0.7598622)"
"(2024000400, 3042)","('2024-04-09T07:05:11.580000Z', '2024-04-09T07:05:11.590000Z')",P,CARE,"(1.0, 0.8642279)"
"(2024000400, 872)","('2024-04-09T07:05:12.790000Z', '2024-04-09T07:05:12.790000Z')",S,BRMO,"(1.0, 0.8073498)"
"(2024000400, 3043)","('2024-04-09T07:05:14.560000Z', '2024-04-09T07:05:14.730000Z')",S,CARE,"(1.0, 0.69269246)"
"(2024000401, 2666)","('2024-04-09T08:07:57.190000Z', '2024-04-09T08:07:57.180000Z')",P,CADS,"(1.0, 0.875212)"
"(2024000401, 2667)","('2024-04-09T08:07:58.000000Z', '2024-04-09T08:07:58.020000Z')",S,CADS,"(1.0, 0.88291055)"
"(2024000401, 1445)","('2024-04-09T08:07:58.840000Z', '2024-04-09T08:07:58.710000Z')",P,DRE,"(1.0, 0.21091454)"
"(2024000401, 2902)","('2024-04-09T08:07:59.480000Z', '2024-04-09T08:07:59.330000Z')",P,GORS,"(1.0, 0.7450508)"
"(2024000401, 1446)","('2024-04-09T08:08:00.780000Z', '2024-04-09T08:08:01.040000Z')",S,DRE,"(1.0, 0.58613056)"
"(2024000401, 3028)","('2024-04-09T08:08:01.060000Z', '2024-04-09T08:08:00.980000Z')",P,VOJS,"(1.0, 0.2534816)"
"(2024000401, 2903)","('2024-04-09T08:08:02.090000Z', '2024-04-09T08:08:02.020000Z')",S,GORS,"(1.0, 0.43915623)"
"(2024000402, 2674)","('2024-04-09T08:09:58.220000Z', '2024-04-09T08:09:58.240000Z')",P,CADS,"(1.0, 0.89594895)"
"(2024000402, 2675)","('2024-04-09T08:09:59.020000Z', '2024-04-09T08:09:59.010000Z')",S,CADS,"(1.0, 0.9037783)"
"(2024000402, 1447)","('2024-04-09T08:09:59.820000Z', '2024-04-09T08:09:59.820000Z')",P,DRE,"(1.0, 0.81216747)"
"(2024000402, 2904)","('2024-04-09T08:10:00.390000Z', '2024-04-09T08:10:00.340000Z')",P,GORS,"(1.0, 0.69911283)"
"(2024000402, 2983)","('2024-04-09T08:10:01.310000Z', '2024-04-09T08:10:00.900000Z')",P,ROBS,"(1.0, 0.4591466)"
"(2024000402, 1448)","('2024-04-09T08:10:02.010000Z', '2024-04-09T08:10:02.060000Z')",S,DRE,"(1.0, 0.7055859)"
"(2024000402, 1536)","('2024-04-09T08:10:02.330000Z', '2024-04-09T08:10:01.830000Z')",P,PRED,"(1.0, 0.16039045)"
"(2024000402, 2984)","('2024-04-09T08:10:04.220000Z', '2024-04-09T08:10:04.280000Z')",S,ROBS,"(1.0, 0.24979644)"
"(2024000402, 1500)","('2024-04-09T08:10:07.670000Z', '2024-04-09T08:10:07.670000Z')",S,LSR,"(1.0, 0.10258798)"
"(2024000403, 1366)","('2024-04-09T17:24:57.610000Z', '2024-04-09T17:24:57.620000Z')",P,BOO,"(1.0, 0.864204)"
"(2024000403, 951)","('2024-04-09T17:24:58.040000Z', '2024-04-09T17:24:57.980000Z')",P,PTCC,"(1.0, 0.51908386)"
"(2024000403, 1274)","('2024-04-09T17:24:58.350000Z', '2024-04-09T17:24:58.340000Z')",P,BAD,"(1.0, 0.826486)"
"(2024000403, 1464)","('2024-04-09T17:24:58.830000Z', '2024-04-09T17:24:58.840000Z')",P,FUSE,"(1.0, 0.7810629)"
"(2024000403, 1367)","('2024-04-09T17:24:59.430000Z', '2024-04-09T17:24:59.460000Z')",S,BOO,"(1.0, 0.7817215)"
"(2024000403, 1528)","('2024-04-09T17:24:59.740000Z', '2024-04-09T17:24:59.680000Z')",P,MPRI,"(1.0, 0.64477986)"
"(2024000403, 1534)","('2024-04-09T17:24:59.990000Z', '2024-04-09T17:24:59.930000Z')",P,PLRO,"(1.0, 0.18943952)"
"(2024000403, 952)","('2024-04-09T17:25:00.130000Z', '2024-04-09T17:25:00.090000Z')",S,PTCC,"(1.0, 0.271057)"
"(2024000403, 2994)","('2024-04-09T17:25:00.380000Z', '2024-04-09T17:25:00.320000Z')",P,ROBS,"(1.0, 0.74318606)"
"(2024000403, 1275)","('2024-04-09T17:25:00.640000Z', '2024-04-09T17:25:00.800000Z')",S,BAD,"(1.0, 0.656204)"
"(2024000403, 1566)","('2024-04-09T17:25:00.930000Z', '2024-04-09T17:25:00.890000Z')",P,ZOU,"(1.0, 0.5765253)"
"(2024000403, 1430)","('2024-04-09T17:25:01.000000Z', '2024-04-09T17:25:01.110000Z')",P,COLI,"(1.0, 0.6318952)"
"(2024000403, 1501)","('2024-04-09T17:25:01.140000Z', '2024-04-09T17:25:00.900000Z')",P,LSR,"(1.0, 0.57628626)"
"(2024000403, 1465)","('2024-04-09T17:25:01.390000Z', '2024-04-09T17:25:01.400000Z')",S,FUSE,"(1.0, 0.59051)"
"(2024000403, 1236)","('2024-04-09T17:25:01.800000Z', '2024-04-09T17:25:01.720000Z')",P,ACOM,"(1.0, 0.62920827)"
"(2024000403, 2995)","('2024-04-09T17:25:04.400000Z', '2024-04-09T17:25:04.310000Z')",S,ROBS,"(1.0, 0.6615377)"
"(2024000403, 1567)","('2024-04-09T17:25:05.000000Z', '2024-04-09T17:25:05.360000Z')",S,ZOU,"(1.0, 0.6216728)"
"(2024000403, 1502)","('2024-04-09T17:25:05.060000Z', '2024-04-09T17:25:05.410000Z')",S,LSR,"(1.0, 0.65609163)"
"(2024000403, 1541)","('2024-04-09T17:25:05.310000Z', '2024-04-09T17:25:05.640000Z')",S,PRED,"(1.0, 0.2386572)"
"(2024000404, 1371)","('2024-04-09T17:49:29.580000Z', '2024-04-09T17:49:29.590000Z')",P,BOO,"(1.0, 0.81169295)"
"(2024000404, 953)","('2024-04-09T17:49:30.040000Z', '2024-04-09T17:49:30.060000Z')",P,PTCC,"(1.0, 0.7357526)"
"(2024000404, 1276)","('2024-04-09T17:49:30.370000Z', '2024-04-09T17:49:30.360000Z')",P,BAD,"(1.0, 0.76035136)"
"(2024000404, 1466)","('2024-04-09T17:49:30.760000Z', '2024-04-09T17:49:30.720000Z')",P,FUSE,"(1.0, 0.78671616)"
"(2024000404, 1372)","('2024-04-09T17:49:31.190000Z', '2024-04-09T17:49:31.290000Z')",S,BOO,"(1.0, 0.7063202)"
"(2024000404, 1530)","('2024-04-09T17:49:31.930000Z', '2024-04-09T17:49:31.800000Z')",P,MPRI,"(1.0, 0.42810345)"
"(2024000404, 954)","('2024-04-09T17:49:31.970000Z', '2024-04-09T17:49:32.120000Z')",S,PTCC,"(1.0, 0.47673467)"
"(2024000404, 2996)","('2024-04-09T17:49:32.310000Z', '2024-04-09T17:49:32.310000Z')",P,ROBS,"(1.0, 0.71372235)"
"(2024000404, 1277)","('2024-04-09T17:49:32.560000Z', '2024-04-09T17:49:32.790000Z')",S,BAD,"(1.0, 0.731353)"
"(2024000404, 1542)","('2024-04-09T17:49:32.970000Z', '2024-04-09T17:49:32.990000Z')",P,PRED,"(1.0, 0.34050804)"
"(2024000404, 1503)","('2024-04-09T17:49:33.190000Z', '2024-04-09T17:49:33.060000Z')",P,LSR,"(1.0, 0.6598138)"
"(2024000404, 1467)","('2024-04-09T17:49:33.200000Z', '2024-04-09T17:49:33.390000Z')",S,FUSE,"(1.0, 0.49924546)"
"(2024000404, 1531)","('2024-04-09T17:49:35.200000Z', '2024-04-09T17:49:35.360000Z')",S,MPRI,"(1.0, 0.5520214)"
"(2024000404, 2997)","('2024-04-09T17:49:36.240000Z', '2024-04-09T17:49:36.290000Z')",S,ROBS,"(1.0, 0.75008196)"
"(2024000404, 1504)","('2024-04-09T17:49:37.470000Z', '2024-04-09T17:49:37.430000Z')",S,LSR,"(1.0, 0.6485495)"
"(2024000405, 1381)","('2024-04-09T20:47:09.550000Z', '2024-04-09T20:47:09.540000Z')",P,BOO,"(1.0, 0.8348766)"
"(2024000405, 955)","('2024-04-09T20:47:10.000000Z', '2024-04-09T20:47:09.950000Z')",P,PTCC,"(1.0, 0.75717413)"
"(2024000405, 1209)","('2024-04-09T20:47:10.110000Z', '2024-04-09T20:47:10.080000Z')",P,VINO,"(1.0, 0.87417376)"
"(2024000405, 1279)","('2024-04-09T20:47:10.290000Z', '2024-04-09T20:47:10.170000Z')",P,BAD,"(1.0, 0.7359726)"
"(2024000405, 1468)","('2024-04-09T20:47:10.650000Z', '2024-04-09T20:47:10.660000Z')",P,FUSE,"(1.0, 0.32813913)"
"(2024000405, 1382)","('2024-04-09T20:47:11.320000Z', '2024-04-09T20:47:11.350000Z')",S,BOO,"(1.0, 0.69095725)"
"(2024000405, 956)","('2024-04-09T20:47:12.010000Z', '2024-04-09T20:47:12.000000Z')",S,PTCC,"(1.0, 0.41120377)"
"(2024000405, 1210)","('2024-04-09T20:47:12.370000Z', '2024-04-09T20:47:12.370000Z')",S,VINO,"(1.0, 0.71300596)"
"(2024000405, 1280)","('2024-04-09T20:47:12.580000Z', '2024-04-09T20:47:12.670000Z')",S,BAD,"(1.0, 0.6956029)"
"(2024000405, 1469)","('2024-04-09T20:47:13.320000Z', '2024-04-09T20:47:13.360000Z')",S,FUSE,"(1.0, 0.20439023)"
"(2024000406, 1892)","('2024-04-09T23:23:42.510000Z', '2024-04-09T23:23:42.520000Z')",P,GEPF,"(1.0, 0.8196616)"
"(2024000406, 1391)","('2024-04-09T23:23:42.780000Z', '2024-04-09T23:23:42.800000Z')",P,BOO,"(1.0, 0.9080694)"
"(2024000406, 1893)","('2024-04-09T23:23:43.240000Z', '2024-04-09T23:23:43.320000Z')",S,GEPF,"(1.0, 0.73651356)"
"(2024000406, 1392)","('2024-04-09T23:23:43.720000Z', '2024-04-09T23:23:43.740000Z')",S,BOO,"(1.0, 0.8868944)"
"(2024000407, 1153)","('2024-04-10T07:13:14.050000Z', '2024-04-10T07:13:14.080000Z')",P,BRMO,"(1.0, 0.9067589)"
"(2024000407, 3384)","('2024-04-10T07:13:15.210000Z', '2024-04-10T07:13:15.200000Z')",P,CARE,"(1.0, 0.8517256)"
"(2024000407, 1154)","('2024-04-10T07:13:16.370000Z', '2024-04-10T07:13:16.420000Z')",S,BRMO,"(1.0, 0.83526945)"
"(2024000407, 3385)","('2024-04-10T07:13:18.220000Z', '2024-04-10T07:13:18.330000Z')",S,CARE,"(1.0, 0.5796864)"
"(2024000407, 1591)","('2024-04-10T07:13:19.470000Z', '2024-04-10T07:13:19.400000Z')",P,FETA,"(1.0, 0.6828812)"
"(2024000407, 1197)","('2024-04-10T07:13:21.220000Z', '2024-04-10T07:13:21.210000Z')",P,MABI,"(1.0, 0.43912494)"
"(2024000408, 1554)","('2024-04-10T13:32:31.040000Z', '2024-04-10T13:32:31.050000Z')",P,PURA,"(1.0, 0.86658674)"
"(2024000408, 1487)","('2024-04-10T13:32:31.530000Z', '2024-04-10T13:32:31.570000Z')",P,STAL,"(1.0, 0.8190661)"
"(2024000408, 1555)","('2024-04-10T13:32:32.640000Z', '2024-04-10T13:32:32.650000Z')",S,PURA,"(1.0, 0.6735619)"
"(2024000408, 1703)","('2024-04-10T13:32:32.840000Z', '2024-04-10T13:32:32.780000Z')",P,BOO,"(1.0, 0.7509208)"
"(2024000408, 1793)","('2024-04-10T13:32:32.990000Z', '2024-04-10T13:32:32.860000Z')",P,CSM,"(1.0, 0.64900595)"
"(2024000408, 1488)","('2024-04-10T13:32:33.670000Z', '2024-04-10T13:32:33.690000Z')",S,STAL,"(1.0, 0.69144434)"
"(2024000408, 1864)","('2024-04-10T13:32:34.020000Z', '2024-04-10T13:32:33.880000Z')",P,MLN,"(1.0, 0.19214089)"
"(2024000408, 1675)","('2024-04-10T13:32:35.180000Z', '2024-04-10T13:32:35.000000Z')",P,BAD,"(1.0, 0.8054061)"
"(2024000408, 1794)","('2024-04-10T13:32:35.760000Z', '2024-04-10T13:32:35.870000Z')",S,CSM,"(1.0, 0.698137)"
"(2024000408, 1704)","('2024-04-10T13:32:35.960000Z', '2024-04-10T13:32:36.020000Z')",S,BOO,"(1.0, 0.8203995)"
"(2024000408, 1865)","('2024-04-10T13:32:37.900000Z', '2024-04-10T13:32:38.130000Z')",S,MLN,"(1.0, 0.3017935)"
"(2024000408, 1676)","('2024-04-10T13:32:40.600000Z', '2024-04-10T13:32:40.530000Z')",S,BAD,"(1.0, 0.44437814)"
"(2024000409, 3288)","('2024-04-10T17:22:29.010000Z', '2024-04-10T17:22:29.010000Z')",P,MOZS,"(1.0, 0.82558864)"
"(2024000409, 3280)","('2024-04-10T17:22:29.950000Z', '2024-04-10T17:22:29.990000Z')",P,LJU,"(1.0, 0.8775868)"
"(2024000409, 3289)","('2024-04-10T17:22:31.080000Z', '2024-04-10T17:22:31.050000Z')",S,MOZS,"(1.0, 0.70771664)"
"(2024000409, 3233)","('2024-04-10T17:22:31.430000Z', '2024-04-10T17:22:31.410000Z')",P,GBAS,"(1.0, 0.78544647)"
"(2024000409, 3252)","('2024-04-10T17:22:32.600000Z', '2024-04-10T17:22:32.540000Z')",P,GORS,"(1.0, 0.46032766)"
"(2024000409, 3281)","('2024-04-10T17:22:32.670000Z', '2024-04-10T17:22:32.700000Z')",S,LJU,"(1.0, 0.7827918)"
"(2024000409, 3263)","('2024-04-10T17:22:33.620000Z', '2024-04-10T17:22:33.540000Z')",P,JAVS,"(1.0, 0.5661772)"
"(2024000409, 3380)","('2024-04-10T17:22:33.980000Z', '2024-04-10T17:22:33.900000Z')",P,VOJS,"(1.0, 0.7371276)"
"(2024000409, 3013)","('2024-04-10T17:22:35.180000Z', '2024-04-10T17:22:35.020000Z')",P,CADS,"(1.0, 0.8034072)"
"(2024000409, 3234)","('2024-04-10T17:22:35.360000Z', '2024-04-10T17:22:35.110000Z')",S,GBAS,"(1.0, 0.6142379)"
"(2024000409, 1803)","('2024-04-10T17:22:36.540000Z', '2024-04-10T17:22:36.500000Z')",P,DRE,"(1.0, 0.64109606)"
"(2024000409, 3253)","('2024-04-10T17:22:37.130000Z', '2024-04-10T17:22:37.070000Z')",S,GORS,"(1.0, 0.6244583)"
"(2024000409, 3264)","('2024-04-10T17:22:39.840000Z', '2024-04-10T17:22:39.790000Z')",S,JAVS,"(1.0, 0.4471197)"
"(2024000409, 3381)","('2024-04-10T17:22:39.970000Z', '2024-04-10T17:22:40.420000Z')",S,VOJS,"(1.0, 0.6273449)"
"(2024000409, 3014)","('2024-04-10T17:22:42.230000Z', '2024-04-10T17:22:42.190000Z')",S,CADS,"(1.0, 0.6321733)"
"(2024000409, 1804)","('2024-04-10T17:22:44.340000Z', '2024-04-10T17:22:44.840000Z')",S,DRE,"(1.0, 0.41951993)"
"(2024000410, 1683)","('2024-04-10T22:55:38.840000Z', '2024-04-10T22:55:38.890000Z')",P,BAD,"(1.0, 0.81340665)"
"(2024000410, 1291)","('2024-04-10T22:55:39.150000Z', '2024-04-10T22:55:39.230000Z')",P,PTCC,"(1.0, 0.7458223)"
"(2024000410, 3334)","('2024-04-10T22:55:39.650000Z', '2024-04-10T22:55:39.650000Z')",P,ROBS,"(1.0, 0.8315683)"
"(2024000410, 1787)","('2024-04-10T22:55:40.310000Z', '2024-04-10T22:55:40.380000Z')",P,COLI,"(1.0, 0.77721083)"
"(2024000410, 1684)","('2024-04-10T22:55:40.740000Z', '2024-04-10T22:55:40.760000Z')",S,BAD,"(1.0, 0.82512593)"
"(2024000410, 1292)","('2024-04-10T22:55:41.360000Z', '2024-04-10T22:55:41.510000Z')",S,PTCC,"(1.0, 0.79845256)"
"(2024000410, 3335)","('2024-04-10T22:55:42.180000Z', '2024-04-10T22:55:42.240000Z')",S,ROBS,"(1.0, 0.69259095)"
"(2024000410, 1788)","('2024-04-10T22:55:43.560000Z', '2024-04-10T22:55:43.630000Z')",S,COLI,"(1.0, 0.632487)"
"(2024000411, 1757)","('2024-04-11T03:33:53.280000Z', '2024-04-11T03:33:53.300000Z')",P,BALD,"(1.0, 0.79633766)"
"(2024000411, 1996)","('2024-04-11T03:33:53.410000Z', '2024-04-11T03:33:53.400000Z')",P,MARN,"(1.0, 0.8324145)"
"(2024000411, 3862)","('2024-04-11T03:33:53.850000Z', '2024-04-11T03:33:53.890000Z')",P,DOSS,"(1.0, 0.7042647)"
"(2024000411, 3422)","('2024-04-11T03:33:54.550000Z', '2024-04-11T03:33:54.580000Z')",P,LUSI,"(1.0, 0.84261066)"
"(2024000411, 1962)","('2024-04-11T03:33:55.150000Z', '2024-04-11T03:33:54.860000Z')",P,GARG,"(1.0, 0.24438013)"
"(2024000411, 1291)","('2024-04-11T03:33:55.470000Z', '2024-04-11T03:33:55.330000Z')",P,MAGA,"(1.0, 0.715213)"
"(2024000411, 1758)","('2024-04-11T03:33:55.740000Z', '2024-04-11T03:33:55.800000Z')",S,BALD,"(1.0, 0.7759686)"
"(2024000411, 1997)","('2024-04-11T03:33:55.790000Z', '2024-04-11T03:33:55.810000Z')",S,MARN,"(1.0, 0.6808116)"
"(2024000411, 3863)","('2024-04-11T03:33:56.560000Z', '2024-04-11T03:33:56.600000Z')",S,DOSS,"(1.0, 0.761575)"
"(2024000411, 3872)","('2024-04-11T03:33:56.830000Z', '2024-04-11T03:33:56.770000Z')",P,GAGG,"(1.0, 0.6777234)"
"(2024000411, 3423)","('2024-04-11T03:33:57.910000Z', '2024-04-11T03:33:57.950000Z')",S,LUSI,"(1.0, 0.74660486)"
"(2024000411, 1963)","('2024-04-11T03:33:58.540000Z', '2024-04-11T03:33:58.520000Z')",S,GARG,"(1.0, 0.767318)"
"(2024000411, 1292)","('2024-04-11T03:33:59.320000Z', '2024-04-11T03:33:59.330000Z')",S,MAGA,"(1.0, 0.4641894)"
"(2024000411, 3873)","('2024-04-11T03:34:01.920000Z', '2024-04-11T03:34:01.650000Z')",S,GAGG,"(1.0, 0.52721435)"
"(2024000412, 1613)","('2024-04-11T04:07:04.660000Z', '2024-04-11T04:07:04.660000Z')",P,PURA,"(1.0, 0.8619208)"
"(2024000412, 1539)","('2024-04-11T04:07:04.980000Z', '2024-04-11T04:07:05.220000Z')",P,STAL,"(1.0, 0.79868394)"
"(2024000412, 1614)","('2024-04-11T04:07:06.290000Z', '2024-04-11T04:07:06.250000Z')",S,PURA,"(1.0, 0.7883245)"
"(2024000412, 1806)","('2024-04-11T04:07:06.430000Z', '2024-04-11T04:07:06.400000Z')",P,BOO,"(1.0, 0.46911618)"
"(2024000412, 1540)","('2024-04-11T04:07:07.310000Z', '2024-04-11T04:07:07.300000Z')",S,STAL,"(1.0, 0.59871143)"
"(2024000412, 1807)","('2024-04-11T04:07:09.600000Z', '2024-04-11T04:07:09.610000Z')",S,BOO,"(1.0, 0.79626024)"
"(2024000413, 3703)","('2024-04-11T04:32:54.510000Z', '2024-04-11T04:32:54.540000Z')",P,KNDS,"(1.0, 0.8901003)"
"(2024000413, 3704)","('2024-04-11T04:32:56.030000Z', '2024-04-11T04:32:56.010000Z')",S,KNDS,"(1.0, 0.84766644)"
"(2024000413, 3786)","('2024-04-11T04:32:56.640000Z', '2024-04-11T04:32:56.620000Z')",P,SKDS,"(1.0, 0.8225315)"
"(2024000413, 3482)","('2024-04-11T04:32:57.280000Z', '2024-04-11T04:32:57.300000Z')",P,CEY,"(1.0, 0.8152912)"
"(2024000413, 3787)","('2024-04-11T04:33:00.100000Z', '2024-04-11T04:33:00.120000Z')",S,SKDS,"(1.0, 0.47789568)"
"(2024000413, 3678)","('2024-04-11T04:33:00.780000Z', '2024-04-11T04:33:00.460000Z')",P,JAVS,"(1.0, 0.5377912)"
"(2024000413, 3634)","('2024-04-11T04:33:01.230000Z', '2024-04-11T04:33:00.980000Z')",P,GBAS,"(1.0, 0.48636717)"
"(2024000413, 3483)","('2024-04-11T04:33:01.260000Z', '2024-04-11T04:33:01.240000Z')",S,CEY,"(1.0, 0.60674757)"
"(2024000413, 3635)","('2024-04-11T04:33:07.920000Z', '2024-04-11T04:33:07.790000Z')",S,GBAS,"(1.0, 0.32656896)"
"(2024000414, 1617)","('2024-04-11T04:59:25.110000Z', '2024-04-11T04:59:25.160000Z')",P,PURA,"(1.0, 0.8476508)"
"(2024000414, 1541)","('2024-04-11T04:59:25.420000Z', '2024-04-11T04:59:25.430000Z')",P,STAL,"(1.0, 0.8347698)"
"(2024000414, 1922)","('2024-04-11T04:59:25.480000Z', '2024-04-11T04:59:25.500000Z')",P,CLUD,"(1.0, 0.87701946)"
"(2024000414, 1956)","('2024-04-11T04:59:25.940000Z', '2024-04-11T04:59:25.930000Z')",P,FUSE,"(1.0, 0.77618235)"
"(2024000414, 2002)","('2024-04-11T04:59:26.220000Z', '2024-04-11T04:59:26.220000Z')",P,MPRI,"(1.0, 0.8508957)"
"(2024000414, 1808)","('2024-04-11T04:59:26.690000Z', '2024-04-11T04:59:26.660000Z')",P,BOO,"(1.0, 0.7614801)"
"(2024000414, 1941)","('2024-04-11T04:59:26.840000Z', '2024-04-11T04:59:26.950000Z')",P,CSM,"(1.0, 0.679882)"
"(2024000414, 1618)","('2024-04-11T04:59:26.860000Z', '2024-04-11T04:59:26.930000Z')",S,PURA,"(1.0, 0.81106395)"
"(2024000414, 1923)","('2024-04-11T04:59:27.410000Z', '2024-04-11T04:59:27.450000Z')",S,CLUD,"(1.0, 0.7448602)"
"(2024000414, 1542)","('2024-04-11T04:59:27.500000Z', '2024-04-11T04:59:27.490000Z')",S,STAL,"(1.0, 0.5558871)"
"(2024000414, 1910)","('2024-04-11T04:59:27.560000Z', '2024-04-11T04:59:27.560000Z')",P,CIMO,"(1.0, 0.5742773)"
"(2024000414, 1999)","('2024-04-11T04:59:27.650000Z', '2024-04-11T04:59:27.600000Z')",P,MLN,"(1.0, 0.6166246)"
"(2024000414, 2062)","('2024-04-11T04:59:27.690000Z', '2024-04-11T04:59:27.660000Z')",P,ZOU,"(1.0, 0.81076854)"
"(2024000414, 1957)","('2024-04-11T04:59:28.250000Z', '2024-04-11T04:59:28.450000Z')",S,FUSE,"(1.0, 0.5846305)"
"(2024000414, 2012)","('2024-04-11T04:59:28.930000Z', '2024-04-11T04:59:29.340000Z')",P,PLRO,"(1.0, 0.17911068)"
"(2024000414, 2003)","('2024-04-11T04:59:28.940000Z', '2024-04-11T04:59:28.980000Z')",S,MPRI,"(1.0, 0.6474089)"
"(2024000414, 1747)","('2024-04-11T04:59:28.960000Z', '2024-04-11T04:59:29.000000Z')",P,BAD,"(1.0, 0.81387395)"
"(2024000414, 1947)","('2024-04-11T04:59:29.320000Z', '2024-04-11T04:59:29.290000Z')",P,CSO,"(1.0, 0.3842974)"
"(2024000414, 1942)","('2024-04-11T04:59:29.820000Z', '2024-04-11T04:59:30.260000Z')",S,CSM,"(1.0, 0.33886972)"
"(2024000414, 1738)","('2024-04-11T04:59:29.840000Z', '2024-04-11T04:59:29.810000Z')",P,APGO,"(1.0, 0.8267238)"
"(2024000414, 1809)","('2024-04-11T04:59:29.870000Z', '2024-04-11T04:59:29.930000Z')",S,BOO,"(1.0, 0.7004543)"
"(2024000414, 1341)","('2024-04-11T04:59:30.080000Z', '2024-04-11T04:59:30.020000Z')",P,PTCC,"(1.0, 0.7233484)"
"(2024000414, 1819)","('2024-04-11T04:59:31.250000Z', '2024-04-11T04:59:31.240000Z')",P,CAE,"(1.0, 0.67650765)"
"(2024000414, 2000)","('2024-04-11T04:59:31.420000Z', '2024-04-11T04:59:31.880000Z')",S,MLN,"(1.0, 0.20372899)"
"(2024000414, 2063)","('2024-04-11T04:59:31.520000Z', '2024-04-11T04:59:31.310000Z')",S,ZOU,"(1.0, 0.59253657)"
"(2024000414, 1911)","('2024-04-11T04:59:31.630000Z', '2024-04-11T04:59:32.040000Z')",S,CIMO,"(1.0, 0.13230394)"
"(2024000414, 1647)","('2024-04-11T04:59:31.720000Z', '2024-04-11T04:59:31.640000Z')",P,ABTA,"(1.0, 0.71883917)"
"(2024000414, 1989)","('2024-04-11T04:59:32.560000Z', '2024-04-11T04:59:32.520000Z')",P,LSR,"(1.0, 0.58381146)"
"(2024000414, 2016)","('2024-04-11T04:59:32.760000Z', '2024-04-11T04:59:32.700000Z')",P,PRED,"(1.0, 0.7891643)"
"(2024000414, 1699)","('2024-04-11T04:59:32.770000Z', '2024-04-11T04:59:33.140000Z')",P,ACOM,"(1.0, 0.49258712)"
"(2024000414, 2013)","('2024-04-11T04:59:33.600000Z', '2024-04-11T04:59:33.690000Z')",S,PLRO,"(1.0, 0.62757254)"
"(2024000414, 1748)","('2024-04-11T04:59:34.100000Z', '2024-04-11T04:59:34.450000Z')",S,BAD,"(1.0, 0.27089337)"
"(2024000414, 1948)","('2024-04-11T04:59:34.870000Z', '2024-04-11T04:59:34.820000Z')",S,CSO,"(1.0, 0.11896896)"
"(2024000414, 1739)","('2024-04-11T04:59:35.620000Z', '2024-04-11T04:59:35.580000Z')",S,APGO,"(1.0, 0.5717253)"
"(2024000414, 1648)","('2024-04-11T04:59:38.050000Z', '2024-04-11T04:59:37.880000Z')",S,ABTA,"(1.0, 0.5238845)"
"(2024000414, 2017)","('2024-04-11T04:59:40.830000Z', '2024-04-11T04:59:40.720000Z')",S,PRED,"(1.0, 0.40486473)"
"(2024000415, 1625)","('2024-04-11T11:26:35.750000Z', '2024-04-11T11:26:35.770000Z')",P,PURA,"(1.0, 0.8699311)"
"(2024000415, 1924)","('2024-04-11T11:26:36.050000Z', '2024-04-11T11:26:36.020000Z')",P,CLUD,"(1.0, 0.90905374)"
"(2024000415, 1545)","('2024-04-11T11:26:36.320000Z', '2024-04-11T11:26:36.240000Z')",P,STAL,"(1.0, 0.7800899)"
"(2024000415, 1958)","('2024-04-11T11:26:36.760000Z', '2024-04-11T11:26:36.760000Z')",P,FUSE,"(1.0, 0.20027521)"
"(2024000415, 1626)","('2024-04-11T11:26:37.460000Z', '2024-04-11T11:26:37.430000Z')",S,PURA,"(1.0, 0.77011615)"
"(2024000415, 1925)","('2024-04-11T11:26:37.910000Z', '2024-04-11T11:26:38.000000Z')",S,CLUD,"(1.0, 0.8190553)"
"(2024000415, 1546)","('2024-04-11T11:26:38.340000Z', '2024-04-11T11:26:38.330000Z')",S,STAL,"(1.0, 0.7290092)"
"(2024000415, 1959)","('2024-04-11T11:26:38.950000Z', '2024-04-11T11:26:39.000000Z')",S,FUSE,"(1.0, 0.21990387)"
"(2024000416, 3714)","('2024-04-11T12:24:32.820000Z', '2024-04-11T12:24:32.860000Z')",P,KNDS,"(1.0, 0.8438958)"
"(2024000416, 3715)","('2024-04-11T12:24:34.330000Z', '2024-04-11T12:24:34.330000Z')",S,KNDS,"(1.0, 0.8581559)"
"(2024000416, 3798)","('2024-04-11T12:24:34.920000Z', '2024-04-11T12:24:35.000000Z')",P,SKDS,"(1.0, 0.9298608)"
"(2024000416, 3555)","('2024-04-11T12:24:35.540000Z', '2024-04-11T12:24:35.560000Z')",P,CEY,"(1.0, 0.77643496)"
"(2024000416, 3799)","('2024-04-11T12:24:38.520000Z', '2024-04-11T12:24:38.580000Z')",S,SKDS,"(1.0, 0.47468647)"
"(2024000416, 3686)","('2024-04-11T12:24:38.840000Z', '2024-04-11T12:24:39.000000Z')",P,JAVS,"(1.0, 0.8208233)"
"(2024000416, 3638)","('2024-04-11T12:24:38.940000Z', '2024-04-11T12:24:39.000000Z')",P,GBAS,"(1.0, 0.8892592)"
"(2024000416, 3556)","('2024-04-11T12:24:39.450000Z', '2024-04-11T12:24:39.500000Z')",S,CEY,"(1.0, 0.5788799)"
"(2024000416, 2032)","('2024-04-11T12:24:43.220000Z', '2024-04-11T12:24:43.150000Z')",P,SABO,"(1.0, 0.7211764)"
"(2024000416, 3687)","('2024-04-11T12:24:45.440000Z', '2024-04-11T12:24:45.700000Z')",S,JAVS,"(1.0, 0.6411451)"
"(2024000416, 2033)","('2024-04-11T12:24:53.760000Z', '2024-04-11T12:24:54.180000Z')",S,SABO,"(1.0, 0.56633013)"
"(2024000417, 3415)","('2024-04-11T17:27:59.210000Z', '2024-04-11T17:27:59.220000Z')",P,ABSI,"(1.0, 0.89276475)"
"(2024000417, 3416)","('2024-04-11T17:28:01.730000Z', '2024-04-11T17:28:01.740000Z')",S,ABSI,"(1.0, 0.77049804)"
"(2024000417, 1658)","('2024-04-11T17:28:02.420000Z', '2024-04-11T17:28:02.570000Z')",P,FETA,"(1.0, 0.8131787)"
"(2024000417, 3860)","('2024-04-11T17:28:06.320000Z', '2024-04-11T17:28:06.580000Z')",P,CARE,"(1.0, 0.6757402)"
"(2024000417, 1659)","('2024-04-11T17:28:07.190000Z', '2024-04-11T17:28:07.220000Z')",S,FETA,"(1.0, 0.68208945)"
"(2024000417, 3898)","('2024-04-11T17:28:08.140000Z', '2024-04-11T17:28:07.960000Z')",P,ZIAN,"(1.0, 0.17961848)"
"(2024000417, 3893)","('2024-04-11T17:28:11.630000Z', '2024-04-11T17:28:11.800000Z')",P,PANI,"(1.0, 0.39363027)"
"(2024000417, 3861)","('2024-04-11T17:28:14.200000Z', '2024-04-11T17:28:14.230000Z')",S,CARE,"(1.0, 0.50557995)"
"(2024000417, 3866)","('2024-04-11T17:28:14.550000Z', '2024-04-11T17:28:14.770000Z')",P,DOSS,"(1.0, 0.18443438)"
"(2024000417, 3894)","('2024-04-11T17:28:23.520000Z', '2024-04-11T17:28:23.080000Z')",S,PANI,"(1.0, 0.2129202)"
"(2024000418, 3458)","('2024-04-11T20:39:44.320000Z', '2024-04-11T20:39:44.320000Z')",P,CADS,"(1.0, 0.88587946)"
"(2024000418, 3779)","('2024-04-11T20:39:44.400000Z', '2024-04-11T20:39:44.430000Z')",P,ROBS,"(1.0, 0.87628233)"
"(2024000418, 1954)","('2024-04-11T20:39:44.660000Z', '2024-04-11T20:39:44.660000Z')",P,DRE,"(1.0, 0.9020084)"
"(2024000418, 2022)","('2024-04-11T20:39:45.630000Z', '2024-04-11T20:39:45.570000Z')",P,PRED,"(1.0, 0.82172006)"
"(2024000418, 3459)","('2024-04-11T20:39:45.830000Z', '2024-04-11T20:39:45.870000Z')",S,CADS,"(1.0, 0.87078726)"
"(2024000418, 3780)","('2024-04-11T20:39:46.020000Z', '2024-04-11T20:39:46.040000Z')",S,ROBS,"(1.0, 0.83144903)"
"(2024000418, 1993)","('2024-04-11T20:39:46.420000Z', '2024-04-11T20:39:46.390000Z')",P,LSR,"(1.0, 0.80458695)"
"(2024000418, 1955)","('2024-04-11T20:39:46.500000Z', '2024-04-11T20:39:46.680000Z')",S,DRE,"(1.0, 0.768845)"
"(2024000418, 3672)","('2024-04-11T20:39:47.340000Z', '2024-04-11T20:39:47.300000Z')",P,GORS,"(1.0, 0.8253556)"
"(2024000418, 1702)","('2024-04-11T20:39:47.690000Z', '2024-04-11T20:39:47.630000Z')",P,ACOM,"(1.0, 0.58502716)"
"(2024000418, 3847)","('2024-04-11T20:39:48.200000Z', '2024-04-11T20:39:48.210000Z')",P,VOJS,"(1.0, 0.8196159)"
"(2024000418, 2023)","('2024-04-11T20:39:48.320000Z', '2024-04-11T20:39:48.310000Z')",S,PRED,"(1.0, 0.8022025)"
"(2024000418, 1994)","('2024-04-11T20:39:49.900000Z', '2024-04-11T20:39:50.070000Z')",S,LSR,"(1.0, 0.584466)"
"(2024000418, 3673)","('2024-04-11T20:39:51.380000Z', '2024-04-11T20:39:51.350000Z')",S,GORS,"(1.0, 0.434853)"
"(2024000418, 1703)","('2024-04-11T20:39:52.320000Z', '2024-04-11T20:39:52.270000Z')",S,ACOM,"(1.0, 0.67215115)"
"(2024000418, 3848)","('2024-04-11T20:39:53.200000Z', '2024-04-11T20:39:53.250000Z')",S,VOJS,"(1.0, 0.43147823)"
"(2024000419, 3849)","('2024-04-11T22:31:31.690000Z', '2024-04-11T22:31:31.680000Z')",P,VOJS,"(1.0, 0.36169356)"
"(2024000419, 3464)","('2024-04-11T22:31:32.490000Z', '2024-04-11T22:31:32.400000Z')",P,CADS,"(1.0, 0.683816)"
"(2024000419, 3674)","('2024-04-11T22:31:32.830000Z', '2024-04-11T22:31:32.820000Z')",P,GORS,"(1.0, 0.78044784)"
"(2024000419, 3850)","('2024-04-11T22:31:33.950000Z', '2024-04-11T22:31:33.940000Z')",S,VOJS,"(1.0, 0.3301185)"
"(2024000419, 3465)","('2024-04-11T22:31:35.210000Z', '2024-04-11T22:31:35.190000Z')",S,CADS,"(1.0, 0.685955)"
"(2024000419, 3675)","('2024-04-11T22:31:36.200000Z', '2024-04-11T22:31:36.230000Z')",S,GORS,"(1.0, 0.43480703)"
"(2024000419, 3698)","('2024-04-11T22:31:38.730000Z', '2024-04-11T22:31:38.770000Z')",S,JAVS,"(1.0, 0.47585025)"
"(2024000420, 3721)","('2024-04-11T23:48:07.290000Z', '2024-04-11T23:48:07.280000Z')",P,KNDS,"(1.0, 0.76522404)"
"(2024000420, 3808)","('2024-04-11T23:48:09.390000Z', '2024-04-11T23:48:09.410000Z')",P,SKDS,"(1.0, 0.8418276)"
"(2024000420, 3722)","('2024-04-11T23:48:09.600000Z', '2024-04-11T23:48:09.610000Z')",S,KNDS,"(1.0, 0.73113805)"
"(2024000420, 3603)","('2024-04-11T23:48:10.820000Z', '2024-04-11T23:48:10.750000Z')",P,CEY,"(1.0, 0.5145936)"
"(2024000420, 3700)","('2024-04-11T23:48:14.240000Z', '2024-04-11T23:48:14.030000Z')",P,JAVS,"(1.0, 0.20560685)"
"(2024000420, 3644)","('2024-04-11T23:48:14.670000Z', '2024-04-11T23:48:14.660000Z')",P,GBAS,"(1.0, 0.6470973)"
"(2024000420, 3604)","('2024-04-11T23:48:16.270000Z', '2024-04-11T23:48:16.320000Z')",S,CEY,"(1.0, 0.27006486)"
"(2024000421, 1750)","('2024-04-12T12:55:23.680000Z', '2024-04-12T12:55:23.690000Z')",P,GAZZ,"(1.0, 0.77616054)"
"(2024000421, 1458)","('2024-04-12T12:55:26.590000Z', '2024-04-12T12:55:26.580000Z')",P,TEOL,"(1.0, 0.77851415)"
"(2024000421, 1796)","('2024-04-12T12:55:30.810000Z', '2024-04-12T12:55:30.830000Z')",P,MARN,"(1.0, 0.24485403)"
"(2024000421, 1605)","('2024-04-12T12:55:33.520000Z', '2024-04-12T12:55:33.470000Z')",P,BALD,"(1.0, 0.3308103)"
"(2024000421, 1683)","('2024-04-12T12:55:34.530000Z', '2024-04-12T12:55:34.580000Z')",P,CEKR,"(1.0, 0.72392297)"
"(2024000421, 1740)","('2024-04-12T12:55:34.810000Z', '2024-04-12T12:55:35.000000Z')",P,GARG,"(1.0, 0.9084857)"
"(2024000421, 3406)","('2024-04-12T12:55:35.020000Z', '2024-04-12T12:55:35.000000Z')",P,DOSS,"(1.0, 0.9246981)"
"(2024000421, 1109)","('2024-04-12T12:55:35.740000Z', '2024-04-12T12:55:36.000000Z')",P,MAGA,"(1.0, 0.9104099)"
"(2024000421, 1832)","('2024-04-12T12:55:36.140000Z', '2024-04-12T12:55:36.000000Z')",P,MGBU,"(1.0, 0.82114846)"
"(2024000421, 1850)","('2024-04-12T12:55:36.590000Z', '2024-04-12T12:55:36.570000Z')",P,MTLO,"(1.0, 0.39781708)"
"(2024000421, 3011)","('2024-04-12T12:55:37.500000Z', '2024-04-12T12:55:37.500000Z')",P,LUSI,"(1.0, 0.6150723)"
"(2024000421, 1028)","('2024-04-12T12:55:38.140000Z', '2024-04-12T12:55:38.010000Z')",P,CTI,"(1.0, 0.66450167)"
"(2024000421, 3428)","('2024-04-12T12:55:38.990000Z', '2024-04-12T12:55:39.020000Z')",P,RONC,"(1.0, 0.8709359)"
"(2024000421, 3412)","('2024-04-12T12:55:39.380000Z', '2024-04-12T12:55:38.990000Z')",P,GAGG,"(1.0, 0.5324869)"
"(2024000421, 1746)","('2024-04-12T12:55:39.430000Z', '2024-04-12T12:55:39.410000Z')",P,GAVI,"(1.0, 0.5555277)"
"(2024000421, 1798)","('2024-04-12T12:55:40.090000Z', '2024-04-12T12:55:40.090000Z')",S,MARN,"(1.0, 0.23301947)"
"(2024000421, 1606)","('2024-04-12T12:55:44.500000Z', '2024-04-12T12:55:44.560000Z')",S,BALD,"(1.0, 0.43470404)"
"(2024000421, 3400)","('2024-04-12T12:55:46.140000Z', '2024-04-12T12:55:46.300000Z')",P,CARE,"(1.0, 0.71580476)"
"(2024000421, 3407)","('2024-04-12T12:55:47.030000Z', '2024-04-12T12:55:47.050000Z')",S,DOSS,"(1.0, 0.7060992)"
"(2024000421, 1110)","('2024-04-12T12:55:49.130000Z', '2024-04-12T12:55:49.110000Z')",S,MAGA,"(1.0, 0.46561843)"
"(2024000421, 1834)","('2024-04-12T12:55:49.190000Z', '2024-04-12T12:55:49.600000Z')",S,MGBU,"(1.0, 0.13352725)"
"(2024000422, 2088)","('2024-04-13T02:08:56.860000Z', '2024-04-13T02:08:56.870000Z')",P,CLUD,"(1.0, 0.8476291)"
"(2024000422, 2131)","('2024-04-13T02:08:58.070000Z', '2024-04-13T02:08:58.070000Z')",P,FUSE,"(1.0, 0.86350954)"
"(2024000422, 1574)","('2024-04-13T02:08:58.120000Z', '2024-04-13T02:08:58.110000Z')",P,PURA,"(1.0, 0.8609816)"
"(2024000422, 1575)","('2024-04-13T02:08:59.650000Z', '2024-04-13T02:08:59.730000Z')",S,PURA,"(1.0, 0.8354281)"
"(2024000422, 2132)","('2024-04-13T02:08:59.750000Z', '2024-04-13T02:08:59.790000Z')",S,FUSE,"(1.0, 0.8442613)"
"(2024000422, 1469)","('2024-04-13T02:09:00.160000Z', '2024-04-13T02:09:00.180000Z')",P,STAL,"(1.0, 0.814761)"
"(2024000422, 1470)","('2024-04-13T02:09:03.690000Z', '2024-04-13T02:09:03.720000Z')",S,STAL,"(1.0, 0.7399543)"
"(2024000423, 1471)","('2024-04-13T03:31:19.850000Z', '2024-04-13T03:31:19.860000Z')",P,STAL,"(1.0, 0.86926997)"
"(2024000423, 2080)","('2024-04-13T03:31:20.090000Z', '2024-04-13T03:31:20.110000Z')",P,CIMO,"(1.0, 0.85582095)"
"(2024000423, 2274)","('2024-04-13T03:31:20.450000Z', '2024-04-13T03:31:20.470000Z')",P,MLN,"(1.0, 0.8004345)"
"(2024000423, 1576)","('2024-04-13T03:31:21.350000Z', '2024-04-13T03:31:21.200000Z')",P,PURA,"(1.0, 0.11579525)"
"(2024000423, 1472)","('2024-04-13T03:31:21.760000Z', '2024-04-13T03:31:21.820000Z')",S,STAL,"(1.0, 0.84011394)"
"(2024000423, 2081)","('2024-04-13T03:31:22.190000Z', '2024-04-13T03:31:22.250000Z')",S,CIMO,"(1.0, 0.82977057)"
"(2024000423, 2275)","('2024-04-13T03:31:22.860000Z', '2024-04-13T03:31:22.910000Z')",S,MLN,"(1.0, 0.80221766)"
"(2024000424, 3449)","('2024-04-13T05:07:17.760000Z', '2024-04-13T05:07:17.760000Z')",P,LUSI,"(1.0, 0.88017535)"
"(2024000424, 1756)","('2024-04-13T05:07:18.150000Z', '2024-04-13T05:07:18.170000Z')",P,BALD,"(1.0, 0.77183753)"
"(2024000424, 4062)","('2024-04-13T05:07:18.570000Z', '2024-04-13T05:07:18.600000Z')",P,DOSS,"(1.0, 0.864567)"
"(2024000424, 2139)","('2024-04-13T05:07:19.210000Z', '2024-04-13T05:07:19.100000Z')",P,GARG,"(1.0, 0.7850103)"
"(2024000424, 1179)","('2024-04-13T05:07:19.270000Z', '2024-04-13T05:07:19.220000Z')",P,MAGA,"(1.0, 0.693695)"
"(2024000424, 4070)","('2024-04-13T05:07:19.870000Z', '2024-04-13T05:07:19.870000Z')",P,GAGG,"(1.0, 0.82079583)"
"(2024000424, 2235)","('2024-04-13T05:07:19.920000Z', '2024-04-13T05:07:19.900000Z')",P,MARN,"(1.0, 0.78478503)"
"(2024000424, 4096)","('2024-04-13T05:07:19.950000Z', '2024-04-13T05:07:19.970000Z')",P,RONC,"(1.0, 0.65905005)"
"(2024000424, 3450)","('2024-04-13T05:07:20.080000Z', '2024-04-13T05:07:20.200000Z')",S,LUSI,"(1.0, 0.79547656)"
"(2024000424, 1757)","('2024-04-13T05:07:20.930000Z', '2024-04-13T05:07:20.950000Z')",S,BALD,"(1.0, 0.74859387)"
"(2024000424, 4063)","('2024-04-13T05:07:21.240000Z', '2024-04-13T05:07:21.260000Z')",S,DOSS,"(1.0, 0.7579753)"
"(2024000424, 4087)","('2024-04-13T05:07:21.700000Z', '2024-04-13T05:07:21.680000Z')",P,PANI,"(1.0, 0.78039503)"
"(2024000424, 1180)","('2024-04-13T05:07:22.410000Z', '2024-04-13T05:07:22.530000Z')",S,MAGA,"(1.0, 0.40078676)"
"(2024000424, 2140)","('2024-04-13T05:07:22.420000Z', '2024-04-13T05:07:22.410000Z')",S,GARG,"(1.0, 0.7769968)"
"(2024000424, 2009)","('2024-04-13T05:07:22.960000Z', '2024-04-13T05:07:23.010000Z')",P,CEKR,"(1.0, 0.844346)"
"(2024000424, 2236)","('2024-04-13T05:07:23.630000Z', '2024-04-13T05:07:23.660000Z')",S,MARN,"(1.0, 0.45648283)"
"(2024000424, 4071)","('2024-04-13T05:07:23.950000Z', '2024-04-13T05:07:24.000000Z')",S,GAGG,"(1.0, 0.7080078)"
"(2024000424, 4097)","('2024-04-13T05:07:23.950000Z', '2024-04-13T05:07:24.090000Z')",S,RONC,"(1.0, 0.5241058)"
"(2024000424, 1120)","('2024-04-13T05:07:24.940000Z', '2024-04-13T05:07:24.960000Z')",P,CTI,"(1.0, 0.78734165)"
"(2024000424, 4088)","('2024-04-13T05:07:26.280000Z', '2024-04-13T05:07:26.370000Z')",S,PANI,"(1.0, 0.43954185)"
"(2024000424, 4043)","('2024-04-13T05:07:26.640000Z', '2024-04-13T05:07:26.650000Z')",P,CARE,"(1.0, 0.71173185)"
"(2024000424, 1086)","('2024-04-13T05:07:27.750000Z', '2024-04-13T05:07:27.770000Z')",P,APPI,"(1.0, 0.2914234)"
"(2024000425, 1585)","('2024-04-13T08:05:11.560000Z', '2024-04-13T08:05:11.490000Z')",P,PURA,"(1.0, 0.7927721)"
"(2024000425, 1473)","('2024-04-13T08:05:11.820000Z', '2024-04-13T08:05:11.830000Z')",P,STAL,"(1.0, 0.8194883)"
"(2024000425, 2114)","('2024-04-13T08:05:12.030000Z', '2024-04-13T08:05:12.060000Z')",P,CSM,"(1.0, 0.8501476)"
"(2024000425, 1586)","('2024-04-13T08:05:13.580000Z', '2024-04-13T08:05:13.590000Z')",S,PURA,"(1.0, 0.5625459)"
"(2024000425, 1474)","('2024-04-13T08:05:14.250000Z', '2024-04-13T08:05:14.510000Z')",S,STAL,"(1.0, 0.5631554)"
"(2024000425, 2115)","('2024-04-13T08:05:14.400000Z', '2024-04-13T08:05:14.450000Z')",S,CSM,"(1.0, 0.8039148)"
"(2024000426, 2133)","('2024-04-13T08:55:09.780000Z', '2024-04-13T08:55:09.810000Z')",P,FUSE,"(1.0, 0.8885761)"
"(2024000426, 2090)","('2024-04-13T08:55:10.210000Z', '2024-04-13T08:55:10.220000Z')",P,CLUD,"(1.0, 0.89337337)"
"(2024000426, 1976)","('2024-04-13T08:55:10.600000Z', '2024-04-13T08:55:10.600000Z')",P,BOO,"(1.0, 0.82946837)"
"(2024000426, 2286)","('2024-04-13T08:55:11.010000Z', '2024-04-13T08:55:11.000000Z')",P,MPRI,"(1.0, 0.87124026)"
"(2024000426, 1587)","('2024-04-13T08:55:11.120000Z', '2024-04-13T08:55:11.120000Z')",P,PURA,"(1.0, 0.7786576)"
"(2024000426, 2491)","('2024-04-13T08:55:11.410000Z', '2024-04-13T08:55:11.550000Z')",P,GEPF,"(1.0, 0.5252176)"
"(2024000426, 2362)","('2024-04-13T08:55:11.760000Z', '2024-04-13T08:55:11.760000Z')",P,ZOU,"(1.0, 0.8278764)"
"(2024000426, 1987)","('2024-04-13T08:55:11.980000Z', '2024-04-13T08:55:12.060000Z')",P,BUA,"(1.0, 0.7544492)"
"(2024000426, 1475)","('2024-04-13T08:55:11.990000Z', '2024-04-13T08:55:12.010000Z')",P,STAL,"(1.0, 0.7988979)"
"(2024000426, 2091)","('2024-04-13T08:55:12.060000Z', '2024-04-13T08:55:12.080000Z')",S,CLUD,"(1.0, 0.79387367)"
"(2024000426, 2297)","('2024-04-13T08:55:12.450000Z', '2024-04-13T08:55:12.410000Z')",P,PLRO,"(1.0, 0.6752167)"
"(2024000426, 1736)","('2024-04-13T08:55:12.770000Z', '2024-04-13T08:55:12.750000Z')",P,BAD,"(1.0, 0.8436042)"
"(2024000426, 1156)","('2024-04-13T08:55:12.790000Z', '2024-04-13T08:55:12.830000Z')",P,FVI,"(1.0, 0.6963235)"
"(2024000426, 1977)","('2024-04-13T08:55:12.830000Z', '2024-04-13T08:55:12.810000Z')",S,BOO,"(1.0, 0.8070932)"
"(2024000426, 2116)","('2024-04-13T08:55:13.020000Z', '2024-04-13T08:55:12.900000Z')",P,CSM,"(1.0, 0.5444128)"
"(2024000426, 1260)","('2024-04-13T08:55:13.460000Z', '2024-04-13T08:55:13.450000Z')",P,PTCC,"(1.0, 0.82454526)"
"(2024000426, 2287)","('2024-04-13T08:55:13.680000Z', '2024-04-13T08:55:13.690000Z')",S,MPRI,"(1.0, 0.73673826)"
"(2024000426, 1588)","('2024-04-13T08:55:13.880000Z', '2024-04-13T08:55:13.880000Z')",S,PURA,"(1.0, 0.664597)"
"(2024000426, 2492)","('2024-04-13T08:55:14.260000Z', '2024-04-13T08:55:14.390000Z')",S,GEPF,"(1.0, 0.3063645)"
"(2024000426, 2276)","('2024-04-13T08:55:14.590000Z', '2024-04-13T08:55:14.610000Z')",P,MLN,"(1.0, 0.6940038)"
"(2024000426, 2363)","('2024-04-13T08:55:14.700000Z', '2024-04-13T08:55:14.740000Z')",S,ZOU,"(1.0, 0.8114012)"
"(2024000426, 2082)","('2024-04-13T08:55:14.820000Z', '2024-04-13T08:55:14.750000Z')",P,CIMO,"(1.0, 0.7166843)"
"(2024000426, 3962)","('2024-04-13T08:55:15.220000Z', '2024-04-13T08:55:15.220000Z')",P,ROBS,"(1.0, 0.8236113)"
"(2024000426, 2103)","('2024-04-13T08:55:15.270000Z', '2024-04-13T08:55:15.310000Z')",P,COLI,"(1.0, 0.86770844)"
"(2024000426, 1988)","('2024-04-13T08:55:15.660000Z', '2024-04-13T08:55:15.720000Z')",S,BUA,"(1.0, 0.565598)"
"(2024000426, 2225)","('2024-04-13T08:55:15.700000Z', '2024-04-13T08:55:15.730000Z')",P,LSR,"(1.0, 0.74216765)"
"(2024000426, 2298)","('2024-04-13T08:55:15.940000Z', '2024-04-13T08:55:16.140000Z')",S,PLRO,"(1.0, 0.6549842)"
"(2024000426, 1706)","('2024-04-13T08:55:16.480000Z', '2024-04-13T08:55:16.450000Z')",P,ACOM,"(1.0, 0.6766103)"
"(2024000426, 1157)","('2024-04-13T08:55:16.630000Z', '2024-04-13T08:55:16.720000Z')",S,FVI,"(1.0, 0.5763695)"
"(2024000426, 2117)","('2024-04-13T08:55:16.660000Z', '2024-04-13T08:55:16.810000Z')",S,CSM,"(1.0, 0.5757933)"
"(2024000426, 1737)","('2024-04-13T08:55:16.990000Z', '2024-04-13T08:55:17.090000Z')",S,BAD,"(1.0, 0.75973046)"
"(2024000426, 1630)","('2024-04-13T08:55:17.030000Z', '2024-04-13T08:55:17.040000Z')",P,ABTA,"(1.0, 0.70852005)"
"(2024000426, 2125)","('2024-04-13T08:55:17.150000Z', '2024-04-13T08:55:17.170000Z')",P,DRE,"(1.0, 0.6719371)"
"(2024000426, 1261)","('2024-04-13T08:55:18.140000Z', '2024-04-13T08:55:18.090000Z')",S,PTCC,"(1.0, 0.63527757)"
"(2024000426, 2083)","('2024-04-13T08:55:19.920000Z', '2024-04-13T08:55:20.000000Z')",S,CIMO,"(1.0, 0.48638573)"
"(2024000426, 2104)","('2024-04-13T08:55:21.640000Z', '2024-04-13T08:55:21.720000Z')",S,COLI,"(1.0, 0.7763098)"
"(2024000426, 2226)","('2024-04-13T08:55:22.310000Z', '2024-04-13T08:55:22.380000Z')",S,LSR,"(1.0, 0.60501254)"
"(2024000426, 1707)","('2024-04-13T08:55:22.990000Z', '2024-04-13T08:55:23.020000Z')",S,ACOM,"(1.0, 0.6121347)"
"(2024000427, 2135)","('2024-04-13T10:49:22.890000Z', '2024-04-13T10:49:22.920000Z')",P,FUSE,"(1.0, 0.89844406)"
"(2024000427, 2092)","('2024-04-13T10:49:23.180000Z', '2024-04-13T10:49:23.190000Z')",P,CLUD,"(1.0, 0.8666984)"
"(2024000427, 1980)","('2024-04-13T10:49:23.710000Z', '2024-04-13T10:49:23.720000Z')",P,BOO,"(1.0, 0.6718316)"
"(2024000427, 2364)","('2024-04-13T10:49:24.180000Z', '2024-04-13T10:49:24.180000Z')",P,ZOU,"(1.0, 0.8290048)"
"(2024000427, 1589)","('2024-04-13T10:49:24.200000Z', '2024-04-13T10:49:24.210000Z')",P,PURA,"(1.0, 0.86478597)"
"(2024000427, 2288)","('2024-04-13T10:49:24.380000Z', '2024-04-13T10:49:24.360000Z')",P,MPRI,"(1.0, 0.8631378)"
"(2024000427, 2299)","('2024-04-13T10:49:24.820000Z', '2024-04-13T10:49:24.840000Z')",P,PLRO,"(1.0, 0.8404146)"
"(2024000427, 1158)","('2024-04-13T10:49:25.090000Z', '2024-04-13T10:49:25.140000Z')",P,FVI,"(1.0, 0.68983686)"
"(2024000427, 2093)","('2024-04-13T10:49:25.460000Z', '2024-04-13T10:49:25.460000Z')",S,CLUD,"(1.0, 0.8174007)"
"(2024000427, 1478)","('2024-04-13T10:49:25.510000Z', '2024-04-13T10:49:25.290000Z')",P,STAL,"(1.0, 0.51089334)"
"(2024000427, 2118)","('2024-04-13T10:49:25.600000Z', '2024-04-13T10:49:25.690000Z')",P,CSM,"(1.0, 0.6099119)"
"(2024000427, 1738)","('2024-04-13T10:49:25.630000Z', '2024-04-13T10:49:25.650000Z')",P,BAD,"(1.0, 0.82703745)"
"(2024000427, 1262)","('2024-04-13T10:49:25.790000Z', '2024-04-13T10:49:25.800000Z')",P,PTCC,"(1.0, 0.8353438)"
"(2024000427, 1981)","('2024-04-13T10:49:26.630000Z', '2024-04-13T10:49:26.620000Z')",S,BOO,"(1.0, 0.77048284)"
"(2024000427, 1590)","('2024-04-13T10:49:27.070000Z', '2024-04-13T10:49:27.090000Z')",S,PURA,"(1.0, 0.6364004)"
"(2024000427, 2365)","('2024-04-13T10:49:27.310000Z', '2024-04-13T10:49:27.250000Z')",S,ZOU,"(1.0, 0.71639484)"
"(2024000427, 3965)","('2024-04-13T10:49:27.910000Z', '2024-04-13T10:49:27.840000Z')",P,ROBS,"(1.0, 0.57045954)"
"(2024000427, 2300)","('2024-04-13T10:49:28.230000Z', '2024-04-13T10:49:28.240000Z')",S,PLRO,"(1.0, 0.6874471)"
"(2024000427, 2105)","('2024-04-13T10:49:28.290000Z', '2024-04-13T10:49:28.220000Z')",P,COLI,"(1.0, 0.19076458)"
"(2024000427, 1159)","('2024-04-13T10:49:28.960000Z', '2024-04-13T10:49:28.860000Z')",S,FVI,"(1.0, 0.60848993)"
"(2024000427, 1632)","('2024-04-13T10:49:29.250000Z', '2024-04-13T10:49:29.170000Z')",P,ABTA,"(1.0, 0.76638883)"
"(2024000427, 2119)","('2024-04-13T10:49:29.250000Z', '2024-04-13T10:49:29.310000Z')",S,CSM,"(1.0, 0.7383086)"
"(2024000427, 1739)","('2024-04-13T10:49:30.270000Z', '2024-04-13T10:49:30.380000Z')",S,BAD,"(1.0, 0.53025794)"
"(2024000427, 1263)","('2024-04-13T10:49:30.390000Z', '2024-04-13T10:49:30.440000Z')",S,PTCC,"(1.0, 0.7253577)"
"(2024000427, 1633)","('2024-04-13T10:49:35.310000Z', '2024-04-13T10:49:35.340000Z')",S,ABTA,"(1.0, 0.2578932)"
"(2024000428, 2493)","('2024-04-13T11:24:39.290000Z', '2024-04-13T11:24:39.310000Z')",P,GEPF,"(1.0, 0.8744705)"
"(2024000428, 1989)","('2024-04-13T11:24:39.400000Z', '2024-04-13T11:24:39.430000Z')",P,BUA,"(1.0, 0.8757796)"
"(2024000428, 1742)","('2024-04-13T11:24:39.720000Z', '2024-04-13T11:24:39.740000Z')",P,BAD,"(1.0, 0.8779935)"
"(2024000428, 1985)","('2024-04-13T11:24:39.890000Z', '2024-04-13T11:24:39.910000Z')",P,BOO,"(1.0, 0.8904394)"
"(2024000428, 2494)","('2024-04-13T11:24:40.340000Z', '2024-04-13T11:24:40.350000Z')",S,GEPF,"(1.0, 0.85583127)"
"(2024000428, 2290)","('2024-04-13T11:24:40.580000Z', '2024-04-13T11:24:40.580000Z')",P,MPRI,"(1.0, 0.82408744)"
"(2024000428, 1990)","('2024-04-13T11:24:40.630000Z', '2024-04-13T11:24:40.620000Z')",S,BUA,"(1.0, 0.8656231)"
"(2024000428, 1743)","('2024-04-13T11:24:41.130000Z', '2024-04-13T11:24:41.200000Z')",S,BAD,"(1.0, 0.86274993)"
"(2024000428, 2137)","('2024-04-13T11:24:41.710000Z', '2024-04-13T11:24:41.770000Z')",P,FUSE,"(1.0, 0.8526586)"
"(2024000428, 2110)","('2024-04-13T11:24:42.230000Z', '2024-04-13T11:24:42.210000Z')",P,COLI,"(1.0, 0.8403363)"
"(2024000428, 2291)","('2024-04-13T11:24:42.650000Z', '2024-04-13T11:24:42.710000Z')",S,MPRI,"(1.0, 0.7865392)"
"(2024000428, 2098)","('2024-04-13T11:24:43.390000Z', '2024-04-13T11:24:43.310000Z')",P,CLUD,"(1.0, 0.73277754)"
"(2024000428, 2111)","('2024-04-13T11:24:45.730000Z', '2024-04-13T11:24:45.880000Z')",S,COLI,"(1.0, 0.72848386)"
"(2024000429, 2159)","('2024-04-13T15:47:00.020000Z', '2024-04-13T15:47:00.090000Z')",P,GAVI,"(1.0, 0.6708498)"
"(2024000429, 1168)","('2024-04-13T15:47:01.640000Z', '2024-04-13T15:47:01.630000Z')",P,MABI,"(1.0, 0.85950524)"
"(2024000429, 1182)","('2024-04-13T15:47:02.220000Z', '2024-04-13T15:47:02.190000Z')",P,MAGA,"(1.0, 0.8258481)"
"(2024000429, 4098)","('2024-04-13T15:47:02.380000Z', '2024-04-13T15:47:02.370000Z')",P,RONC,"(1.0, 0.7391387)"
"(2024000429, 2143)","('2024-04-13T15:47:02.680000Z', '2024-04-13T15:47:02.690000Z')",P,GARG,"(1.0, 0.74728197)"
"(2024000429, 2160)","('2024-04-13T15:47:04.610000Z', '2024-04-13T15:47:04.570000Z')",S,GAVI,"(1.0, 0.35093346)"
"(2024000429, 1792)","('2024-04-13T15:47:04.800000Z', '2024-04-13T15:47:05.000000Z')",P,BALD,"(1.0, 0.8207679)"
"(2024000429, 3451)","('2024-04-13T15:47:05.960000Z', '2024-04-13T15:47:06.000000Z')",P,LUSI,"(1.0, 0.92016965)"
"(2024000429, 1169)","('2024-04-13T15:47:06.770000Z', '2024-04-13T15:47:07.150000Z')",S,MABI,"(1.0, 0.4843499)"
"(2024000429, 4072)","('2024-04-13T15:47:07.060000Z', '2024-04-13T15:47:07.000000Z')",P,GAGG,"(1.0, 0.9111732)"
"(2024000429, 1105)","('2024-04-13T15:47:07.080000Z', '2024-04-13T15:47:07.010000Z')",P,BRMO,"(1.0, 0.8505401)"
"(2024000429, 4051)","('2024-04-13T15:47:08.140000Z', '2024-04-13T15:47:08.000000Z')",P,CARE,"(1.0, 0.89635843)"
"(2024000429, 1183)","('2024-04-13T15:47:08.540000Z', '2024-04-13T15:47:08.480000Z')",S,MAGA,"(1.0, 0.46104157)"
"(2024000429, 4099)","('2024-04-13T15:47:08.760000Z', '2024-04-13T15:47:08.810000Z')",S,RONC,"(1.0, 0.71680903)"
"(2024000429, 4066)","('2024-04-13T15:47:09.220000Z', '2024-04-13T15:47:08.990000Z')",P,DOSS,"(1.0, 0.8774343)"
"(2024000429, 2144)","('2024-04-13T15:47:09.580000Z', '2024-04-13T15:47:09.720000Z')",S,GARG,"(1.0, 0.57069486)"
"(2024000429, 4082)","('2024-04-13T15:47:11.030000Z', '2024-04-13T15:47:11.000000Z')",P,OZOL,"(1.0, 0.77605593)"
"(2024000429, 4091)","('2024-04-13T15:47:11.470000Z', '2024-04-13T15:47:11.060000Z')",P,PANI,"(1.0, 0.26376197)"
"(2024000429, 1793)","('2024-04-13T15:47:13.490000Z', '2024-04-13T15:47:13.640000Z')",S,BALD,"(1.0, 0.3945811)"
"(2024000429, 3445)","('2024-04-13T15:47:15.180000Z', '2024-04-13T15:47:15.380000Z')",P,KOSI,"(1.0, 0.5719405)"
"(2024000429, 4112)","('2024-04-13T15:47:15.660000Z', '2024-04-13T15:47:15.650000Z')",P,ZIAN,"(1.0, 0.73713356)"
"(2024000429, 1126)","('2024-04-13T15:47:15.940000Z', '2024-04-13T15:47:15.980000Z')",P,CTI,"(1.0, 0.4986727)"
"(2024000429, 4073)","('2024-04-13T15:47:16.440000Z', '2024-04-13T15:47:16.700000Z')",S,GAGG,"(1.0, 0.5073715)"
"(2024000429, 3439)","('2024-04-13T15:47:17.400000Z', '2024-04-13T15:47:17.570000Z')",P,ABSI,"(1.0, 0.69840103)"
"(2024000429, 2357)","('2024-04-13T15:47:21.700000Z', '2024-04-13T15:47:21.790000Z')",P,VARN,"(1.0, 0.37763533)"
"(2024000429, 1996)","('2024-04-13T15:47:25.000000Z', '2024-04-13T15:47:25.370000Z')",P,CAE,"(1.0, 0.14867853)"
"(2024000430, 3455)","('2024-04-13T18:04:44.550000Z', '2024-04-13T18:04:44.550000Z')",P,LUSI,"(1.0, 0.84686846)"
"(2024000430, 4068)","('2024-04-13T18:04:45.070000Z', '2024-04-13T18:04:45.080000Z')",P,DOSS,"(1.0, 0.81539434)"
"(2024000430, 1193)","('2024-04-13T18:04:45.730000Z', '2024-04-13T18:04:45.730000Z')",P,MAGA,"(1.0, 0.683368)"
"(2024000430, 2151)","('2024-04-13T18:04:46.430000Z', '2024-04-13T18:04:46.380000Z')",P,GARG,"(1.0, 0.80714643)"
"(2024000430, 4078)","('2024-04-13T18:04:46.430000Z', '2024-04-13T18:04:46.430000Z')",P,GAGG,"(1.0, 0.880556)"
"(2024000430, 4106)","('2024-04-13T18:04:46.980000Z', '2024-04-13T18:04:47.020000Z')",P,RONC,"(1.0, 0.6367006)"
"(2024000430, 3456)","('2024-04-13T18:04:47.200000Z', '2024-04-13T18:04:47.200000Z')",S,LUSI,"(1.0, 0.7924876)"
"(2024000430, 4069)","('2024-04-13T18:04:47.810000Z', '2024-04-13T18:04:47.840000Z')",S,DOSS,"(1.0, 0.7438959)"
"(2024000430, 4093)","('2024-04-13T18:04:47.820000Z', '2024-04-13T18:04:47.800000Z')",P,PANI,"(1.0, 0.7040869)"
"(2024000430, 1176)","('2024-04-13T18:04:48.670000Z', '2024-04-13T18:04:48.640000Z')",P,MABI,"(1.0, 0.52260125)"
"(2024000430, 2013)","('2024-04-13T18:04:49.200000Z', '2024-04-13T18:04:49.240000Z')",P,CEKR,"(1.0, 0.6458944)"
"(2024000430, 2152)","('2024-04-13T18:04:50.160000Z', '2024-04-13T18:04:50.190000Z')",S,GARG,"(1.0, 0.36597618)"
"(2024000430, 4079)","('2024-04-13T18:04:50.380000Z', '2024-04-13T18:04:50.510000Z')",S,GAGG,"(1.0, 0.6992985)"
"(2024000430, 1194)","('2024-04-13T18:04:50.450000Z', '2024-04-13T18:04:50.450000Z')",S,MAGA,"(1.0, 0.78788275)"
"(2024000430, 4107)","('2024-04-13T18:04:51.620000Z', '2024-04-13T18:04:51.640000Z')",S,RONC,"(1.0, 0.64666766)"
"(2024000430, 4057)","('2024-04-13T18:04:53.060000Z', '2024-04-13T18:04:53.100000Z')",P,CARE,"(1.0, 0.82007974)"
"(2024000430, 3447)","('2024-04-13T18:04:54.370000Z', '2024-04-13T18:04:54.310000Z')",P,KOSI,"(1.0, 0.6202582)"
"(2024000430, 3441)","('2024-04-13T18:04:58.620000Z', '2024-04-13T18:04:58.510000Z')",P,ABSI,"(1.0, 0.7597343)"
"(2024000431, 2121)","('2024-04-13T21:10:35.810000Z', '2024-04-13T21:10:35.940000Z')",P,CSM,"(1.0, 0.48822904)"
"(2024000431, 1605)","('2024-04-13T21:10:37.360000Z', '2024-04-13T21:10:37.300000Z')",P,PURA,"(1.0, 0.8225403)"
"(2024000431, 1163)","('2024-04-13T21:10:37.510000Z', '2024-04-13T21:10:37.440000Z')",P,FVI,"(1.0, 0.3120887)"
"(2024000431, 2122)","('2024-04-13T21:10:37.780000Z', '2024-04-13T21:10:37.720000Z')",S,CSM,"(1.0, 0.7360998)"
"(2024000431, 1639)","('2024-04-13T21:10:37.940000Z', '2024-04-13T21:10:37.990000Z')",P,ABTA,"(1.0, 0.9226319)"
"(2024000431, 2084)","('2024-04-13T21:10:38.040000Z', '2024-04-13T21:10:37.870000Z')",P,CIMO,"(1.0, 0.24194875)"
"(2024000431, 1722)","('2024-04-13T21:10:38.260000Z', '2024-04-13T21:10:38.240000Z')",P,AFL,"(1.0, 0.710212)"
"(2024000431, 1486)","('2024-04-13T21:10:39.180000Z', '2024-04-13T21:10:39.290000Z')",P,STAL,"(1.0, 0.19814968)"
"(2024000431, 1606)","('2024-04-13T21:10:40.580000Z', '2024-04-13T21:10:40.660000Z')",S,PURA,"(1.0, 0.5744525)"
"(2024000431, 2085)","('2024-04-13T21:10:40.760000Z', '2024-04-13T21:10:40.790000Z')",S,CIMO,"(1.0, 0.5371964)"
"(2024000431, 1164)","('2024-04-13T21:10:40.790000Z', '2024-04-13T21:10:40.690000Z')",S,FVI,"(1.0, 0.5392383)"
"(2024000431, 1640)","('2024-04-13T21:10:40.920000Z', '2024-04-13T21:10:40.920000Z')",S,ABTA,"(1.0, 0.84291977)"
"(2024000431, 1723)","('2024-04-13T21:10:42.130000Z', '2024-04-13T21:10:42.120000Z')",S,AFL,"(1.0, 0.7368961)"
"(2024000431, 2102)","('2024-04-13T21:10:43.020000Z', '2024-04-13T21:10:43.260000Z')",S,CLUD,"(1.0, 0.41686624)"
"(2024000432, 2086)","('2024-04-13T22:36:28.570000Z', '2024-04-13T22:36:28.580000Z')",P,CIMO,"(1.0, 0.8358369)"
"(2024000432, 2123)","('2024-04-13T22:36:29.260000Z', '2024-04-13T22:36:29.240000Z')",P,CSO,"(1.0, 0.878113)"
"(2024000432, 2284)","('2024-04-13T22:36:29.460000Z', '2024-04-13T22:36:29.450000Z')",P,MLN,"(1.0, 0.3263666)"
"(2024000432, 1734)","('2024-04-13T22:36:29.660000Z', '2024-04-13T22:36:29.670000Z')",P,APGO,"(1.0, 0.3137335)"
"(2024000432, 1488)","('2024-04-13T22:36:29.730000Z', '2024-04-13T22:36:29.760000Z')",P,STAL,"(1.0, 0.77204293)"
"(2024000432, 2087)","('2024-04-13T22:36:30.170000Z', '2024-04-13T22:36:30.160000Z')",S,CIMO,"(1.0, 0.75454026)"
"(2024000432, 2285)","('2024-04-13T22:36:31.920000Z', '2024-04-13T22:36:31.770000Z')",S,MLN,"(1.0, 0.12292571)"
"(2024000432, 1735)","('2024-04-13T22:36:32.210000Z', '2024-04-13T22:36:32.230000Z')",S,APGO,"(1.0, 0.52236646)"
"(2024000432, 1489)","('2024-04-13T22:36:32.460000Z', '2024-04-13T22:36:32.420000Z')",S,STAL,"(1.0, 0.7562994)"
"(2024000433, 3970)","('2024-04-13T23:44:49.630000Z', '2024-04-13T23:44:49.640000Z')",P,ROBS,"(1.0, 0.88333225)"
"(2024000433, 2321)","('2024-04-13T23:44:50.150000Z', '2024-04-13T23:44:50.180000Z')",P,PRED,"(1.0, 0.64207596)"
"(2024000433, 3488)","('2024-04-13T23:44:50.510000Z', '2024-04-13T23:44:50.510000Z')",P,CADS,"(1.0, 0.857335)"
"(2024000433, 3971)","('2024-04-13T23:44:51.220000Z', '2024-04-13T23:44:51.250000Z')",S,ROBS,"(1.0, 0.86770934)"
"(2024000433, 1267)","('2024-04-13T23:44:51.330000Z', '2024-04-13T23:44:51.240000Z')",P,PTCC,"(1.0, 0.20059112)"
"(2024000433, 1628)","('2024-04-13T23:44:51.880000Z', '2024-04-13T23:44:51.950000Z')",P,VINO,"(1.0, 0.8216298)"
"(2024000433, 3489)","('2024-04-13T23:44:52.820000Z', '2024-04-13T23:44:52.840000Z')",S,CADS,"(1.0, 0.85209227)"
"(2024000433, 1629)","('2024-04-13T23:44:55.520000Z', '2024-04-13T23:44:55.580000Z')",S,VINO,"(1.0, 0.80442256)"
"(2024000434, 1308)","('2024-04-14T01:20:44.830000Z', '2024-04-14T01:20:44.840000Z')",P,PURA,"(1.0, 0.8866678)"
"(2024000434, 1845)","('2024-04-14T01:20:45.110000Z', '2024-04-14T01:20:45.080000Z')",P,CLUD,"(1.0, 0.8719316)"
"(2024000434, 1212)","('2024-04-14T01:20:45.420000Z', '2024-04-14T01:20:45.410000Z')",P,STAL,"(1.0, 0.8608123)"
"(2024000434, 1875)","('2024-04-14T01:20:45.660000Z', '2024-04-14T01:20:45.640000Z')",P,FUSE,"(1.0, 0.81626743)"
"(2024000434, 1971)","('2024-04-14T01:20:46.080000Z', '2024-04-14T01:20:46.060000Z')",P,MPRI,"(1.0, 0.7844678)"
"(2024000434, 1309)","('2024-04-14T01:20:46.440000Z', '2024-04-14T01:20:46.450000Z')",S,PURA,"(1.0, 0.78700215)"
"(2024000434, 1636)","('2024-04-14T01:20:46.500000Z', '2024-04-14T01:20:46.520000Z')",P,BOO,"(1.0, 0.856848)"
"(2024000434, 1858)","('2024-04-14T01:20:46.780000Z', '2024-04-14T01:20:46.610000Z')",P,CSM,"(1.0, 0.6789377)"
"(2024000434, 2034)","('2024-04-14T01:20:47.240000Z', '2024-04-14T01:20:47.270000Z')",P,ZOU,"(1.0, 0.8427943)"
"(2024000434, 955)","('2024-04-14T01:20:47.450000Z', '2024-04-14T01:20:47.420000Z')",P,FVI,"(1.0, 0.81652176)"
"(2024000434, 1839)","('2024-04-14T01:20:47.470000Z', '2024-04-14T01:20:47.520000Z')",P,CIMO,"(1.0, 0.625666)"
"(2024000434, 2247)","('2024-04-14T01:20:47.590000Z', '2024-04-14T01:20:47.530000Z')",P,GEPF,"(1.0, 0.60150605)"
"(2024000434, 1213)","('2024-04-14T01:20:47.610000Z', '2024-04-14T01:20:47.570000Z')",S,STAL,"(1.0, 0.73991877)"
"(2024000434, 1960)","('2024-04-14T01:20:47.810000Z', '2024-04-14T01:20:47.700000Z')",P,MLN,"(1.0, 0.3260468)"
"(2024000434, 1658)","('2024-04-14T01:20:47.910000Z', '2024-04-14T01:20:47.930000Z')",P,BUA,"(1.0, 0.5345135)"
"(2024000434, 1988)","('2024-04-14T01:20:48.570000Z', '2024-04-14T01:20:48.580000Z')",P,PLRO,"(1.0, 0.82216)"
"(2024000434, 1972)","('2024-04-14T01:20:48.900000Z', '2024-04-14T01:20:48.890000Z')",S,MPRI,"(1.0, 0.7453869)"
"(2024000434, 1485)","('2024-04-14T01:20:48.920000Z', '2024-04-14T01:20:48.840000Z')",P,BAD,"(1.0, 0.7884133)"
"(2024000434, 1859)","('2024-04-14T01:20:49.590000Z', '2024-04-14T01:20:49.610000Z')",S,CSM,"(1.0, 0.49323457)"
"(2024000434, 1637)","('2024-04-14T01:20:49.660000Z', '2024-04-14T01:20:49.690000Z')",S,BOO,"(1.0, 0.7323186)"
"(2024000434, 1450)","('2024-04-14T01:20:49.790000Z', '2024-04-14T01:20:49.780000Z')",P,APGO,"(1.0, 0.7866511)"
"(2024000434, 1082)","('2024-04-14T01:20:50.070000Z', '2024-04-14T01:20:49.880000Z')",P,PTCC,"(1.0, 0.28139538)"
"(2024000434, 1306)","('2024-04-14T01:20:50.690000Z', '2024-04-14T01:20:50.750000Z')",P,POLC,"(1.0, 0.7758781)"
"(2024000434, 2035)","('2024-04-14T01:20:50.810000Z', '2024-04-14T01:20:50.890000Z')",S,ZOU,"(1.0, 0.611925)"
"(2024000434, 956)","('2024-04-14T01:20:51.080000Z', '2024-04-14T01:20:51.120000Z')",S,FVI,"(1.0, 0.7711172)"
"(2024000434, 1660)","('2024-04-14T01:20:51.250000Z', '2024-04-14T01:20:51.250000Z')",P,CAE,"(1.0, 0.7625387)"
"(2024000434, 1362)","('2024-04-14T01:20:51.370000Z', '2024-04-14T01:20:51.370000Z')",P,ABTA,"(1.0, 0.7406477)"
"(2024000434, 2248)","('2024-04-14T01:20:51.480000Z', '2024-04-14T01:20:51.430000Z')",S,GEPF,"(1.0, 0.44086507)"
"(2024000434, 1854)","('2024-04-14T01:20:51.520000Z', '2024-04-14T01:20:51.420000Z')",P,COLI,"(1.0, 0.72801477)"
"(2024000434, 3531)","('2024-04-14T01:20:51.560000Z', '2024-04-14T01:20:51.520000Z')",P,ROBS,"(1.0, 0.7674157)"
"(2024000434, 1659)","('2024-04-14T01:20:52.380000Z', '2024-04-14T01:20:52.460000Z')",S,BUA,"(1.0, 0.51265323)"
"(2024000434, 1990)","('2024-04-14T01:20:52.540000Z', '2024-04-14T01:20:52.590000Z')",P,PRED,"(1.0, 0.6471736)"
"(2024000434, 1430)","('2024-04-14T01:20:53.060000Z', '2024-04-14T01:20:52.990000Z')",P,ACOM,"(1.0, 0.5704068)"
"(2024000434, 1989)","('2024-04-14T01:20:53.250000Z', '2024-04-14T01:20:53.230000Z')",S,PLRO,"(1.0, 0.7601712)"
"(2024000434, 1486)","('2024-04-14T01:20:54.060000Z', '2024-04-14T01:20:54.210000Z')",S,BAD,"(1.0, 0.55881333)"
"(2024000434, 1451)","('2024-04-14T01:20:55.650000Z', '2024-04-14T01:20:55.610000Z')",S,APGO,"(1.0, 0.6655444)"
"(2024000434, 1307)","('2024-04-14T01:20:57.870000Z', '2024-04-14T01:20:58.020000Z')",S,POLC,"(1.0, 0.59817445)"
"(2024000434, 1855)","('2024-04-14T01:20:58.960000Z', '2024-04-14T01:20:59.040000Z')",S,COLI,"(1.0, 0.66846466)"
"(2024000435, 3418)","('2024-04-14T17:05:03.290000Z', '2024-04-14T17:05:03.300000Z')",P,GBAS,"(1.0, 0.89117527)"
"(2024000435, 3419)","('2024-04-14T17:05:04.750000Z', '2024-04-14T17:05:04.780000Z')",S,GBAS,"(1.0, 0.86139566)"
"(2024000435, 3437)","('2024-04-14T17:05:05.740000Z', '2024-04-14T17:05:05.940000Z')",P,JAVS,"(1.0, 0.62724704)"
"(2024000435, 3301)","('2024-04-14T17:05:06.340000Z', '2024-04-14T17:05:06.000000Z')",P,CEY,"(1.0, 0.7822567)"
"(2024000435, 3585)","('2024-04-14T17:05:08.140000Z', '2024-04-14T17:05:07.940000Z')",P,VOJS,"(1.0, 0.64393157)"
"(2024000435, 3482)","('2024-04-14T17:05:08.210000Z', '2024-04-14T17:05:08.080000Z')",P,MOZS,"(1.0, 0.8112444)"
"(2024000435, 3438)","('2024-04-14T17:05:09.230000Z', '2024-04-14T17:05:09.220000Z')",S,JAVS,"(1.0, 0.6738735)"
"(2024000435, 3302)","('2024-04-14T17:05:10.030000Z', '2024-04-14T17:05:10.030000Z')",S,CEY,"(1.0, 0.33314687)"
"(2024000435, 3451)","('2024-04-14T17:05:10.330000Z', '2024-04-14T17:05:10.090000Z')",P,KNDS,"(1.0, 0.48039052)"
"(2024000435, 3483)","('2024-04-14T17:05:13.040000Z', '2024-04-14T17:05:13.100000Z')",S,MOZS,"(1.0, 0.4845382)"
"(2024000435, 3586)","('2024-04-14T17:05:13.100000Z', '2024-04-14T17:05:13.500000Z')",S,VOJS,"(1.0, 0.45636156)"
"(2024000436, 1363)","('2024-04-15T07:28:44.430000Z', '2024-04-15T07:28:44.330000Z')",P,TEOL,"(1.0, 0.46816957)"
"(2024000436, 1807)","('2024-04-15T07:28:44.460000Z', '2024-04-15T07:28:44.590000Z')",P,MARN,"(1.0, 0.48498398)"
"(2024000436, 3730)","('2024-04-15T07:28:45.940000Z', '2024-04-15T07:28:45.740000Z')",P,DOSS,"(1.0, 0.25644067)"
"(2024000436, 1364)","('2024-04-15T07:28:49.130000Z', '2024-04-15T07:28:49.200000Z')",S,TEOL,"(1.0, 0.32005808)"
"(2024000436, 3749)","('2024-04-15T07:28:50.190000Z', '2024-04-15T07:28:50.010000Z')",P,GAGG,"(1.0, 0.26186267)"
"(2024000436, 3731)","('2024-04-15T07:28:51.200000Z', '2024-04-15T07:28:51.510000Z')",S,DOSS,"(1.0, 0.3372048)"
"(2024000436, 3750)","('2024-04-15T07:28:58.610000Z', '2024-04-15T07:28:58.600000Z')",S,GAGG,"(1.0, 0.51059276)"
"(2024000437, 3546)","('2024-04-15T12:00:17.390000Z', '2024-04-15T12:00:17.400000Z')",P,KNDS,"(1.0, 0.8784359)"
"(2024000437, 3547)","('2024-04-15T12:00:19.090000Z', '2024-04-15T12:00:19.100000Z')",S,KNDS,"(1.0, 0.8415977)"
"(2024000437, 3274)","('2024-04-15T12:00:19.760000Z', '2024-04-15T12:00:19.720000Z')",P,CEY,"(1.0, 0.55713224)"
"(2024000437, 3648)","('2024-04-15T12:00:20.840000Z', '2024-04-15T12:00:20.800000Z')",P,SKDS,"(1.0, 0.8660321)"
"(2024000437, 3451)","('2024-04-15T12:00:22.950000Z', '2024-04-15T12:00:22.890000Z')",P,GBAS,"(1.0, 0.8332739)"
"(2024000437, 3649)","('2024-04-15T12:00:25.670000Z', '2024-04-15T12:00:25.640000Z')",S,SKDS,"(1.0, 0.66889983)"
"(2024000437, 3701)","('2024-04-15T12:00:27.230000Z', '2024-04-15T12:00:27.460000Z')",P,VOJS,"(1.0, 0.17174381)"
"(2024000437, 3452)","('2024-04-15T12:00:28.900000Z', '2024-04-15T12:00:28.900000Z')",S,GBAS,"(1.0, 0.6657051)"
"(2024000437, 3702)","('2024-04-15T12:00:36.160000Z', '2024-04-15T12:00:36.600000Z')",S,VOJS,"(1.0, 0.50844675)"
"(2024000438, 3111)","('2024-04-15T12:48:43.100000Z', '2024-04-15T12:48:43.110000Z')",P,ABSI,"(1.0, 0.8870443)"
"(2024000438, 3112)","('2024-04-15T12:48:45.600000Z', '2024-04-15T12:48:45.570000Z')",S,ABSI,"(1.0, 0.8402935)"
"(2024000438, 3118)","('2024-04-15T12:48:47.770000Z', '2024-04-15T12:48:47.800000Z')",P,KOSI,"(1.0, 0.8372967)"
"(2024000438, 1487)","('2024-04-15T12:48:48.520000Z', '2024-04-15T12:48:48.500000Z')",P,FETA,"(1.0, 0.8398108)"
"(2024000438, 3766)","('2024-04-15T12:48:49.560000Z', '2024-04-15T12:48:49.610000Z')",P,OZOL,"(1.0, 0.76814085)"
"(2024000438, 3721)","('2024-04-15T12:48:51.430000Z', '2024-04-15T12:48:51.420000Z')",P,CARE,"(1.0, 0.84623873)"
"(2024000438, 3791)","('2024-04-15T12:48:51.490000Z', '2024-04-15T12:48:51.530000Z')",P,ZIAN,"(1.0, 0.8880053)"
"(2024000438, 3119)","('2024-04-15T12:48:53.340000Z', '2024-04-15T12:48:53.410000Z')",S,KOSI,"(1.0, 0.6252019)"
"(2024000438, 1564)","('2024-04-15T12:48:54.370000Z', '2024-04-15T12:48:54.330000Z')",P,AGOR,"(1.0, 0.7122549)"
"(2024000438, 1488)","('2024-04-15T12:48:54.530000Z', '2024-04-15T12:48:54.370000Z')",S,FETA,"(1.0, 0.45202786)"
"(2024000438, 1475)","('2024-04-15T12:48:54.920000Z', '2024-04-15T12:48:54.690000Z')",P,ABTA,"(1.0, 0.6561013)"
"(2024000438, 3776)","('2024-04-15T12:48:55.310000Z', '2024-04-15T12:48:55.300000Z')",P,PANI,"(1.0, 0.8398975)"
"(2024000438, 3753)","('2024-04-15T12:48:55.590000Z', '2024-04-15T12:48:55.750000Z')",P,GAGG,"(1.0, 0.5236596)"
"(2024000438, 3767)","('2024-04-15T12:48:56.680000Z', '2024-04-15T12:48:56.540000Z')",S,OZOL,"(1.0, 0.602485)"
"(2024000438, 1732)","('2024-04-15T12:48:58.010000Z', '2024-04-15T12:48:57.850000Z')",P,CSM,"(1.0, 0.64990103)"
"(2024000438, 3734)","('2024-04-15T12:48:58.420000Z', '2024-04-15T12:48:58.490000Z')",P,DOSS,"(1.0, 0.7471054)"
"(2024000438, 3792)","('2024-04-15T12:48:59.760000Z', '2024-04-15T12:48:59.730000Z')",S,ZIAN,"(1.0, 0.7605294)"
"(2024000438, 3722)","('2024-04-15T12:49:00.370000Z', '2024-04-15T12:49:00.080000Z')",S,CARE,"(1.0, 0.36689422)"
"(2024000438, 3777)","('2024-04-15T12:49:06.280000Z', '2024-04-15T12:49:06.160000Z')",S,PANI,"(1.0, 0.69523275)"
"(2024000438, 1476)","('2024-04-15T12:49:06.380000Z', '2024-04-15T12:49:06.230000Z')",S,ABTA,"(1.0, 0.13276924)"
"(2024000439, 3548)","('2024-04-15T13:58:56.010000Z', '2024-04-15T13:58:56.070000Z')",P,KNDS,"(1.0, 0.85976815)"
"(2024000439, 3549)","('2024-04-15T13:58:57.700000Z', '2024-04-15T13:58:57.700000Z')",S,KNDS,"(1.0, 0.82099044)"
"(2024000439, 3285)","('2024-04-15T13:58:58.020000Z', '2024-04-15T13:58:57.990000Z')",P,CEY,"(1.0, 0.5393099)"
"(2024000439, 3650)","('2024-04-15T13:58:59.420000Z', '2024-04-15T13:58:59.400000Z')",P,SKDS,"(1.0, 0.8487474)"
"(2024000439, 3453)","('2024-04-15T13:59:01.520000Z', '2024-04-15T13:59:01.500000Z')",P,GBAS,"(1.0, 0.84271896)"
"(2024000439, 3523)","('2024-04-15T13:59:01.990000Z', '2024-04-15T13:59:01.890000Z')",P,JAVS,"(1.0, 0.7491311)"
"(2024000439, 3651)","('2024-04-15T13:59:04.280000Z', '2024-04-15T13:59:04.280000Z')",S,SKDS,"(1.0, 0.6336927)"
"(2024000439, 3454)","('2024-04-15T13:59:07.580000Z', '2024-04-15T13:59:07.520000Z')",S,GBAS,"(1.0, 0.6945415)"
"(2024000439, 3524)","('2024-04-15T13:59:08.750000Z', '2024-04-15T13:59:08.810000Z')",S,JAVS,"(1.0, 0.65529376)"
"(2024000440, 1452)","('2024-04-15T18:21:07.090000Z', '2024-04-15T18:21:07.100000Z')",P,PURA,"(1.0, 0.89136374)"
"(2024000440, 1718)","('2024-04-15T18:21:08.040000Z', '2024-04-15T18:21:08.020000Z')",P,CLUD,"(1.0, 0.9127799)"
"(2024000440, 1734)","('2024-04-15T18:21:08.170000Z', '2024-04-15T18:21:08.180000Z')",P,CSM,"(1.0, 0.86477053)"
"(2024000440, 1453)","('2024-04-15T18:21:08.410000Z', '2024-04-15T18:21:08.420000Z')",S,PURA,"(1.0, 0.86016953)"
"(2024000440, 1351)","('2024-04-15T18:21:08.720000Z', '2024-04-15T18:21:08.730000Z')",P,STAL,"(1.0, 0.55738586)"
"(2024000440, 1758)","('2024-04-15T18:21:09.280000Z', '2024-04-15T18:21:09.150000Z')",P,FUSE,"(1.0, 0.49126378)"
"(2024000440, 1719)","('2024-04-15T18:21:10.140000Z', '2024-04-15T18:21:10.370000Z')",S,CLUD,"(1.0, 0.6794503)"
"(2024000440, 1735)","('2024-04-15T18:21:10.340000Z', '2024-04-15T18:21:10.350000Z')",S,CSM,"(1.0, 0.84935707)"
"(2024000440, 1352)","('2024-04-15T18:21:11.420000Z', '2024-04-15T18:21:11.400000Z')",S,STAL,"(1.0, 0.68176925)"
"(2024000440, 1759)","('2024-04-15T18:21:12.440000Z', '2024-04-15T18:21:12.480000Z')",S,FUSE,"(1.0, 0.27644318)"
"(2024000441, 1456)","('2024-04-15T20:18:58.330000Z', '2024-04-15T20:18:58.320000Z')",P,PURA,"(1.0, 0.8728728)"
"(2024000441, 1720)","('2024-04-15T20:18:59.280000Z', '2024-04-15T20:18:59.250000Z')",P,CLUD,"(1.0, 0.6654105)"
"(2024000441, 1736)","('2024-04-15T20:18:59.430000Z', '2024-04-15T20:18:59.390000Z')",P,CSM,"(1.0, 0.69239885)"
"(2024000441, 1457)","('2024-04-15T20:18:59.640000Z', '2024-04-15T20:18:59.660000Z')",S,PURA,"(1.0, 0.8566852)"
"(2024000441, 1353)","('2024-04-15T20:18:59.850000Z', '2024-04-15T20:18:59.780000Z')",P,STAL,"(1.0, 0.5935879)"
"(2024000441, 1737)","('2024-04-15T20:19:01.600000Z', '2024-04-15T20:19:01.590000Z')",S,CSM,"(1.0, 0.80140084)"
"(2024000441, 1721)","('2024-04-15T20:19:01.710000Z', '2024-04-15T20:19:01.690000Z')",S,CLUD,"(1.0, 0.46706787)"
"(2024000441, 1354)","('2024-04-15T20:19:02.660000Z', '2024-04-15T20:19:02.660000Z')",S,STAL,"(1.0, 0.5988216)"
"(2024000442, 3572)","('2024-04-15T23:19:21.020000Z', '2024-04-15T23:19:21.040000Z')",P,KNDS,"(1.0, 0.8863199)"
"(2024000442, 3573)","('2024-04-15T23:19:22.910000Z', '2024-04-15T23:19:22.890000Z')",S,KNDS,"(1.0, 0.83053946)"
"(2024000442, 3663)","('2024-04-15T23:19:23.620000Z', '2024-04-15T23:19:23.620000Z')",P,SKDS,"(1.0, 0.86345726)"
"(2024000442, 3415)","('2024-04-15T23:19:24.120000Z', '2024-04-15T23:19:24.070000Z')",P,CEY,"(1.0, 0.77005243)"
"(2024000442, 1419)","('2024-04-15T23:19:26.750000Z', '2024-04-15T23:19:26.690000Z')",P,DST2,"(1.0, 0.63444024)"
"(2024000442, 3533)","('2024-04-15T23:19:27.450000Z', '2024-04-15T23:19:27.480000Z')",P,JAVS,"(1.0, 0.68502283)"
"(2024000442, 3464)","('2024-04-15T23:19:27.620000Z', '2024-04-15T23:19:27.730000Z')",P,GBAS,"(1.0, 0.70992893)"
"(2024000442, 3664)","('2024-04-15T23:19:27.740000Z', '2024-04-15T23:19:27.740000Z')",S,SKDS,"(1.0, 0.7365728)"
"(2024000442, 3416)","('2024-04-15T23:19:28.480000Z', '2024-04-15T23:19:28.710000Z')",S,CEY,"(1.0, 0.62036586)"
"(2024000442, 3713)","('2024-04-15T23:19:30.770000Z', '2024-04-15T23:19:30.700000Z')",P,VOJS,"(1.0, 0.6722302)"
"(2024000442, 1420)","('2024-04-15T23:19:33.830000Z', '2024-04-15T23:19:33.850000Z')",S,DST2,"(1.0, 0.5337408)"
"(2024000442, 3465)","('2024-04-15T23:19:34.640000Z', '2024-04-15T23:19:35.070000Z')",S,GBAS,"(1.0, 0.3541501)"
"(2024000442, 3534)","('2024-04-15T23:19:34.740000Z', '2024-04-15T23:19:35.110000Z')",S,JAVS,"(1.0, 0.2188142)"
"(2024000443, 1779)","('2024-04-15T23:25:50.730000Z', '2024-04-15T23:25:50.720000Z')",P,GAZZ,"(1.0, 0.7761319)"
"(2024000443, 1780)","('2024-04-15T23:25:54.530000Z', '2024-04-15T23:25:54.740000Z')",S,GAZZ,"(1.0, 0.5782475)"
"(2024000443, 1907)","('2024-04-15T23:25:54.880000Z', '2024-04-15T23:25:54.750000Z')",P,TRES,"(1.0, 0.2264118)"
"(2024000443, 1775)","('2024-04-15T23:25:56.980000Z', '2024-04-15T23:25:57.000000Z')",P,GARG,"(1.0, 0.35453352)"
"(2024000443, 1056)","('2024-04-15T23:25:57.960000Z', '2024-04-15T23:25:57.890000Z')",P,MAGA,"(1.0, 0.66228515)"
"(2024000443, 3746)","('2024-04-15T23:25:59.470000Z', '2024-04-15T23:25:59.500000Z')",P,DOSS,"(1.0, 0.68957806)"
"(2024000443, 3138)","('2024-04-15T23:26:00.820000Z', '2024-04-15T23:26:00.630000Z')",P,LUSI,"(1.0, 0.70063704)"
"(2024000443, 1703)","('2024-04-15T23:26:01.030000Z', '2024-04-15T23:26:00.910000Z')",P,CEKR,"(1.0, 0.59247994)"
"(2024000443, 3788)","('2024-04-15T23:26:03.150000Z', '2024-04-15T23:26:03.070000Z')",P,PANI,"(1.0, 0.60804623)"
"(2024000443, 3761)","('2024-04-15T23:26:03.190000Z', '2024-04-15T23:26:03.170000Z')",P,GAGG,"(1.0, 0.67112464)"
"(2024000443, 1776)","('2024-04-15T23:26:04.460000Z', '2024-04-15T23:26:04.590000Z')",S,GARG,"(1.0, 0.1747016)"
"(2024000443, 999)","('2024-04-15T23:26:04.520000Z', '2024-04-15T23:26:04.450000Z')",P,CTI,"(1.0, 0.67594725)"
"(2024000443, 1872)","('2024-04-15T23:26:05.640000Z', '2024-04-15T23:26:05.710000Z')",P,MTLO,"(1.0, 0.70958245)"
"(2024000443, 1057)","('2024-04-15T23:26:07.160000Z', '2024-04-15T23:26:07.350000Z')",S,MAGA,"(1.0, 0.26004064)"
"(2024000443, 3747)","('2024-04-15T23:26:09.260000Z', '2024-04-15T23:26:09.010000Z')",S,DOSS,"(1.0, 0.24224715)"
"(2024000443, 1704)","('2024-04-15T23:26:12.030000Z', '2024-04-15T23:26:11.750000Z')",S,CEKR,"(1.0, 0.58932346)"
"(2024000443, 3762)","('2024-04-15T23:26:15.410000Z', '2024-04-15T23:26:15.290000Z')",S,GAGG,"(1.0, 0.4523379)"
"(2024000443, 1873)","('2024-04-15T23:26:19.930000Z', '2024-04-15T23:26:19.490000Z')",S,MTLO,"(1.0, 0.294017)"
"(2024000444, 3574)","('2024-04-15T23:31:37.660000Z', '2024-04-15T23:31:37.680000Z')",P,KNDS,"(1.0, 0.8789767)"
"(2024000444, 3575)","('2024-04-15T23:31:39.560000Z', '2024-04-15T23:31:39.550000Z')",S,KNDS,"(1.0, 0.81034076)"
"(2024000444, 3665)","('2024-04-15T23:31:40.290000Z', '2024-04-15T23:31:40.290000Z')",P,SKDS,"(1.0, 0.88340175)"
"(2024000444, 3417)","('2024-04-15T23:31:40.740000Z', '2024-04-15T23:31:40.700000Z')",P,CEY,"(1.0, 0.7731112)"
"(2024000444, 3535)","('2024-04-15T23:31:44.220000Z', '2024-04-15T23:31:44.100000Z')",P,JAVS,"(1.0, 0.4981445)"
"(2024000444, 3666)","('2024-04-15T23:31:44.370000Z', '2024-04-15T23:31:44.410000Z')",S,SKDS,"(1.0, 0.7642692)"
"(2024000444, 3418)","('2024-04-15T23:31:45.140000Z', '2024-04-15T23:31:45.330000Z')",S,CEY,"(1.0, 0.63301903)"
"(2024000444, 3716)","('2024-04-15T23:31:47.450000Z', '2024-04-15T23:31:47.370000Z')",P,VOJS,"(1.0, 0.72147495)"
"(2024000445, 3361)","('2024-04-16T00:39:14.900000Z', '2024-04-16T00:39:14.900000Z')",P,KNDS,"(1.0, 0.8542797)"
"(2024000445, 3362)","('2024-04-16T00:39:16.760000Z', '2024-04-16T00:39:16.790000Z')",S,KNDS,"(1.0, 0.85513455)"
"(2024000445, 3534)","('2024-04-16T00:39:17.500000Z', '2024-04-16T00:39:17.500000Z')",P,SKDS,"(1.0, 0.8414722)"
"(2024000445, 3020)","('2024-04-16T00:39:18.010000Z', '2024-04-16T00:39:18.000000Z')",P,CEY,"(1.0, 0.7628135)"
"(2024000445, 3535)","('2024-04-16T00:39:21.600000Z', '2024-04-16T00:39:21.640000Z')",S,SKDS,"(1.0, 0.7578496)"
"(2024000446, 3365)","('2024-04-16T00:45:00.300000Z', '2024-04-16T00:45:00.290000Z')",P,KNDS,"(1.0, 0.861985)"
"(2024000446, 3366)","('2024-04-16T00:45:02.160000Z', '2024-04-16T00:45:02.180000Z')",S,KNDS,"(1.0, 0.8524821)"
"(2024000446, 3536)","('2024-04-16T00:45:02.890000Z', '2024-04-16T00:45:02.810000Z')",P,SKDS,"(1.0, 0.109242395)"
"(2024000446, 3022)","('2024-04-16T00:45:03.420000Z', '2024-04-16T00:45:03.470000Z')",P,CEY,"(1.0, 0.65909153)"
"(2024000446, 3537)","('2024-04-16T00:45:07.000000Z', '2024-04-16T00:45:07.070000Z')",S,SKDS,"(1.0, 0.17436871)"
"(2024000447, 3373)","('2024-04-16T02:42:28.570000Z', '2024-04-16T02:42:28.590000Z')",P,KNDS,"(1.0, 0.8411436)"
"(2024000447, 3374)","('2024-04-16T02:42:30.470000Z', '2024-04-16T02:42:30.470000Z')",S,KNDS,"(1.0, 0.8085656)"
"(2024000447, 3538)","('2024-04-16T02:42:31.200000Z', '2024-04-16T02:42:31.200000Z')",P,SKDS,"(1.0, 0.8391064)"
"(2024000447, 3038)","('2024-04-16T02:42:31.720000Z', '2024-04-16T02:42:31.630000Z')",P,CEY,"(1.0, 0.8086319)"
"(2024000447, 3539)","('2024-04-16T02:42:35.280000Z', '2024-04-16T02:42:35.310000Z')",S,SKDS,"(1.0, 0.73682314)"
"(2024000447, 3039)","('2024-04-16T02:42:36.070000Z', '2024-04-16T02:42:36.190000Z')",S,CEY,"(1.0, 0.7053043)"
"(2024000448, 1680)","('2024-04-16T06:35:29.400000Z', '2024-04-16T06:35:29.360000Z')",P,DRE,"(1.0, 0.8380058)"
"(2024000448, 3506)","('2024-04-16T06:35:29.900000Z', '2024-04-16T06:35:29.890000Z')",P,ROBS,"(1.0, 0.86192423)"
"(2024000448, 1664)","('2024-04-16T06:35:30.240000Z', '2024-04-16T06:35:30.250000Z')",P,COLI,"(1.0, 0.7127525)"
"(2024000448, 1828)","('2024-04-16T06:35:30.510000Z', '2024-04-16T06:35:30.490000Z')",P,SABO,"(1.0, 0.81839937)"
"(2024000448, 3006)","('2024-04-16T06:35:30.510000Z', '2024-04-16T06:35:30.500000Z')",P,CADS,"(1.0, 0.4652013)"
"(2024000448, 1681)","('2024-04-16T06:35:30.980000Z', '2024-04-16T06:35:31.110000Z')",S,DRE,"(1.0, 0.8548823)"
"(2024000448, 1456)","('2024-04-16T06:35:31.700000Z', '2024-04-16T06:35:31.680000Z')",P,VINO,"(1.0, 0.85100764)"
"(2024000448, 1562)","('2024-04-16T06:35:31.920000Z', '2024-04-16T06:35:31.870000Z')",P,BAD,"(1.0, 0.7740202)"
"(2024000448, 3628)","('2024-04-16T06:35:31.930000Z', '2024-04-16T06:35:31.920000Z')",P,VOJS,"(1.0, 0.87792283)"
"(2024000448, 3507)","('2024-04-16T06:35:32.260000Z', '2024-04-16T06:35:32.280000Z')",S,ROBS,"(1.0, 0.82222354)"
"(2024000448, 3007)","('2024-04-16T06:35:32.960000Z', '2024-04-16T06:35:33.310000Z')",S,CADS,"(1.0, 0.6972151)"
"(2024000448, 1665)","('2024-04-16T06:35:32.980000Z', '2024-04-16T06:35:32.990000Z')",S,COLI,"(1.0, 0.7785111)"
"(2024000448, 1829)","('2024-04-16T06:35:33.430000Z', '2024-04-16T06:35:33.430000Z')",S,SABO,"(1.0, 0.6820276)"
"(2024000448, 3326)","('2024-04-16T06:35:33.840000Z', '2024-04-16T06:35:33.860000Z')",P,GORS,"(1.0, 0.7921169)"
"(2024000448, 1743)","('2024-04-16T06:35:33.850000Z', '2024-04-16T06:35:33.850000Z')",P,LSR,"(1.0, 0.7063666)"
"(2024000448, 3341)","('2024-04-16T06:35:35.050000Z', '2024-04-16T06:35:34.830000Z')",P,JAVS,"(1.0, 0.7395393)"
"(2024000448, 1517)","('2024-04-16T06:35:35.180000Z', '2024-04-16T06:35:35.040000Z')",P,ACOM,"(1.0, 0.74770325)"
"(2024000448, 1457)","('2024-04-16T06:35:35.650000Z', '2024-04-16T06:35:35.740000Z')",S,VINO,"(1.0, 0.77000093)"
"(2024000448, 1563)","('2024-04-16T06:35:36.100000Z', '2024-04-16T06:35:36.150000Z')",S,BAD,"(1.0, 0.63321143)"
"(2024000448, 3629)","('2024-04-16T06:35:36.110000Z', '2024-04-16T06:35:36.180000Z')",S,VOJS,"(1.0, 0.7377661)"
"(2024000448, 3327)","('2024-04-16T06:35:39.450000Z', '2024-04-16T06:35:39.470000Z')",S,GORS,"(1.0, 0.52131116)"
"(2024000448, 1518)","('2024-04-16T06:35:41.470000Z', '2024-04-16T06:35:41.870000Z')",S,ACOM,"(1.0, 0.53081876)"
"(2024000448, 3342)","('2024-04-16T06:35:41.520000Z', '2024-04-16T06:35:41.590000Z')",S,JAVS,"(1.0, 0.3206343)"
"(2024000449, 1623)","('2024-04-16T13:48:49.780000Z', '2024-04-16T13:48:49.800000Z')",P,BOO,"(1.0, 0.8991532)"
"(2024000449, 2203)","('2024-04-16T13:48:50.110000Z', '2024-04-16T13:48:50.120000Z')",P,GEPF,"(1.0, 0.8371801)"
"(2024000449, 1787)","('2024-04-16T13:48:50.180000Z', '2024-04-16T13:48:50.220000Z')",P,MPRI,"(1.0, 0.6884241)"
"(2024000449, 1637)","('2024-04-16T13:48:50.430000Z', '2024-04-16T13:48:50.420000Z')",P,BUA,"(1.0, 0.83748674)"
"(2024000449, 1690)","('2024-04-16T13:48:50.860000Z', '2024-04-16T13:48:50.860000Z')",P,FUSE,"(1.0, 0.86770916)"
"(2024000449, 1624)","('2024-04-16T13:48:51.020000Z', '2024-04-16T13:48:51.010000Z')",S,BOO,"(1.0, 0.84920996)"
"(2024000449, 1570)","('2024-04-16T13:48:51.320000Z', '2024-04-16T13:48:51.340000Z')",P,BAD,"(1.0, 0.78920346)"
"(2024000449, 1460)","('2024-04-16T13:48:51.650000Z', '2024-04-16T13:48:51.650000Z')",P,VINO,"(1.0, 0.85362935)"
"(2024000449, 2204)","('2024-04-16T13:48:51.680000Z', '2024-04-16T13:48:51.700000Z')",S,GEPF,"(1.0, 0.82539237)"
"(2024000449, 1788)","('2024-04-16T13:48:51.750000Z', '2024-04-16T13:48:51.750000Z')",S,MPRI,"(1.0, 0.75292146)"
"(2024000449, 1658)","('2024-04-16T13:48:52.250000Z', '2024-04-16T13:48:52.350000Z')",P,CLUD,"(1.0, 0.54692274)"
"(2024000449, 1638)","('2024-04-16T13:48:52.540000Z', '2024-04-16T13:48:52.650000Z')",S,BUA,"(1.0, 0.50040615)"
"(2024000449, 1145)","('2024-04-16T13:48:52.730000Z', '2024-04-16T13:48:52.650000Z')",P,PTCC,"(1.0, 0.744491)"
"(2024000449, 1691)","('2024-04-16T13:48:53.120000Z', '2024-04-16T13:48:53.130000Z')",S,FUSE,"(1.0, 0.7594009)"
"(2024000449, 1449)","('2024-04-16T13:48:53.180000Z', '2024-04-16T13:48:53.120000Z')",P,PURA,"(1.0, 0.76808536)"
"(2024000449, 1806)","('2024-04-16T13:48:53.690000Z', '2024-04-16T13:48:53.640000Z')",P,PLRO,"(1.0, 0.7556098)"
"(2024000449, 1571)","('2024-04-16T13:48:54.050000Z', '2024-04-16T13:48:54.070000Z')",S,BAD,"(1.0, 0.7601346)"
"(2024000449, 3511)","('2024-04-16T13:48:54.280000Z', '2024-04-16T13:48:54.170000Z')",P,ROBS,"(1.0, 0.7674438)"
"(2024000449, 1461)","('2024-04-16T13:48:54.760000Z', '2024-04-16T13:48:54.680000Z')",S,VINO,"(1.0, 0.5880491)"
"(2024000449, 1748)","('2024-04-16T13:48:55.500000Z', '2024-04-16T13:48:55.480000Z')",P,LSR,"(1.0, 0.703635)"
"(2024000449, 1820)","('2024-04-16T13:48:55.630000Z', '2024-04-16T13:48:55.560000Z')",P,PRED,"(1.0, 0.7485497)"
"(2024000449, 1659)","('2024-04-16T13:48:55.730000Z', '2024-04-16T13:48:55.690000Z')",S,CLUD,"(1.0, 0.31172866)"
"(2024000449, 1521)","('2024-04-16T13:48:56.260000Z', '2024-04-16T13:48:56.340000Z')",P,ACOM,"(1.0, 0.6701923)"
"(2024000449, 1682)","('2024-04-16T13:48:56.280000Z', '2024-04-16T13:48:56.270000Z')",P,DRE,"(1.0, 0.45664698)"
"(2024000449, 1146)","('2024-04-16T13:48:56.640000Z', '2024-04-16T13:48:56.720000Z')",S,PTCC,"(1.0, 0.41403568)"
"(2024000449, 3008)","('2024-04-16T13:48:57.090000Z', '2024-04-16T13:48:56.980000Z')",P,CADS,"(1.0, 0.26416066)"
"(2024000449, 1450)","('2024-04-16T13:48:57.360000Z', '2024-04-16T13:48:57.310000Z')",S,PURA,"(1.0, 0.60995054)"
"(2024000449, 1807)","('2024-04-16T13:48:58.320000Z', '2024-04-16T13:48:58.200000Z')",S,PLRO,"(1.0, 0.45138356)"
"(2024000449, 3512)","('2024-04-16T13:48:59.890000Z', '2024-04-16T13:48:59.890000Z')",S,ROBS,"(1.0, 0.54295534)"
"(2024000449, 1749)","('2024-04-16T13:49:01.870000Z', '2024-04-16T13:49:01.860000Z')",S,LSR,"(1.0, 0.6274537)"
"(2024000449, 1821)","('2024-04-16T13:49:01.960000Z', '2024-04-16T13:49:01.920000Z')",S,PRED,"(1.0, 0.6426166)"
"(2024000449, 1522)","('2024-04-16T13:49:03.320000Z', '2024-04-16T13:49:03.220000Z')",S,ACOM,"(1.0, 0.5238317)"
"(2024000449, 1683)","('2024-04-16T13:49:03.450000Z', '2024-04-16T13:49:03.470000Z')",S,DRE,"(1.0, 0.5743483)"
"(2024000449, 3009)","('2024-04-16T13:49:04.780000Z', '2024-04-16T13:49:04.870000Z')",S,CADS,"(1.0, 0.18494716)"
"(2024000450, 1662)","('2024-04-16T21:02:06.750000Z', '2024-04-16T21:02:06.760000Z')",P,CLUD,"(1.0, 0.90038484)"
"(2024000450, 1663)","('2024-04-16T21:02:07.630000Z', '2024-04-16T21:02:07.590000Z')",S,CLUD,"(1.0, 0.8719491)"
"(2024000450, 1693)","('2024-04-16T21:02:07.640000Z', '2024-04-16T21:02:07.670000Z')",P,FUSE,"(1.0, 0.89125055)"
"(2024000450, 1452)","('2024-04-16T21:02:08.160000Z', '2024-04-16T21:02:08.020000Z')",P,PURA,"(1.0, 0.859921)"
"(2024000450, 1047)","('2024-04-16T21:02:08.820000Z', '2024-04-16T21:02:08.820000Z')",P,FVI,"(1.0, 0.852331)"
"(2024000450, 1694)","('2024-04-16T21:02:09.250000Z', '2024-04-16T21:02:09.260000Z')",S,FUSE,"(1.0, 0.7999374)"
"(2024000450, 1677)","('2024-04-16T21:02:09.310000Z', '2024-04-16T21:02:09.070000Z')",P,CSM,"(1.0, 0.4479336)"
"(2024000450, 1811)","('2024-04-16T21:02:09.680000Z', '2024-04-16T21:02:09.680000Z')",P,PLRO,"(1.0, 0.84780353)"
"(2024000450, 1791)","('2024-04-16T21:02:10.110000Z', '2024-04-16T21:02:10.060000Z')",P,MPRI,"(1.0, 0.8196889)"
"(2024000450, 1453)","('2024-04-16T21:02:10.160000Z', '2024-04-16T21:02:10.130000Z')",S,PURA,"(1.0, 0.7419604)"
"(2024000450, 1398)","('2024-04-16T21:02:10.170000Z', '2024-04-16T21:02:10.060000Z')",P,STAL,"(1.0, 0.68114984)"
"(2024000450, 1048)","('2024-04-16T21:02:11.290000Z', '2024-04-16T21:02:11.350000Z')",S,FVI,"(1.0, 0.80338144)"
"(2024000450, 1678)","('2024-04-16T21:02:11.990000Z', '2024-04-16T21:02:12.060000Z')",S,CSM,"(1.0, 0.6007903)"
"(2024000450, 1574)","('2024-04-16T21:02:12.080000Z', '2024-04-16T21:02:12.050000Z')",P,BAD,"(1.0, 0.5025698)"
"(2024000450, 1812)","('2024-04-16T21:02:12.780000Z', '2024-04-16T21:02:12.800000Z')",S,PLRO,"(1.0, 0.78953683)"
"(2024000450, 1778)","('2024-04-16T21:02:12.980000Z', '2024-04-16T21:02:12.950000Z')",P,MLN,"(1.0, 0.44523516)"
"(2024000450, 1468)","('2024-04-16T21:02:13.040000Z', '2024-04-16T21:02:12.990000Z')",P,ABTA,"(1.0, 0.6707447)"
"(2024000450, 1792)","('2024-04-16T21:02:13.950000Z', '2024-04-16T21:02:13.950000Z')",S,MPRI,"(1.0, 0.71155614)"
"(2024000450, 1399)","('2024-04-16T21:02:14.050000Z', '2024-04-16T21:02:14.060000Z')",S,STAL,"(1.0, 0.6514093)"
"(2024000450, 1575)","('2024-04-16T21:02:17.400000Z', '2024-04-16T21:02:17.570000Z')",S,BAD,"(1.0, 0.41466978)"
"(2024000450, 1469)","('2024-04-16T21:02:18.420000Z', '2024-04-16T21:02:18.450000Z')",S,ABTA,"(1.0, 0.6491739)"
"(2024000450, 1779)","('2024-04-16T21:02:19.330000Z', '2024-04-16T21:02:18.890000Z')",S,MLN,"(1.0, 0.14243765)"
"(2024000451, 4065)","('2024-04-17T00:43:20.310000Z', '2024-04-17T00:43:20.300000Z')",P,KNDS,"(1.0, 0.87032145)"
"(2024000451, 4066)","('2024-04-17T00:43:22.180000Z', '2024-04-17T00:43:22.170000Z')",S,KNDS,"(1.0, 0.8372405)"
"(2024000451, 4344)","('2024-04-17T00:43:22.900000Z', '2024-04-17T00:43:22.910000Z')",P,SKDS,"(1.0, 0.8423611)"
"(2024000451, 3507)","('2024-04-17T00:43:23.410000Z', '2024-04-17T00:43:23.420000Z')",P,CEY,"(1.0, 0.6973062)"
"(2024000451, 4345)","('2024-04-17T00:43:27.150000Z', '2024-04-17T00:43:27.130000Z')",S,SKDS,"(1.0, 0.7472976)"
"(2024000451, 3508)","('2024-04-17T00:43:28.080000Z', '2024-04-17T00:43:28.080000Z')",S,CEY,"(1.0, 0.6097522)"
"(2024000452, 4069)","('2024-04-17T02:30:00.030000Z', '2024-04-17T02:30:00.050000Z')",P,KNDS,"(1.0, 0.86964905)"
"(2024000452, 4070)","('2024-04-17T02:30:01.930000Z', '2024-04-17T02:30:01.920000Z')",S,KNDS,"(1.0, 0.8280632)"
"(2024000452, 4346)","('2024-04-17T02:30:02.660000Z', '2024-04-17T02:30:02.660000Z')",P,SKDS,"(1.0, 0.8682496)"
"(2024000452, 3511)","('2024-04-17T02:30:03.120000Z', '2024-04-17T02:30:03.120000Z')",P,CEY,"(1.0, 0.80271155)"
"(2024000452, 4003)","('2024-04-17T02:30:06.490000Z', '2024-04-17T02:30:06.500000Z')",P,JAVS,"(1.0, 0.63506)"
"(2024000452, 3764)","('2024-04-17T02:30:06.530000Z', '2024-04-17T02:30:07.000000Z')",P,GBAS,"(1.0, 0.85168964)"
"(2024000452, 4347)","('2024-04-17T02:30:06.760000Z', '2024-04-17T02:30:06.790000Z')",S,SKDS,"(1.0, 0.80888325)"
"(2024000452, 3512)","('2024-04-17T02:30:07.770000Z', '2024-04-17T02:30:07.700000Z')",S,CEY,"(1.0, 0.6117469)"
"(2024000452, 3765)","('2024-04-17T02:30:14.090000Z', '2024-04-17T02:30:14.180000Z')",S,GBAS,"(1.0, 0.4653686)"
"(2024000452, 4005)","('2024-04-17T02:30:14.420000Z', '2024-04-17T02:30:14.270000Z')",S,JAVS,"(1.0, 0.36736834)"
"(2024000453, 4078)","('2024-04-17T04:06:46.190000Z', '2024-04-17T04:06:46.200000Z')",P,KNDS,"(1.0, 0.8839195)"
"(2024000453, 4079)","('2024-04-17T04:06:47.720000Z', '2024-04-17T04:06:47.700000Z')",S,KNDS,"(1.0, 0.8638998)"
"(2024000453, 4348)","('2024-04-17T04:06:48.300000Z', '2024-04-17T04:06:48.310000Z')",P,SKDS,"(1.0, 0.89246094)"
"(2024000453, 3515)","('2024-04-17T04:06:48.960000Z', '2024-04-17T04:06:48.950000Z')",P,CEY,"(1.0, 0.7993027)"
"(2024000453, 1524)","('2024-04-17T04:06:51.200000Z', '2024-04-17T04:06:51.140000Z')",P,TRI,"(1.0, 0.7312651)"
"(2024000453, 1540)","('2024-04-17T04:06:51.440000Z', '2024-04-17T04:06:51.460000Z')",P,DST2,"(1.0, 0.20954204)"
"(2024000453, 4009)","('2024-04-17T04:06:52.130000Z', '2024-04-17T04:06:52.200000Z')",P,JAVS,"(1.0, 0.506715)"
"(2024000453, 3766)","('2024-04-17T04:06:52.580000Z', '2024-04-17T04:06:52.440000Z')",P,GBAS,"(1.0, 0.64172506)"
"(2024000453, 4494)","('2024-04-17T04:06:55.350000Z', '2024-04-17T04:06:55.320000Z')",P,VOJS,"(1.0, 0.68356085)"
"(2024000453, 1525)","('2024-04-17T04:06:58.210000Z', '2024-04-17T04:06:58.180000Z')",S,TRI,"(1.0, 0.6121538)"
"(2024000453, 4010)","('2024-04-17T04:06:59.090000Z', '2024-04-17T04:06:59.030000Z')",S,JAVS,"(1.0, 0.41226798)"
"(2024000453, 3767)","('2024-04-17T04:06:59.580000Z', '2024-04-17T04:06:59.390000Z')",S,GBAS,"(1.0, 0.27248773)"
"(2024000454, 1590)","('2024-04-17T04:29:44.960000Z', '2024-04-17T04:29:44.960000Z')",P,PURA,"(1.0, 0.86405784)"
"(2024000454, 1460)","('2024-04-17T04:29:45.200000Z', '2024-04-17T04:29:45.320000Z')",P,STAL,"(1.0, 0.7815723)"
"(2024000454, 1932)","('2024-04-17T04:29:45.260000Z', '2024-04-17T04:29:45.270000Z')",P,CLUD,"(1.0, 0.84192336)"
"(2024000454, 2196)","('2024-04-17T04:29:46.080000Z', '2024-04-17T04:29:46.010000Z')",P,MPRI,"(1.0, 0.67095083)"
"(2024000454, 1591)","('2024-04-17T04:29:46.750000Z', '2024-04-17T04:29:46.730000Z')",S,PURA,"(1.0, 0.7888649)"
"(2024000454, 1959)","('2024-04-17T04:29:47.190000Z', '2024-04-17T04:29:46.730000Z')",P,CSM,"(1.0, 0.2759755)"
"(2024000454, 1933)","('2024-04-17T04:29:47.270000Z', '2024-04-17T04:29:47.290000Z')",S,CLUD,"(1.0, 0.7783871)"
"(2024000454, 2175)","('2024-04-17T04:29:47.570000Z', '2024-04-17T04:29:48.050000Z')",P,MLN,"(1.0, 0.3894121)"
"(2024000454, 1461)","('2024-04-17T04:29:47.630000Z', '2024-04-17T04:29:47.630000Z')",S,STAL,"(1.0, 0.70659655)"
"(2024000454, 2197)","('2024-04-17T04:29:48.860000Z', '2024-04-17T04:29:48.790000Z')",S,MPRI,"(1.0, 0.42680472)"
"(2024000454, 1960)","('2024-04-17T04:29:49.920000Z', '2024-04-17T04:29:49.870000Z')",S,CSM,"(1.0, 0.49534664)"
"(2024000454, 2176)","('2024-04-17T04:29:52.560000Z', '2024-04-17T04:29:52.600000Z')",S,MLN,"(1.0, 0.47209305)"
"(2024000455, 4085)","('2024-04-17T05:41:42.320000Z', '2024-04-17T05:41:42.310000Z')",P,KNDS,"(1.0, 0.85211104)"
"(2024000455, 4086)","('2024-04-17T05:41:44.230000Z', '2024-04-17T05:41:44.220000Z')",S,KNDS,"(1.0, 0.843969)"
"(2024000455, 4352)","('2024-04-17T05:41:44.950000Z', '2024-04-17T05:41:44.930000Z')",P,SKDS,"(1.0, 0.86372936)"
"(2024000455, 3519)","('2024-04-17T05:41:45.380000Z', '2024-04-17T05:41:45.400000Z')",P,CEY,"(1.0, 0.8376204)"
"(2024000455, 4014)","('2024-04-17T05:41:48.710000Z', '2024-04-17T05:41:48.750000Z')",P,JAVS,"(1.0, 0.7325521)"
"(2024000455, 4353)","('2024-04-17T05:41:49.050000Z', '2024-04-17T05:41:49.070000Z')",S,SKDS,"(1.0, 0.77876216)"
"(2024000455, 3772)","('2024-04-17T05:41:49.060000Z', '2024-04-17T05:41:49.060000Z')",P,GBAS,"(1.0, 0.7449336)"
"(2024000455, 3520)","('2024-04-17T05:41:50.040000Z', '2024-04-17T05:41:49.980000Z')",S,CEY,"(1.0, 0.6281126)"
"(2024000455, 4499)","('2024-04-17T05:41:51.870000Z', '2024-04-17T05:41:52.020000Z')",P,VOJS,"(1.0, 0.634553)"
"(2024000455, 3773)","('2024-04-17T05:41:56.460000Z', '2024-04-17T05:41:56.300000Z')",S,GBAS,"(1.0, 0.28087917)"
"(2024000455, 4015)","('2024-04-17T05:41:56.580000Z', '2024-04-17T05:41:56.570000Z')",S,JAVS,"(1.0, 0.3590796)"
"(2024000455, 4500)","('2024-04-17T05:42:02.790000Z', '2024-04-17T05:42:02.830000Z')",S,VOJS,"(1.0, 0.63738185)"
"(2024000456, 4087)","('2024-04-17T05:42:38.250000Z', '2024-04-17T05:42:38.230000Z')",P,KNDS,"(1.0, 0.8768585)"
"(2024000456, 4088)","('2024-04-17T05:42:40.130000Z', '2024-04-17T05:42:40.090000Z')",S,KNDS,"(1.0, 0.8324961)"
"(2024000456, 4354)","('2024-04-17T05:42:40.860000Z', '2024-04-17T05:42:40.910000Z')",P,SKDS,"(1.0, 0.89711887)"
"(2024000456, 3521)","('2024-04-17T05:42:41.290000Z', '2024-04-17T05:42:41.310000Z')",P,CEY,"(1.0, 0.8041918)"
"(2024000456, 4016)","('2024-04-17T05:42:44.800000Z', '2024-04-17T05:42:44.690000Z')",P,JAVS,"(1.0, 0.7558143)"
"(2024000456, 3774)","('2024-04-17T05:42:45.030000Z', '2024-04-17T05:42:45.020000Z')",P,GBAS,"(1.0, 0.7282647)"
"(2024000456, 4355)","('2024-04-17T05:42:45.050000Z', '2024-04-17T05:42:45.040000Z')",S,SKDS,"(1.0, 0.78605974)"
"(2024000456, 3522)","('2024-04-17T05:42:46.000000Z', '2024-04-17T05:42:45.960000Z')",S,CEY,"(1.0, 0.6134301)"
"(2024000456, 4501)","('2024-04-17T05:42:47.910000Z', '2024-04-17T05:42:47.950000Z')",P,VOJS,"(1.0, 0.8437258)"
"(2024000456, 4473)","('2024-04-17T05:42:49.410000Z', '2024-04-17T05:42:48.930000Z')",P,VNDS,"(1.0, 0.19876026)"
"(2024000456, 3775)","('2024-04-17T05:42:52.390000Z', '2024-04-17T05:42:52.380000Z')",S,GBAS,"(1.0, 0.51747084)"
"(2024000456, 4017)","('2024-04-17T05:42:52.670000Z', '2024-04-17T05:42:52.500000Z')",S,JAVS,"(1.0, 0.5208429)"
"(2024000456, 4323)","('2024-04-17T05:42:55.210000Z', '2024-04-17T05:42:55.050000Z')",P,ROBS,"(1.0, 0.13225812)"
"(2024000456, 1809)","('2024-04-17T05:42:57.570000Z', '2024-04-17T05:42:57.870000Z')",P,BAD,"(1.0, 0.4667745)"
"(2024000456, 4502)","('2024-04-17T05:42:58.780000Z', '2024-04-17T05:42:58.700000Z')",S,VOJS,"(1.0, 0.5468798)"
"(2024000456, 2201)","('2024-04-17T05:43:00.290000Z', '2024-04-17T05:43:00.300000Z')",P,MPRI,"(1.0, 0.5772204)"
"(2024000457, 4116)","('2024-04-17T07:34:25.570000Z', '2024-04-17T07:34:25.580000Z')",P,KNDS,"(1.0, 0.8616122)"
"(2024000457, 4117)","('2024-04-17T07:34:27.450000Z', '2024-04-17T07:34:27.440000Z')",S,KNDS,"(1.0, 0.8302405)"
"(2024000457, 4367)","('2024-04-17T07:34:28.170000Z', '2024-04-17T07:34:28.190000Z')",P,SKDS,"(1.0, 0.8859873)"
"(2024000457, 3530)","('2024-04-17T07:34:28.710000Z', '2024-04-17T07:34:28.670000Z')",P,CEY,"(1.0, 0.7849667)"
"(2024000457, 4024)","('2024-04-17T07:34:32.210000Z', '2024-04-17T07:34:32.060000Z')",P,JAVS,"(1.0, 0.67680633)"
"(2024000457, 4368)","('2024-04-17T07:34:32.380000Z', '2024-04-17T07:34:32.340000Z')",S,SKDS,"(1.0, 0.7165912)"
"(2024000457, 3531)","('2024-04-17T07:34:33.200000Z', '2024-04-17T07:34:33.250000Z')",S,CEY,"(1.0, 0.65699047)"
"(2024000457, 4503)","('2024-04-17T07:34:35.350000Z', '2024-04-17T07:34:35.010000Z')",P,VOJS,"(1.0, 0.84525156)"
"(2024000457, 4025)","('2024-04-17T07:34:39.920000Z', '2024-04-17T07:34:39.770000Z')",S,JAVS,"(1.0, 0.46347776)"
"(2024000457, 4504)","('2024-04-17T07:34:46.060000Z', '2024-04-17T07:34:46.060000Z')",S,VOJS,"(1.0, 0.634177)"
"(2024000458, 4118)","('2024-04-17T08:12:44.560000Z', '2024-04-17T08:12:44.580000Z')",P,KNDS,"(1.0, 0.8685567)"
"(2024000458, 4119)","('2024-04-17T08:12:46.500000Z', '2024-04-17T08:12:46.470000Z')",S,KNDS,"(1.0, 0.8239601)"
"(2024000458, 4369)","('2024-04-17T08:12:47.160000Z', '2024-04-17T08:12:47.190000Z')",P,SKDS,"(1.0, 0.88125896)"
"(2024000458, 3534)","('2024-04-17T08:12:47.600000Z', '2024-04-17T08:12:47.630000Z')",P,CEY,"(1.0, 0.76853913)"
"(2024000458, 1532)","('2024-04-17T08:12:50.070000Z', '2024-04-17T08:12:50.060000Z')",P,TRI,"(1.0, 0.8153567)"
"(2024000458, 1544)","('2024-04-17T08:12:50.230000Z', '2024-04-17T08:12:50.220000Z')",P,DST2,"(1.0, 0.660452)"
"(2024000458, 4026)","('2024-04-17T08:12:51.050000Z', '2024-04-17T08:12:51.000000Z')",P,JAVS,"(1.0, 0.65772706)"
"(2024000458, 3778)","('2024-04-17T08:12:51.280000Z', '2024-04-17T08:12:51.290000Z')",P,GBAS,"(1.0, 0.7616511)"
"(2024000458, 4370)","('2024-04-17T08:12:51.510000Z', '2024-04-17T08:12:51.620000Z')",S,SKDS,"(1.0, 0.6103629)"
"(2024000458, 3535)","('2024-04-17T08:12:52.310000Z', '2024-04-17T08:12:52.300000Z')",S,CEY,"(1.0, 0.6582616)"
"(2024000458, 4505)","('2024-04-17T08:12:54.210000Z', '2024-04-17T08:12:54.210000Z')",P,VOJS,"(1.0, 0.75595444)"
"(2024000458, 2253)","('2024-04-17T08:12:55.520000Z', '2024-04-17T08:12:55.440000Z')",P,SABO,"(1.0, 0.58240163)"
"(2024000458, 4477)","('2024-04-17T08:12:55.540000Z', '2024-04-17T08:12:55.290000Z')",P,VNDS,"(1.0, 0.5009054)"
"(2024000458, 1545)","('2024-04-17T08:12:57.480000Z', '2024-04-17T08:12:57.500000Z')",S,DST2,"(1.0, 0.3546128)"
"(2024000458, 1992)","('2024-04-17T08:12:58.000000Z', '2024-04-17T08:12:57.820000Z')",P,DRE,"(1.0, 0.49873772)"
"(2024000458, 3494)","('2024-04-17T08:12:58.080000Z', '2024-04-17T08:12:58.190000Z')",P,CADS,"(1.0, 0.6448492)"
"(2024000458, 4027)","('2024-04-17T08:12:58.500000Z', '2024-04-17T08:12:58.800000Z')",S,JAVS,"(1.0, 0.3440101)"
"(2024000458, 4251)","('2024-04-17T08:12:58.750000Z', '2024-04-17T08:12:58.500000Z')",P,MOZS,"(1.0, 0.36014423)"
"(2024000458, 3779)","('2024-04-17T08:12:58.780000Z', '2024-04-17T08:12:58.920000Z')",S,GBAS,"(1.0, 0.24382831)"
"(2024000458, 3993)","('2024-04-17T08:12:59.600000Z', '2024-04-17T08:12:59.250000Z')",P,GORS,"(1.0, 0.25123045)"
"(2024000458, 4506)","('2024-04-17T08:13:05.080000Z', '2024-04-17T08:13:05.070000Z')",S,VOJS,"(1.0, 0.5693597)"
"(2024000459, 1624)","('2024-04-17T09:47:30.130000Z', '2024-04-17T09:47:30.140000Z')",P,VINO,"(1.0, 0.8905504)"
"(2024000459, 1814)","('2024-04-17T09:47:30.360000Z', '2024-04-17T09:47:30.360000Z')",P,BAD,"(1.0, 0.8720051)"
"(2024000459, 1887)","('2024-04-17T09:47:30.890000Z', '2024-04-17T09:47:30.860000Z')",P,BOO,"(1.0, 0.80462885)"
"(2024000459, 1625)","('2024-04-17T09:47:31.390000Z', '2024-04-17T09:47:31.360000Z')",S,VINO,"(1.0, 0.85586643)"
"(2024000459, 1815)","('2024-04-17T09:47:31.850000Z', '2024-04-17T09:47:31.850000Z')",S,BAD,"(1.0, 0.6496394)"
"(2024000459, 4332)","('2024-04-17T09:47:32.110000Z', '2024-04-17T09:47:32.130000Z')",P,ROBS,"(1.0, 0.83750206)"
"(2024000459, 1888)","('2024-04-17T09:47:32.740000Z', '2024-04-17T09:47:32.720000Z')",S,BOO,"(1.0, 0.81255263)"
"(2024000459, 4333)","('2024-04-17T09:47:35.580000Z', '2024-04-17T09:47:35.280000Z')",S,ROBS,"(1.0, 0.30716687)"
"(2024000460, 4132)","('2024-04-17T10:10:40.840000Z', '2024-04-17T10:10:40.830000Z')",P,KNDS,"(1.0, 0.88197815)"
"(2024000460, 4133)","('2024-04-17T10:10:42.730000Z', '2024-04-17T10:10:42.710000Z')",S,KNDS,"(1.0, 0.8307538)"
"(2024000460, 4374)","('2024-04-17T10:10:43.450000Z', '2024-04-17T10:10:43.440000Z')",P,SKDS,"(1.0, 0.8763337)"
"(2024000460, 3558)","('2024-04-17T10:10:43.930000Z', '2024-04-17T10:10:43.930000Z')",P,CEY,"(1.0, 0.78606737)"
"(2024000460, 4036)","('2024-04-17T10:10:47.260000Z', '2024-04-17T10:10:47.360000Z')",P,JAVS,"(1.0, 0.56884074)"
"(2024000460, 4375)","('2024-04-17T10:10:47.720000Z', '2024-04-17T10:10:47.660000Z')",S,SKDS,"(1.0, 0.6588165)"
"(2024000460, 3559)","('2024-04-17T10:10:48.540000Z', '2024-04-17T10:10:48.530000Z')",S,CEY,"(1.0, 0.6844676)"
"(2024000460, 4037)","('2024-04-17T10:10:54.930000Z', '2024-04-17T10:10:55.130000Z')",S,JAVS,"(1.0, 0.4831838)"
"(2024000461, 4134)","('2024-04-17T10:13:46.590000Z', '2024-04-17T10:13:46.570000Z')",P,KNDS,"(1.0, 0.86226445)"
"(2024000461, 4135)","('2024-04-17T10:13:48.440000Z', '2024-04-17T10:13:48.470000Z')",S,KNDS,"(1.0, 0.8361588)"
"(2024000461, 4376)","('2024-04-17T10:13:49.200000Z', '2024-04-17T10:13:49.170000Z')",P,SKDS,"(1.0, 0.6357467)"
"(2024000461, 4377)","('2024-04-17T10:13:53.270000Z', '2024-04-17T10:13:53.380000Z')",S,SKDS,"(1.0, 0.6528442)"
"(2024000461, 4039)","('2024-04-17T10:14:00.980000Z', '2024-04-17T10:14:01.110000Z')",S,JAVS,"(1.0, 0.10837211)"
"(2024000462, 4185)","('2024-04-17T19:03:42.490000Z', '2024-04-17T19:03:42.510000Z')",P,KNDS,"(1.0, 0.8444981)"
"(2024000462, 4186)","('2024-04-17T19:03:44.400000Z', '2024-04-17T19:03:44.360000Z')",S,KNDS,"(1.0, 0.84419525)"
"(2024000462, 4397)","('2024-04-17T19:03:45.130000Z', '2024-04-17T19:03:45.120000Z')",P,SKDS,"(1.0, 0.85666215)"
"(2024000462, 3607)","('2024-04-17T19:03:45.530000Z', '2024-04-17T19:03:45.550000Z')",P,CEY,"(1.0, 0.7665429)"
"(2024000462, 1534)","('2024-04-17T19:03:47.940000Z', '2024-04-17T19:03:47.950000Z')",P,TRI,"(1.0, 0.8239295)"
"(2024000462, 1546)","('2024-04-17T19:03:48.160000Z', '2024-04-17T19:03:48.200000Z')",P,DST2,"(1.0, 0.7587585)"
"(2024000462, 4049)","('2024-04-17T19:03:48.910000Z', '2024-04-17T19:03:48.940000Z')",P,JAVS,"(1.0, 0.7112645)"
"(2024000462, 3794)","('2024-04-17T19:03:49.180000Z', '2024-04-17T19:03:49.220000Z')",P,GBAS,"(1.0, 0.7516276)"
"(2024000462, 4398)","('2024-04-17T19:03:49.320000Z', '2024-04-17T19:03:49.290000Z')",S,SKDS,"(1.0, 0.72058475)"
"(2024000462, 3608)","('2024-04-17T19:03:50.240000Z', '2024-04-17T19:03:50.190000Z')",S,CEY,"(1.0, 0.7029032)"
"(2024000462, 4241)","('2024-04-17T19:03:51.800000Z', '2024-04-17T19:03:51.700000Z')",P,LJU,"(1.0, 0.51123106)"
"(2024000462, 4520)","('2024-04-17T19:03:52.090000Z', '2024-04-17T19:03:52.120000Z')",P,VOJS,"(1.0, 0.71374947)"
"(2024000462, 2257)","('2024-04-17T19:03:53.420000Z', '2024-04-17T19:03:53.390000Z')",P,SABO,"(1.0, 0.72485155)"
"(2024000462, 4489)","('2024-04-17T19:03:53.420000Z', '2024-04-17T19:03:53.400000Z')",P,VNDS,"(1.0, 0.59403104)"
"(2024000462, 1547)","('2024-04-17T19:03:55.350000Z', '2024-04-17T19:03:55.370000Z')",S,DST2,"(1.0, 0.58567417)"
"(2024000462, 1535)","('2024-04-17T19:03:55.700000Z', '2024-04-17T19:03:55.780000Z')",S,TRI,"(1.0, 0.6323568)"
"(2024000462, 1997)","('2024-04-17T19:03:55.770000Z', '2024-04-17T19:03:55.700000Z')",P,DRE,"(1.0, 0.4795416)"
"(2024000462, 3499)","('2024-04-17T19:03:56.040000Z', '2024-04-17T19:03:55.960000Z')",P,CADS,"(1.0, 0.5949913)"
"(2024000462, 4260)","('2024-04-17T19:03:56.580000Z', '2024-04-17T19:03:56.550000Z')",P,MOZS,"(1.0, 0.4628368)"
"(2024000462, 3795)","('2024-04-17T19:03:56.680000Z', '2024-04-17T19:03:56.660000Z')",S,GBAS,"(1.0, 0.3168241)"
"(2024000462, 4050)","('2024-04-17T19:03:56.750000Z', '2024-04-17T19:03:56.750000Z')",S,JAVS,"(1.0, 0.44841477)"
"(2024000462, 3997)","('2024-04-17T19:03:57.200000Z', '2024-04-17T19:03:57.130000Z')",P,GORS,"(1.0, 0.26267686)"
"(2024000462, 1957)","('2024-04-17T19:03:57.480000Z', '2024-04-17T19:03:57.450000Z')",P,COLI,"(1.0, 0.62157416)"
"(2024000463, 4193)","('2024-04-17T19:17:26.120000Z', '2024-04-17T19:17:26.110000Z')",P,KNDS,"(1.0, 0.882537)"
"(2024000463, 4194)","('2024-04-17T19:17:27.980000Z', '2024-04-17T19:17:27.970000Z')",S,KNDS,"(1.0, 0.8248176)"
"(2024000463, 4399)","('2024-04-17T19:17:28.720000Z', '2024-04-17T19:17:28.750000Z')",P,SKDS,"(1.0, 0.8866149)"
"(2024000463, 3797)","('2024-04-17T19:17:32.670000Z', '2024-04-17T19:17:32.680000Z')",P,GBAS,"(1.0, 0.29498085)"
"(2024000463, 4400)","('2024-04-17T19:17:32.930000Z', '2024-04-17T19:17:32.930000Z')",S,SKDS,"(1.0, 0.8418332)"
"(2024000463, 3798)","('2024-04-17T19:17:40.100000Z', '2024-04-17T19:17:40.480000Z')",S,GBAS,"(1.0, 0.4227209)"
"(2024000463, 4052)","('2024-04-17T19:17:40.600000Z', '2024-04-17T19:17:40.540000Z')",S,JAVS,"(1.0, 0.48127672)"
"(2024000464, 1928)","('2024-04-17T20:02:57.120000Z', '2024-04-17T20:02:57.120000Z')",P,CIMO,"(1.0, 0.9164836)"
"(2024000464, 1979)","('2024-04-17T20:02:57.930000Z', '2024-04-17T20:02:57.880000Z')",P,CSO,"(1.0, 0.8705015)"
"(2024000464, 1929)","('2024-04-17T20:02:57.960000Z', '2024-04-17T20:02:57.980000Z')",S,CIMO,"(1.0, 0.8841592)"
"(2024000464, 1980)","('2024-04-17T20:02:59.340000Z', '2024-04-17T20:02:59.350000Z')",S,CSO,"(1.0, 0.8738819)"
"(2024000464, 1477)","('2024-04-17T20:02:59.720000Z', '2024-04-17T20:02:59.820000Z')",P,STAL,"(1.0, 0.1383294)"
"(2024000465, 4224)","('2024-04-17T23:27:24.590000Z', '2024-04-17T23:27:24.580000Z')",P,KNDS,"(1.0, 0.8787925)"
"(2024000465, 4225)","('2024-04-17T23:27:26.430000Z', '2024-04-17T23:27:26.400000Z')",S,KNDS,"(1.0, 0.83291286)"
"(2024000465, 4408)","('2024-04-17T23:27:27.190000Z', '2024-04-17T23:27:27.180000Z')",P,SKDS,"(1.0, 0.85406303)"
"(2024000465, 4055)","('2024-04-17T23:27:31.210000Z', '2024-04-17T23:27:31.120000Z')",P,JAVS,"(1.0, 0.55173236)"
"(2024000465, 4409)","('2024-04-17T23:27:31.360000Z', '2024-04-17T23:27:31.350000Z')",S,SKDS,"(1.0, 0.7857885)"
"(2024000465, 4056)","('2024-04-17T23:27:38.790000Z', '2024-04-17T23:27:38.870000Z')",S,JAVS,"(1.0, 0.40418392)"
"(2024000466, 3705)","('2024-04-18T00:37:30.360000Z', '2024-04-18T00:37:30.370000Z')",P,KNDS,"(1.0, 0.8515878)"
"(2024000466, 3706)","('2024-04-18T00:37:32.250000Z', '2024-04-18T00:37:32.250000Z')",S,KNDS,"(1.0, 0.84962976)"
"(2024000466, 3845)","('2024-04-18T00:37:32.960000Z', '2024-04-18T00:37:32.970000Z')",P,SKDS,"(1.0, 0.8536343)"
"(2024000466, 3360)","('2024-04-18T00:37:33.420000Z', '2024-04-18T00:37:33.400000Z')",P,CEY,"(1.0, 0.8285576)"
"(2024000466, 1616)","('2024-04-18T00:37:35.830000Z', '2024-04-18T00:37:35.980000Z')",P,TRI,"(1.0, 0.8287227)"
"(2024000466, 1620)","('2024-04-18T00:37:36.080000Z', '2024-04-18T00:37:36.000000Z')",P,DST2,"(1.0, 0.9191453)"
"(2024000466, 3672)","('2024-04-18T00:37:36.770000Z', '2024-04-18T00:37:37.000000Z')",P,JAVS,"(1.0, 0.87846303)"
"(2024000466, 3846)","('2024-04-18T00:37:37.060000Z', '2024-04-18T00:37:37.110000Z')",S,SKDS,"(1.0, 0.77137226)"
"(2024000466, 3586)","('2024-04-18T00:37:37.070000Z', '2024-04-18T00:37:37.000000Z')",P,GBAS,"(1.0, 0.9282099)"
"(2024000466, 3361)","('2024-04-18T00:37:38.050000Z', '2024-04-18T00:37:38.040000Z')",S,CEY,"(1.0, 0.6340211)"
"(2024000466, 3918)","('2024-04-18T00:37:39.980000Z', '2024-04-18T00:37:40.000000Z')",P,VOJS,"(1.0, 0.9091425)"
"(2024000466, 2084)","('2024-04-18T00:37:41.310000Z', '2024-04-18T00:37:41.220000Z')",P,SABO,"(1.0, 0.6323363)"
"(2024000466, 1621)","('2024-04-18T00:37:43.280000Z', '2024-04-18T00:37:43.240000Z')",S,DST2,"(1.0, 0.65528125)"
"(2024000466, 3772)","('2024-04-18T00:37:44.500000Z', '2024-04-18T00:37:44.410000Z')",P,MOZS,"(1.0, 0.64332086)"
"(2024000466, 3587)","('2024-04-18T00:37:44.570000Z', '2024-04-18T00:37:44.400000Z')",S,GBAS,"(1.0, 0.32390976)"
"(2024000466, 3673)","('2024-04-18T00:37:44.570000Z', '2024-04-18T00:37:44.610000Z')",S,JAVS,"(1.0, 0.30094352)"
"(2024000466, 1777)","('2024-04-18T00:37:50.020000Z', '2024-04-18T00:37:49.750000Z')",P,BAD,"(1.0, 0.18606833)"
"(2024000466, 3919)","('2024-04-18T00:37:50.860000Z', '2024-04-18T00:37:50.850000Z')",S,VOJS,"(1.0, 0.6544168)"
"(2024000466, 2085)","('2024-04-18T00:37:53.360000Z', '2024-04-18T00:37:53.410000Z')",S,SABO,"(1.0, 0.5752608)"
"(2024000467, 3765)","('2024-04-18T02:40:27.440000Z', '2024-04-18T02:40:27.470000Z')",P,LJU,"(1.0, 0.8519912)"
"(2024000467, 3590)","('2024-04-18T02:40:28.090000Z', '2024-04-18T02:40:28.130000Z')",P,GBAS,"(1.0, 0.86537504)"
"(2024000467, 3774)","('2024-04-18T02:40:28.420000Z', '2024-04-18T02:40:28.460000Z')",P,MOZS,"(1.0, 0.80346644)"
"(2024000467, 3766)","('2024-04-18T02:40:29.860000Z', '2024-04-18T02:40:29.830000Z')",S,LJU,"(1.0, 0.84332234)"
"(2024000467, 3676)","('2024-04-18T02:40:30.020000Z', '2024-04-18T02:40:30.160000Z')",P,JAVS,"(1.0, 0.3425298)"
"(2024000467, 3666)","('2024-04-18T02:40:30.260000Z', '2024-04-18T02:40:30.280000Z')",P,GORS,"(1.0, 0.8021029)"
"(2024000467, 3920)","('2024-04-18T02:40:30.700000Z', '2024-04-18T02:40:30.740000Z')",P,VOJS,"(1.0, 0.8030481)"
"(2024000467, 3591)","('2024-04-18T02:40:31.120000Z', '2024-04-18T02:40:31.150000Z')",S,GBAS,"(1.0, 0.8259728)"
"(2024000467, 3370)","('2024-04-18T02:40:32.270000Z', '2024-04-18T02:40:32.290000Z')",P,CEY,"(1.0, 0.6715889)"
"(2024000467, 3921)","('2024-04-18T02:40:36.020000Z', '2024-04-18T02:40:35.970000Z')",S,VOJS,"(1.0, 0.6972152)"
"(2024000467, 3371)","('2024-04-18T02:40:37.690000Z', '2024-04-18T02:40:37.470000Z')",S,CEY,"(1.0, 0.5301962)"
"(2024000468, 1951)","('2024-04-18T06:12:06.210000Z', '2024-04-18T06:12:06.190000Z')",P,CSO,"(1.0, 0.88791925)"
"(2024000468, 1758)","('2024-04-18T06:12:06.360000Z', '2024-04-18T06:12:06.340000Z')",P,APGO,"(1.0, 0.8706702)"
"(2024000468, 1747)","('2024-04-18T06:12:06.360000Z', '2024-04-18T06:12:06.390000Z')",P,AGOR,"(1.0, 0.8533121)"
"(2024000468, 2106)","('2024-04-18T06:12:07.320000Z', '2024-04-18T06:12:07.300000Z')",P,VARN,"(1.0, 0.84390634)"
"(2024000468, 1873)","('2024-04-18T06:12:07.460000Z', '2024-04-18T06:12:07.450000Z')",P,CIMO,"(1.0, 0.8417953)"
"(2024000468, 1952)","('2024-04-18T06:12:08.180000Z', '2024-04-18T06:12:08.270000Z')",S,CSO,"(1.0, 0.8170367)"
"(2024000468, 1853)","('2024-04-18T06:12:08.360000Z', '2024-04-18T06:12:08.040000Z')",P,CAE,"(1.0, 0.24244061)"
"(2024000468, 1759)","('2024-04-18T06:12:08.640000Z', '2024-04-18T06:12:08.630000Z')",S,APGO,"(1.0, 0.7350643)"
"(2024000468, 1748)","('2024-04-18T06:12:08.640000Z', '2024-04-18T06:12:08.710000Z')",S,AGOR,"(1.0, 0.31376508)"
"(2024000468, 2041)","('2024-04-18T06:12:08.870000Z', '2024-04-18T06:12:08.990000Z')",P,MLN,"(1.0, 0.8382498)"
"(2024000468, 2107)","('2024-04-18T06:12:10.380000Z', '2024-04-18T06:12:10.350000Z')",S,VARN,"(1.0, 0.62872577)"
"(2024000468, 1874)","('2024-04-18T06:12:10.640000Z', '2024-04-18T06:12:10.600000Z')",S,CIMO,"(1.0, 0.7494716)"
"(2024000468, 1854)","('2024-04-18T06:12:12.470000Z', '2024-04-18T06:12:12.640000Z')",S,CAE,"(1.0, 0.38625255)"
"(2024000468, 2042)","('2024-04-18T06:12:13.430000Z', '2024-04-18T06:12:13.330000Z')",S,MLN,"(1.0, 0.5808904)"
"(2024000469, 1982)","('2024-04-18T08:45:28.380000Z', '2024-04-18T08:45:28.400000Z')",P,GARG,"(1.0, 0.7581247)"
"(2024000469, 1269)","('2024-04-18T08:45:28.440000Z', '2024-04-18T08:45:28.450000Z')",P,MAGA,"(1.0, 0.8232438)"
"(2024000469, 1986)","('2024-04-18T08:45:28.970000Z', '2024-04-18T08:45:28.960000Z')",P,GAVI,"(1.0, 0.8580369)"
"(2024000469, 3980)","('2024-04-18T08:45:30.970000Z', '2024-04-18T08:45:31.000000Z')",P,RONC,"(1.0, 0.8399839)"
"(2024000469, 1265)","('2024-04-18T08:45:31.360000Z', '2024-04-18T08:45:31.310000Z')",P,MABI,"(1.0, 0.8641854)"
"(2024000469, 3336)","('2024-04-18T08:45:33.290000Z', '2024-04-18T08:45:33.390000Z')",P,LUSI,"(1.0, 0.5595958)"
"(2024000469, 1270)","('2024-04-18T08:45:33.420000Z', '2024-04-18T08:45:33.440000Z')",S,MAGA,"(1.0, 0.56429935)"
"(2024000469, 1987)","('2024-04-18T08:45:33.650000Z', '2024-04-18T08:45:33.610000Z')",S,GAVI,"(1.0, 0.7002191)"
"(2024000469, 1983)","('2024-04-18T08:45:33.690000Z', '2024-04-18T08:45:33.660000Z')",S,GARG,"(1.0, 0.35835913)"
"(2024000469, 3981)","('2024-04-18T08:45:37.300000Z', '2024-04-18T08:45:37.330000Z')",S,RONC,"(1.0, 0.48406234)"
"(2024000469, 3337)","('2024-04-18T08:45:42.800000Z', '2024-04-18T08:45:43.050000Z')",S,LUSI,"(1.0, 0.41839793)"
"(2024000470, 3947)","('2024-04-18T10:19:55.190000Z', '2024-04-18T10:19:55.210000Z')",P,DOSS,"(1.0, 0.6975588)"
"(2024000470, 3973)","('2024-04-18T10:19:56.670000Z', '2024-04-18T10:19:56.590000Z')",P,PANI,"(1.0, 0.68743426)"
"(2024000470, 3948)","('2024-04-18T10:19:57.300000Z', '2024-04-18T10:19:57.550000Z')",S,DOSS,"(1.0, 0.6676859)"
"(2024000470, 1228)","('2024-04-18T10:19:58.350000Z', '2024-04-18T10:19:58.340000Z')",P,CTI,"(1.0, 0.13063025)"
"(2024000470, 3339)","('2024-04-18T10:19:58.700000Z', '2024-04-18T10:19:58.810000Z')",P,LUSI,"(1.0, 0.21526659)"
"(2024000470, 3974)","('2024-04-18T10:19:59.340000Z', '2024-04-18T10:19:59.370000Z')",S,PANI,"(1.0, 0.57587504)"
"(2024000470, 1229)","('2024-04-18T10:20:02.200000Z', '2024-04-18T10:20:02.290000Z')",S,CTI,"(1.0, 0.11327422)"
"(2024000470, 3340)","('2024-04-18T10:20:03.580000Z', '2024-04-18T10:20:03.790000Z')",S,LUSI,"(1.0, 0.28227392)"
"(2024000471, 3749)","('2024-04-18T19:14:05.360000Z', '2024-04-18T19:14:05.390000Z')",P,KNDS,"(1.0, 0.6802732)"
"(2024000471, 3750)","('2024-04-18T19:14:07.040000Z', '2024-04-18T19:14:07.050000Z')",S,KNDS,"(1.0, 0.8259593)"
"(2024000471, 3546)","('2024-04-18T19:14:07.790000Z', '2024-04-18T19:14:07.570000Z')",P,CEY,"(1.0, 0.40553406)"
"(2024000471, 3860)","('2024-04-18T19:14:08.770000Z', '2024-04-18T19:14:08.740000Z')",P,SKDS,"(1.0, 0.84222746)"
"(2024000471, 3599)","('2024-04-18T19:14:10.900000Z', '2024-04-18T19:14:10.880000Z')",P,GBAS,"(1.0, 0.7989002)"
"(2024000471, 3861)","('2024-04-18T19:14:13.600000Z', '2024-04-18T19:14:13.590000Z')",S,SKDS,"(1.0, 0.6641896)"
"(2024000471, 3600)","('2024-04-18T19:14:16.830000Z', '2024-04-18T19:14:16.800000Z')",S,GBAS,"(1.0, 0.57487863)"
"(2024000472, 3752)","('2024-04-18T19:38:59.040000Z', '2024-04-18T19:38:59.060000Z')",P,KNDS,"(1.0, 0.8413374)"
"(2024000472, 3753)","('2024-04-18T19:39:00.730000Z', '2024-04-18T19:39:00.730000Z')",S,KNDS,"(1.0, 0.8564243)"
"(2024000472, 3554)","('2024-04-18T19:39:01.080000Z', '2024-04-18T19:39:01.120000Z')",P,CEY,"(1.0, 0.6060884)"
"(2024000472, 3862)","('2024-04-18T19:39:02.430000Z', '2024-04-18T19:39:02.420000Z')",P,SKDS,"(1.0, 0.8710535)"
"(2024000472, 3601)","('2024-04-18T19:39:04.520000Z', '2024-04-18T19:39:04.500000Z')",P,GBAS,"(1.0, 0.81175804)"
"(2024000472, 3695)","('2024-04-18T19:39:04.940000Z', '2024-04-18T19:39:05.000000Z')",P,JAVS,"(1.0, 0.89567596)"
"(2024000472, 3863)","('2024-04-18T19:39:07.250000Z', '2024-04-18T19:39:07.240000Z')",S,SKDS,"(1.0, 0.71959716)"
"(2024000472, 3602)","('2024-04-18T19:39:10.540000Z', '2024-04-18T19:39:10.560000Z')",S,GBAS,"(1.0, 0.6678806)"
"(2024000472, 3696)","('2024-04-18T19:39:11.880000Z', '2024-04-18T19:39:11.820000Z')",S,JAVS,"(1.0, 0.62277275)"
"(2024000473, 3754)","('2024-04-18T20:30:10.560000Z', '2024-04-18T20:30:10.570000Z')",P,KNDS,"(1.0, 0.8326595)"
"(2024000473, 3755)","('2024-04-18T20:30:12.250000Z', '2024-04-18T20:30:12.250000Z')",S,KNDS,"(1.0, 0.8372674)"
"(2024000473, 3558)","('2024-04-18T20:30:12.510000Z', '2024-04-18T20:30:12.510000Z')",P,CEY,"(1.0, 0.75604665)"
"(2024000473, 3864)","('2024-04-18T20:30:13.940000Z', '2024-04-18T20:30:13.930000Z')",P,SKDS,"(1.0, 0.8611118)"
"(2024000473, 3603)","('2024-04-18T20:30:16.020000Z', '2024-04-18T20:30:15.980000Z')",P,GBAS,"(1.0, 0.8796385)"
"(2024000473, 3559)","('2024-04-18T20:30:16.320000Z', '2024-04-18T20:30:16.310000Z')",S,CEY,"(1.0, 0.50476503)"
"(2024000473, 3697)","('2024-04-18T20:30:16.520000Z', '2024-04-18T20:30:16.380000Z')",P,JAVS,"(1.0, 0.7162291)"
"(2024000473, 1625)","('2024-04-18T20:30:16.750000Z', '2024-04-18T20:30:16.720000Z')",P,DST2,"(1.0, 0.85247386)"
"(2024000473, 3865)","('2024-04-18T20:30:18.830000Z', '2024-04-18T20:30:18.770000Z')",S,SKDS,"(1.0, 0.6684503)"
"(2024000473, 2087)","('2024-04-18T20:30:21.480000Z', '2024-04-18T20:30:21.430000Z')",P,SABO,"(1.0, 0.662066)"
"(2024000473, 3604)","('2024-04-18T20:30:22.050000Z', '2024-04-18T20:30:22.030000Z')",S,GBAS,"(1.0, 0.6593832)"
"(2024000473, 3698)","('2024-04-18T20:30:23.350000Z', '2024-04-18T20:30:23.310000Z')",S,JAVS,"(1.0, 0.59815997)"
"(2024000473, 1626)","('2024-04-18T20:30:24.190000Z', '2024-04-18T20:30:24.270000Z')",S,DST2,"(1.0, 0.60063934)"
"(2024000473, 3668)","('2024-04-18T20:30:24.450000Z', '2024-04-18T20:30:24.250000Z')",P,GORS,"(1.0, 0.29334673)"
"(2024000473, 2088)","('2024-04-18T20:30:32.350000Z', '2024-04-18T20:30:32.370000Z')",S,SABO,"(1.0, 0.35552564)"
"(2024000473, 3669)","('2024-04-18T20:30:36.350000Z', '2024-04-18T20:30:36.360000Z')",S,GORS,"(1.0, 0.40694958)"
"(2024000474, 1677)","('2024-04-18T20:52:11.090000Z', '2024-04-18T20:52:11.100000Z')",P,VINO,"(1.0, 0.8939356)"
"(2024000474, 1783)","('2024-04-18T20:52:11.280000Z', '2024-04-18T20:52:11.280000Z')",P,BAD,"(1.0, 0.85036963)"
"(2024000474, 1678)","('2024-04-18T20:52:12.340000Z', '2024-04-18T20:52:12.330000Z')",S,VINO,"(1.0, 0.8665681)"
"(2024000474, 1784)","('2024-04-18T20:52:12.760000Z', '2024-04-18T20:52:12.830000Z')",S,BAD,"(1.0, 0.78812724)"
"(2024000474, 3840)","('2024-04-18T20:52:13.140000Z', '2024-04-18T20:52:13.100000Z')",P,ROBS,"(1.0, 0.8088996)"
"(2024000474, 3841)","('2024-04-18T20:52:16.160000Z', '2024-04-18T20:52:16.130000Z')",S,ROBS,"(1.0, 0.38543752)"
"(2024000475, 1715)","('2024-04-18T23:04:56.180000Z', '2024-04-18T23:04:56.200000Z')",P,MYKA,"(1.0, 0.8775265)"
"(2024000475, 3670)","('2024-04-18T23:04:56.790000Z', '2024-04-18T23:04:56.720000Z')",P,GORS,"(1.0, 0.49488375)"
"(2024000475, 2081)","('2024-04-18T23:04:58.310000Z', '2024-04-18T23:04:58.230000Z')",S,PRED,"(1.0, 0.3983101)"
"(2024000475, 1716)","('2024-04-18T23:04:58.930000Z', '2024-04-18T23:04:58.900000Z')",S,MYKA,"(1.0, 0.79771465)"
"(2024000475, 3671)","('2024-04-18T23:05:00.360000Z', '2024-04-18T23:05:00.400000Z')",S,GORS,"(1.0, 0.31836587)"
"(2024000476, 2213)","('2024-04-19T09:19:04.250000Z', '2024-04-19T09:19:04.200000Z')",P,PRED,"(1.0, 0.6403704)"
"(2024000476, 3645)","('2024-04-19T09:19:04.410000Z', '2024-04-19T09:19:04.420000Z')",P,CADS,"(1.0, 0.8270213)"
"(2024000476, 4125)","('2024-04-19T09:19:04.870000Z', '2024-04-19T09:19:05.050000Z')",P,GORS,"(1.0, 0.6884473)"
"(2024000476, 2122)","('2024-04-19T09:19:05.440000Z', '2024-04-19T09:19:05.060000Z')",P,LSR,"(1.0, 0.4465732)"
"(2024000476, 4360)","('2024-04-19T09:19:05.640000Z', '2024-04-19T09:19:05.640000Z')",P,ROBS,"(1.0, 0.45885545)"
"(2024000476, 2069)","('2024-04-19T09:19:05.700000Z', '2024-04-19T09:19:05.960000Z')",P,DRE,"(1.0, 0.5612409)"
"(2024000476, 2214)","('2024-04-19T09:19:06.610000Z', '2024-04-19T09:19:06.610000Z')",S,PRED,"(1.0, 0.7700508)"
"(2024000476, 3646)","('2024-04-19T09:19:07.050000Z', '2024-04-19T09:19:07.080000Z')",S,CADS,"(1.0, 0.6896285)"
"(2024000476, 4126)","('2024-04-19T09:19:07.930000Z', '2024-04-19T09:19:07.990000Z')",S,GORS,"(1.0, 0.64604825)"
"(2024000476, 2123)","('2024-04-19T09:19:08.840000Z', '2024-04-19T09:19:08.750000Z')",S,LSR,"(1.0, 0.5799955)"
"(2024000476, 2070)","('2024-04-19T09:19:09.440000Z', '2024-04-19T09:19:09.400000Z')",S,DRE,"(1.0, 0.46104997)"
"(2024000476, 4361)","('2024-04-19T09:19:09.640000Z', '2024-04-19T09:19:09.640000Z')",S,ROBS,"(1.0, 0.37077788)"
"(2024000477, 4217)","('2024-04-19T09:42:48.950000Z', '2024-04-19T09:42:48.960000Z')",P,KNDS,"(1.0, 0.87924856)"
"(2024000477, 4218)","('2024-04-19T09:42:50.780000Z', '2024-04-19T09:42:50.770000Z')",S,KNDS,"(1.0, 0.8333348)"
"(2024000477, 4392)","('2024-04-19T09:42:51.570000Z', '2024-04-19T09:42:51.560000Z')",P,SKDS,"(1.0, 0.8392824)"
"(2024000477, 3767)","('2024-04-19T09:42:52.030000Z', '2024-04-19T09:42:52.040000Z')",P,CEY,"(1.0, 0.7879026)"
"(2024000477, 4026)","('2024-04-19T09:42:55.370000Z', '2024-04-19T09:42:55.580000Z')",P,GBAS,"(1.0, 0.28671098)"
"(2024000477, 4155)","('2024-04-19T09:42:55.410000Z', '2024-04-19T09:42:55.350000Z')",P,JAVS,"(1.0, 0.6126741)"
"(2024000477, 4393)","('2024-04-19T09:42:55.670000Z', '2024-04-19T09:42:55.700000Z')",S,SKDS,"(1.0, 0.7443505)"
"(2024000477, 3768)","('2024-04-19T09:42:56.560000Z', '2024-04-19T09:42:56.630000Z')",S,CEY,"(1.0, 0.7858584)"
"(2024000477, 4027)","('2024-04-19T09:43:03.050000Z', '2024-04-19T09:43:03.220000Z')",S,GBAS,"(1.0, 0.3034406)"
"(2024000477, 4156)","('2024-04-19T09:43:03.150000Z', '2024-04-19T09:43:03.240000Z')",S,JAVS,"(1.0, 0.30697802)"
"(2024000478, 4223)","('2024-04-19T09:52:22.040000Z', '2024-04-19T09:52:22.050000Z')",P,KNDS,"(1.0, 0.8525566)"
"(2024000478, 4224)","('2024-04-19T09:52:23.860000Z', '2024-04-19T09:52:23.880000Z')",S,KNDS,"(1.0, 0.81989634)"
"(2024000478, 4402)","('2024-04-19T09:52:24.680000Z', '2024-04-19T09:52:24.660000Z')",P,SKDS,"(1.0, 0.86006397)"
"(2024000478, 3773)","('2024-04-19T09:52:25.120000Z', '2024-04-19T09:52:25.070000Z')",P,CEY,"(1.0, 0.7684711)"
"(2024000478, 1745)","('2024-04-19T09:52:27.780000Z', '2024-04-19T09:52:27.780000Z')",P,DST2,"(1.0, 0.7378831)"
"(2024000478, 4159)","('2024-04-19T09:52:28.460000Z', '2024-04-19T09:52:28.450000Z')",P,JAVS,"(1.0, 0.68797576)"
"(2024000478, 4403)","('2024-04-19T09:52:28.810000Z', '2024-04-19T09:52:28.810000Z')",S,SKDS,"(1.0, 0.7473358)"
"(2024000478, 4028)","('2024-04-19T09:52:28.900000Z', '2024-04-19T09:52:28.730000Z')",P,GBAS,"(1.0, 0.6077525)"
"(2024000478, 3774)","('2024-04-19T09:52:29.770000Z', '2024-04-19T09:52:29.740000Z')",S,CEY,"(1.0, 0.6987059)"
"(2024000478, 4275)","('2024-04-19T09:52:31.090000Z', '2024-04-19T09:52:31.330000Z')",P,LJU,"(1.0, 0.36131656)"
"(2024000478, 4501)","('2024-04-19T09:52:31.800000Z', '2024-04-19T09:52:31.740000Z')",P,VOJS,"(1.0, 0.6980187)"
"(2024000478, 2235)","('2024-04-19T09:52:33.090000Z', '2024-04-19T09:52:32.940000Z')",P,SABO,"(1.0, 0.5794514)"
"(2024000478, 1746)","('2024-04-19T09:52:34.890000Z', '2024-04-19T09:52:34.910000Z')",S,DST2,"(1.0, 0.66017586)"
"(2024000478, 4029)","('2024-04-19T09:52:36.200000Z', '2024-04-19T09:52:36.170000Z')",S,GBAS,"(1.0, 0.4023897)"
"(2024000478, 4160)","('2024-04-19T09:52:36.230000Z', '2024-04-19T09:52:36.280000Z')",S,JAVS,"(1.0, 0.41285065)"
"(2024000478, 4276)","('2024-04-19T09:52:40.180000Z', '2024-04-19T09:52:40.460000Z')",S,LJU,"(1.0, 0.46773618)"
"(2024000478, 4502)","('2024-04-19T09:52:42.380000Z', '2024-04-19T09:52:42.580000Z')",S,VOJS,"(1.0, 0.55083877)"
"(2024000478, 2236)","('2024-04-19T09:52:44.860000Z', '2024-04-19T09:52:44.630000Z')",S,SABO,"(1.0, 0.22045302)"
"(2024000479, 2224)","('2024-04-19T21:01:10.500000Z', '2024-04-19T21:01:10.350000Z')",P,PRED,"(1.0, 0.7489266)"
"(2024000479, 3666)","('2024-04-19T21:01:10.580000Z', '2024-04-19T21:01:10.570000Z')",P,CADS,"(1.0, 0.75105786)"
"(2024000479, 4136)","('2024-04-19T21:01:11.130000Z', '2024-04-19T21:01:11.150000Z')",P,GORS,"(1.0, 0.7734265)"
"(2024000479, 4381)","('2024-04-19T21:01:11.740000Z', '2024-04-19T21:01:11.730000Z')",P,ROBS,"(1.0, 0.80217385)"
"(2024000479, 2081)","('2024-04-19T21:01:11.890000Z', '2024-04-19T21:01:11.870000Z')",P,DRE,"(1.0, 0.84209114)"
"(2024000479, 1843)","('2024-04-19T21:01:12.430000Z', '2024-04-19T21:01:12.380000Z')",P,ACOM,"(1.0, 0.15362039)"
"(2024000479, 1823)","('2024-04-19T21:01:12.800000Z', '2024-04-19T21:01:12.860000Z')",P,MYKA,"(1.0, 0.66076535)"
"(2024000479, 2225)","('2024-04-19T21:01:12.870000Z', '2024-04-19T21:01:12.790000Z')",S,PRED,"(1.0, 0.68602896)"
"(2024000479, 1460)","('2024-04-19T21:01:12.990000Z', '2024-04-19T21:01:13.080000Z')",P,PTCC,"(1.0, 0.74001974)"
"(2024000479, 3667)","('2024-04-19T21:01:13.290000Z', '2024-04-19T21:01:13.270000Z')",S,CADS,"(1.0, 0.71906734)"
"(2024000479, 1800)","('2024-04-19T21:01:14.150000Z', '2024-04-19T21:01:14.120000Z')",P,VINO,"(1.0, 0.83010024)"
"(2024000479, 4137)","('2024-04-19T21:01:14.210000Z', '2024-04-19T21:01:14.180000Z')",S,GORS,"(1.0, 0.66766286)"
"(2024000479, 4513)","('2024-04-19T21:01:14.500000Z', '2024-04-19T21:01:14.490000Z')",P,VOJS,"(1.0, 0.59971327)"
"(2024000479, 1880)","('2024-04-19T21:01:14.860000Z', '2024-04-19T21:01:14.670000Z')",P,BAD,"(1.0, 0.38435882)"
"(2024000479, 2082)","('2024-04-19T21:01:15.620000Z', '2024-04-19T21:01:15.560000Z')",S,DRE,"(1.0, 0.5565662)"
"(2024000479, 4382)","('2024-04-19T21:01:15.700000Z', '2024-04-19T21:01:15.770000Z')",S,ROBS,"(1.0, 0.4191876)"
"(2024000479, 1824)","('2024-04-19T21:01:16.910000Z', '2024-04-19T21:01:16.930000Z')",S,MYKA,"(1.0, 0.5123074)"
"(2024000479, 1461)","('2024-04-19T21:01:17.640000Z', '2024-04-19T21:01:17.720000Z')",S,PTCC,"(1.0, 0.5408543)"
"(2024000479, 1801)","('2024-04-19T21:01:19.820000Z', '2024-04-19T21:01:19.800000Z')",S,VINO,"(1.0, 0.61935383)"
"(2024000479, 4514)","('2024-04-19T21:01:20.680000Z', '2024-04-19T21:01:20.770000Z')",S,VOJS,"(1.0, 0.31891668)"
"(2024000480, 4051)","('2024-04-19T21:37:06.180000Z', '2024-04-19T21:37:06.020000Z')",P,GBAS,"(1.0, 0.78893805)"
"(2024000480, 4297)","('2024-04-19T21:37:06.550000Z', '2024-04-19T21:37:06.580000Z')",P,MOZS,"(1.0, 0.7518261)"
"(2024000480, 4185)","('2024-04-19T21:37:07.340000Z', '2024-04-19T21:37:07.040000Z')",P,JAVS,"(1.0, 0.6073247)"
"(2024000480, 4515)","('2024-04-19T21:37:07.800000Z', '2024-04-19T21:37:07.930000Z')",P,VOJS,"(1.0, 0.50761104)"
"(2024000480, 4138)","('2024-04-19T21:37:08.130000Z', '2024-04-19T21:37:07.950000Z')",P,GORS,"(1.0, 0.910546)"
"(2024000480, 4298)","('2024-04-19T21:37:10.200000Z', '2024-04-19T21:37:10.190000Z')",S,MOZS,"(1.0, 0.7034605)"
"(2024000480, 4186)","('2024-04-19T21:37:12.040000Z', '2024-04-19T21:37:12.050000Z')",S,JAVS,"(1.0, 0.58398694)"
"(2024000480, 4139)","('2024-04-19T21:37:12.140000Z', '2024-04-19T21:37:12.020000Z')",S,GORS,"(1.0, 0.66978407)"
"(2024000480, 4516)","('2024-04-19T21:37:12.880000Z', '2024-04-19T21:37:12.910000Z')",S,VOJS,"(1.0, 0.6832009)"
"(2024000481, 4057)","('2024-04-19T21:39:57.100000Z', '2024-04-19T21:39:57.000000Z')",P,GBAS,"(1.0, 0.16191933)"
"(2024000481, 4303)","('2024-04-19T21:39:57.490000Z', '2024-04-19T21:39:57.500000Z')",P,MOZS,"(1.0, 0.63900596)"
"(2024000481, 4145)","('2024-04-19T21:39:58.450000Z', '2024-04-19T21:39:58.610000Z')",P,GORS,"(1.0, 0.3631612)"
"(2024000481, 4489)","('2024-04-19T21:39:58.610000Z', '2024-04-19T21:39:58.630000Z')",P,VNDS,"(1.0, 0.76893055)"
"(2024000481, 4058)","('2024-04-19T21:40:00.670000Z', '2024-04-19T21:40:00.640000Z')",S,GBAS,"(1.0, 0.37411088)"
"(2024000481, 4304)","('2024-04-19T21:40:01.090000Z', '2024-04-19T21:40:01.110000Z')",S,MOZS,"(1.0, 0.7120716)"
"(2024000481, 4146)","('2024-04-19T21:40:02.910000Z', '2024-04-19T21:40:02.930000Z')",S,GORS,"(1.0, 0.56862134)"
"(2024000482, 1836)","('2024-04-20T06:22:40.730000Z', '2024-04-20T06:22:40.740000Z')",P,PURA,"(1.0, 0.8408972)"
"(2024000482, 2248)","('2024-04-20T06:22:41.040000Z', '2024-04-20T06:22:41.030000Z')",P,CLUD,"(1.0, 0.8673548)"
"(2024000482, 1758)","('2024-04-20T06:22:41.050000Z', '2024-04-20T06:22:41.080000Z')",P,STAL,"(1.0, 0.83931065)"
"(2024000482, 1837)","('2024-04-20T06:22:42.460000Z', '2024-04-20T06:22:42.490000Z')",S,PURA,"(1.0, 0.8300307)"
"(2024000482, 2267)","('2024-04-20T06:22:42.870000Z', '2024-04-20T06:22:42.870000Z')",P,CSM,"(1.0, 0.5125304)"
"(2024000482, 2249)","('2024-04-20T06:22:43.100000Z', '2024-04-20T06:22:43.090000Z')",S,CLUD,"(1.0, 0.80379784)"
"(2024000482, 1759)","('2024-04-20T06:22:43.230000Z', '2024-04-20T06:22:43.420000Z')",S,STAL,"(1.0, 0.6088343)"
"(2024000482, 2365)","('2024-04-20T06:22:43.820000Z', '2024-04-20T06:22:43.760000Z')",P,MLN,"(1.0, 0.64339393)"
"(2024000482, 2268)","('2024-04-20T06:22:45.910000Z', '2024-04-20T06:22:45.920000Z')",S,CSM,"(1.0, 0.5175473)"
"(2024000482, 2366)","('2024-04-20T06:22:48.400000Z', '2024-04-20T06:22:48.420000Z')",S,MLN,"(1.0, 0.47382343)"
"(2024000483, 4334)","('2024-04-20T15:58:28.010000Z', '2024-04-20T15:58:28.000000Z')",P,DOSS,"(1.0, 0.85441345)"
"(2024000483, 2334)","('2024-04-20T15:58:28.640000Z', '2024-04-20T15:58:28.690000Z')",P,MARN,"(1.0, 0.7601285)"
"(2024000483, 3799)","('2024-04-20T15:58:29.300000Z', '2024-04-20T15:58:29.300000Z')",P,LUSI,"(1.0, 0.7576205)"
"(2024000483, 4335)","('2024-04-20T15:58:30.120000Z', '2024-04-20T15:58:30.120000Z')",S,DOSS,"(1.0, 0.81501484)"
"(2024000483, 2335)","('2024-04-20T15:58:31.190000Z', '2024-04-20T15:58:31.260000Z')",S,MARN,"(1.0, 0.705367)"
"(2024000483, 3800)","('2024-04-20T15:58:32.180000Z', '2024-04-20T15:58:32.260000Z')",S,LUSI,"(1.0, 0.78593016)"
"(2024000483, 1235)","('2024-04-20T15:58:33.910000Z', '2024-04-20T15:58:33.890000Z')",P,CTI,"(1.0, 0.5394951)"
"(2024000484, 2425)","('2024-04-20T17:27:33.400000Z', '2024-04-20T17:27:33.440000Z')",P,PRED,"(1.0, 0.7396127)"
"(2024000484, 3828)","('2024-04-20T17:27:33.680000Z', '2024-04-20T17:27:33.630000Z')",P,CADS,"(1.0, 0.68441194)"
"(2024000484, 4149)","('2024-04-20T17:27:34.270000Z', '2024-04-20T17:27:34.270000Z')",P,GORS,"(1.0, 0.68113506)"
"(2024000484, 2332)","('2024-04-20T17:27:34.290000Z', '2024-04-20T17:27:34.340000Z')",P,LSR,"(1.0, 0.67920727)"
"(2024000484, 4245)","('2024-04-20T17:27:34.820000Z', '2024-04-20T17:27:35.000000Z')",P,ROBS,"(1.0, 0.8643025)"
"(2024000484, 2288)","('2024-04-20T17:27:34.930000Z', '2024-04-20T17:27:35.000000Z')",P,DRE,"(1.0, 0.82184154)"
"(2024000484, 1908)","('2024-04-20T17:27:35.810000Z', '2024-04-20T17:27:35.890000Z')",P,MYKA,"(1.0, 0.6592631)"
"(2024000484, 2426)","('2024-04-20T17:27:35.860000Z', '2024-04-20T17:27:35.910000Z')",S,PRED,"(1.0, 0.7591844)"
"(2024000484, 3829)","('2024-04-20T17:27:36.320000Z', '2024-04-20T17:27:36.330000Z')",S,CADS,"(1.0, 0.70810294)"
"(2024000484, 4150)","('2024-04-20T17:27:37.100000Z', '2024-04-20T17:27:37.290000Z')",S,GORS,"(1.0, 0.73738676)"
"(2024000484, 1864)","('2024-04-20T17:27:37.180000Z', '2024-04-20T17:27:37.200000Z')",P,VINO,"(1.0, 0.76527864)"
"(2024000484, 2333)","('2024-04-20T17:27:38.080000Z', '2024-04-20T17:27:38.070000Z')",S,LSR,"(1.0, 0.5254556)"
"(2024000484, 4246)","('2024-04-20T17:27:38.400000Z', '2024-04-20T17:27:38.870000Z')",S,ROBS,"(1.0, 0.2603947)"
"(2024000484, 2289)","('2024-04-20T17:27:38.580000Z', '2024-04-20T17:27:38.560000Z')",S,DRE,"(1.0, 0.5235642)"
"(2024000484, 1909)","('2024-04-20T17:27:39.950000Z', '2024-04-20T17:27:40.080000Z')",S,MYKA,"(1.0, 0.5172144)"
"(2024000484, 1865)","('2024-04-20T17:27:42.840000Z', '2024-04-20T17:27:42.860000Z')",S,VINO,"(1.0, 0.530035)"
"(2024000485, 2503)","('2024-04-21T02:38:17.260000Z', '2024-04-21T02:38:17.280000Z')",P,FUSE,"(1.0, 0.898365)"
"(2024000485, 2332)","('2024-04-21T02:38:17.380000Z', '2024-04-21T02:38:17.400000Z')",P,BOO,"(1.0, 0.8677853)"
"(2024000485, 2414)","('2024-04-21T02:38:18.470000Z', '2024-04-21T02:38:18.510000Z')",P,CLUD,"(1.0, 0.8828055)"
"(2024000485, 2607)","('2024-04-21T02:38:18.630000Z', '2024-04-21T02:38:18.730000Z')",P,MPRI,"(1.0, 0.7043969)"
"(2024000485, 2630)","('2024-04-21T02:38:18.880000Z', '2024-04-21T02:38:18.900000Z')",P,PLRO,"(1.0, 0.8712247)"
"(2024000485, 1611)","('2024-04-21T02:38:19.010000Z', '2024-04-21T02:38:19.020000Z')",P,PTCC,"(1.0, 0.8698218)"
"(2024000485, 1988)","('2024-04-21T02:38:19.020000Z', '2024-04-21T02:38:19.080000Z')",P,VINO,"(1.0, 0.65041006)"
"(2024000485, 2504)","('2024-04-21T02:38:19.080000Z', '2024-04-21T02:38:19.050000Z')",S,FUSE,"(1.0, 0.74792147)"
"(2024000485, 2135)","('2024-04-21T02:38:19.090000Z', '2024-04-21T02:38:19.120000Z')",P,BAD,"(1.0, 0.80971473)"
"(2024000485, 2333)","('2024-04-21T02:38:19.160000Z', '2024-04-21T02:38:19.270000Z')",S,BOO,"(1.0, 0.8503365)"
"(2024000485, 2718)","('2024-04-21T02:38:19.200000Z', '2024-04-21T02:38:19.290000Z')",P,ZOU,"(1.0, 0.8224621)"
"(2024000485, 1946)","('2024-04-21T02:38:19.850000Z', '2024-04-21T02:38:19.890000Z')",P,PURA,"(1.0, 0.77684546)"
"(2024000485, 1541)","('2024-04-21T02:38:20.910000Z', '2024-04-21T02:38:20.990000Z')",P,FVI,"(1.0, 0.73114705)"
"(2024000485, 2415)","('2024-04-21T02:38:21.280000Z', '2024-04-21T02:38:21.310000Z')",S,CLUD,"(1.0, 0.6019461)"
"(2024000485, 2608)","('2024-04-21T02:38:21.590000Z', '2024-04-21T02:38:21.780000Z')",S,MPRI,"(1.0, 0.5856343)"
"(2024000485, 2631)","('2024-04-21T02:38:21.780000Z', '2024-04-21T02:38:21.860000Z')",S,PLRO,"(1.0, 0.78472686)"
"(2024000485, 2719)","('2024-04-21T02:38:22.300000Z', '2024-04-21T02:38:22.390000Z')",S,ZOU,"(1.0, 0.7332492)"
"(2024000485, 1612)","('2024-04-21T02:38:22.330000Z', '2024-04-21T02:38:22.330000Z')",S,PTCC,"(1.0, 0.8134934)"
"(2024000485, 1989)","('2024-04-21T02:38:22.370000Z', '2024-04-21T02:38:22.520000Z')",S,VINO,"(1.0, 0.27898315)"
"(2024000485, 2136)","('2024-04-21T02:38:22.510000Z', '2024-04-21T02:38:22.520000Z')",S,BAD,"(1.0, 0.701505)"
"(2024000485, 1947)","('2024-04-21T02:38:23.940000Z', '2024-04-21T02:38:23.990000Z')",S,PURA,"(1.0, 0.4294411)"
"(2024000485, 1542)","('2024-04-21T02:38:25.360000Z', '2024-04-21T02:38:25.360000Z')",S,FVI,"(1.0, 0.73771924)"
"(2024000486, 1951)","('2024-04-21T07:42:14.550000Z', '2024-04-21T07:42:14.550000Z')",P,PURA,"(1.0, 0.83784556)"
"(2024000486, 1796)","('2024-04-21T07:42:14.870000Z', '2024-04-21T07:42:14.910000Z')",P,STAL,"(1.0, 0.75512826)"
"(2024000486, 2416)","('2024-04-21T07:42:14.940000Z', '2024-04-21T07:42:14.940000Z')",P,CLUD,"(1.0, 0.63388705)"
"(2024000486, 2609)","('2024-04-21T07:42:15.830000Z', '2024-04-21T07:42:15.770000Z')",P,MPRI,"(1.0, 0.49133962)"
"(2024000486, 1952)","('2024-04-21T07:42:16.320000Z', '2024-04-21T07:42:16.310000Z')",S,PURA,"(1.0, 0.8149473)"
"(2024000486, 1797)","('2024-04-21T07:42:17.010000Z', '2024-04-21T07:42:16.980000Z')",S,STAL,"(1.0, 0.6968567)"
"(2024000486, 2144)","('2024-04-21T07:42:18.500000Z', '2024-04-21T07:42:18.500000Z')",P,BAD,"(1.0, 0.64315337)"
"(2024000486, 2610)","('2024-04-21T07:42:18.810000Z', '2024-04-21T07:42:18.830000Z')",S,MPRI,"(1.0, 0.14284526)"
"(2024000486, 2462)","('2024-04-21T07:42:19.470000Z', '2024-04-21T07:42:19.470000Z')",S,CSM,"(1.0, 0.669873)"
"(2024000487, 4413)","('2024-04-21T10:24:15.600000Z', '2024-04-21T10:24:15.600000Z')",P,KNDS,"(1.0, 0.84315085)"
"(2024000487, 4414)","('2024-04-21T10:24:17.410000Z', '2024-04-21T10:24:17.420000Z')",S,KNDS,"(1.0, 0.8267891)"
"(2024000487, 4675)","('2024-04-21T10:24:18.180000Z', '2024-04-21T10:24:18.160000Z')",P,SKDS,"(1.0, 0.87654567)"
"(2024000487, 4062)","('2024-04-21T10:24:18.610000Z', '2024-04-21T10:24:18.630000Z')",P,CEY,"(1.0, 0.8168694)"
"(2024000487, 1883)","('2024-04-21T10:24:21.090000Z', '2024-04-21T10:24:21.010000Z')",P,TRI,"(1.0, 0.78980684)"
"(2024000487, 4376)","('2024-04-21T10:24:21.990000Z', '2024-04-21T10:24:21.980000Z')",P,JAVS,"(1.0, 0.71527004)"
"(2024000487, 4173)","('2024-04-21T10:24:22.340000Z', '2024-04-21T10:24:22.300000Z')",P,GBAS,"(1.0, 0.7662383)"
"(2024000487, 4676)","('2024-04-21T10:24:22.370000Z', '2024-04-21T10:24:22.420000Z')",S,SKDS,"(1.0, 0.680522)"
"(2024000487, 4063)","('2024-04-21T10:24:23.250000Z', '2024-04-21T10:24:23.260000Z')",S,CEY,"(1.0, 0.68902844)"
"(2024000487, 4777)","('2024-04-21T10:24:26.520000Z', '2024-04-21T10:24:26.330000Z')",P,VNDS,"(1.0, 0.29665175)"
"(2024000487, 2674)","('2024-04-21T10:24:26.560000Z', '2024-04-21T10:24:26.510000Z')",P,SABO,"(1.0, 0.35125196)"
"(2024000487, 1884)","('2024-04-21T10:24:28.670000Z', '2024-04-21T10:24:28.830000Z')",S,TRI,"(1.0, 0.53082925)"
"(2024000487, 4377)","('2024-04-21T10:24:29.530000Z', '2024-04-21T10:24:29.850000Z')",S,JAVS,"(1.0, 0.44341967)"
"(2024000487, 4174)","('2024-04-21T10:24:29.550000Z', '2024-04-21T10:24:29.750000Z')",S,GBAS,"(1.0, 0.410689)"
"(2024000487, 4572)","('2024-04-21T10:24:33.660000Z', '2024-04-21T10:24:34.030000Z')",S,LJU,"(1.0, 0.6232882)"
"(2024000487, 2675)","('2024-04-21T10:24:37.880000Z', '2024-04-21T10:24:37.940000Z')",S,SABO,"(1.0, 0.442259)"
"(2024000487, 2590)","('2024-04-21T10:24:39.720000Z', '2024-04-21T10:24:39.990000Z')",P,MLN,"(1.0, 0.79200304)"
"(2024000487, 2374)","('2024-04-21T10:24:40.570000Z', '2024-04-21T10:24:40.950000Z')",P,CAE,"(1.0, 0.13097812)"
"(2024000487, 2591)","('2024-04-21T10:24:59.960000Z', '2024-04-21T10:24:59.920000Z')",S,MLN,"(1.0, 0.4274336)"
"(2024000487, 2375)","('2024-04-21T10:25:01.040000Z', '2024-04-21T10:25:01.410000Z')",S,CAE,"(1.0, 0.29205188)"
"(2024000488, 2422)","('2024-04-21T12:22:02.920000Z', '2024-04-21T12:22:02.940000Z')",P,CLUD,"(1.0, 0.87825054)"
"(2024000488, 1963)","('2024-04-21T12:22:02.990000Z', '2024-04-21T12:22:03.010000Z')",P,PURA,"(1.0, 0.88111216)"
"(2024000488, 1406)","('2024-04-21T12:22:03.000000Z', '2024-04-21T12:22:03.010000Z')",P,INVI,"(1.0, 0.8823498)"
"(2024000488, 2507)","('2024-04-21T12:22:03.860000Z', '2024-04-21T12:22:03.900000Z')",P,FUSE,"(1.0, 0.83497864)"
"(2024000488, 2423)","('2024-04-21T12:22:04.020000Z', '2024-04-21T12:22:04.130000Z')",S,CLUD,"(1.0, 0.84373945)"
"(2024000488, 1964)","('2024-04-21T12:22:04.290000Z', '2024-04-21T12:22:04.330000Z')",S,PURA,"(1.0, 0.842843)"
"(2024000488, 1407)","('2024-04-21T12:22:04.380000Z', '2024-04-21T12:22:04.380000Z')",S,INVI,"(1.0, 0.69230294)"
"(2024000488, 2469)","('2024-04-21T12:22:04.670000Z', '2024-04-21T12:22:04.810000Z')",P,CSM,"(1.0, 0.80130017)"
"(2024000488, 2725)","('2024-04-21T12:22:05.100000Z', '2024-04-21T12:22:05.000000Z')",P,ZOU,"(1.0, 0.8695241)"
"(2024000488, 1549)","('2024-04-21T12:22:05.170000Z', '2024-04-21T12:22:05.230000Z')",P,FVI,"(1.0, 0.793181)"
"(2024000488, 2349)","('2024-04-21T12:22:05.350000Z', '2024-04-21T12:22:05.340000Z')",P,BOO,"(1.0, 0.7630503)"
"(2024000488, 2508)","('2024-04-21T12:22:05.980000Z', '2024-04-21T12:22:06.140000Z')",S,FUSE,"(1.0, 0.7326151)"
"(2024000488, 2470)","('2024-04-21T12:22:07.300000Z', '2024-04-21T12:22:07.320000Z')",S,CSM,"(1.0, 0.8000451)"
"(2024000488, 1550)","('2024-04-21T12:22:08.260000Z', '2024-04-21T12:22:08.330000Z')",S,FVI,"(1.0, 0.73176)"
"(2024000488, 2350)","('2024-04-21T12:22:08.580000Z', '2024-04-21T12:22:08.730000Z')",S,BOO,"(1.0, 0.59313333)"
"(2024000489, 4684)","('2024-04-21T16:49:44.130000Z', '2024-04-21T16:49:44.140000Z')",P,SKDS,"(1.0, 0.69121003)"
"(2024000489, 2678)","('2024-04-21T16:49:46.400000Z', '2024-04-21T16:49:46.540000Z')",P,SABO,"(1.0, 0.41548952)"
"(2024000489, 4382)","('2024-04-21T16:49:48.090000Z', '2024-04-21T16:49:48.120000Z')",P,JAVS,"(1.0, 0.58037925)"
"(2024000489, 4788)","('2024-04-21T16:49:48.570000Z', '2024-04-21T16:49:48.430000Z')",P,VOJS,"(1.0, 0.1809984)"
"(2024000489, 2450)","('2024-04-21T16:49:48.940000Z', '2024-04-21T16:49:48.900000Z')",P,COLI,"(1.0, 0.43771705)"
"(2024000489, 4424)","('2024-04-21T16:49:49.240000Z', '2024-04-21T16:49:49.130000Z')",P,KNDS,"(1.0, 0.5197235)"
"(2024000489, 2378)","('2024-04-21T16:49:49.840000Z', '2024-04-21T16:49:49.750000Z')",P,CAE,"(1.0, 0.4291569)"
"(2024000489, 1077)","('2024-04-21T16:49:50.130000Z', '2024-04-21T16:49:50.010000Z')",P,ED06,"(1.0, 0.25432205)"
"(2024000489, 2153)","('2024-04-21T16:49:50.360000Z', '2024-04-21T16:49:50.220000Z')",P,BAD,"(1.0, 0.33364585)"
"(2024000489, 2495)","('2024-04-21T16:49:50.400000Z', '2024-04-21T16:49:50.210000Z')",P,DRE,"(1.0, 0.13726565)"
"(2024000489, 4013)","('2024-04-21T16:49:50.480000Z', '2024-04-21T16:49:50.700000Z')",P,CADS,"(1.0, 0.103495836)"
"(2024000489, 2626)","('2024-04-21T16:49:50.600000Z', '2024-04-21T16:49:50.510000Z')",P,MTLO,"(1.0, 0.39325878)"
"(2024000489, 1887)","('2024-04-21T16:49:50.630000Z', '2024-04-21T16:49:50.610000Z')",S,TRI,"(1.0, 0.32192838)"
"(2024000489, 2355)","('2024-04-21T16:49:51.670000Z', '2024-04-21T16:49:51.470000Z')",P,BOO,"(1.0, 0.3355226)"
"(2024000489, 4685)","('2024-04-21T16:49:53.320000Z', '2024-04-21T16:49:53.240000Z')",S,SKDS,"(1.0, 0.31312424)"
"(2024000489, 2585)","('2024-04-21T16:49:53.860000Z', '2024-04-21T16:49:53.950000Z')",P,MGBU,"(1.0, 0.4086519)"
"(2024000489, 1975)","('2024-04-21T16:49:53.920000Z', '2024-04-21T16:49:53.820000Z')",P,PURA,"(1.0, 0.3282953)"
"(2024000489, 2428)","('2024-04-21T16:49:53.960000Z', '2024-04-21T16:49:54.070000Z')",P,CLUD,"(1.0, 0.31864762)"
"(2024000489, 2660)","('2024-04-21T16:49:54.230000Z', '2024-04-21T16:49:54.150000Z')",P,PRED,"(1.0, 0.3654314)"
"(2024000489, 4356)","('2024-04-21T16:49:54.600000Z', '2024-04-21T16:49:54.300000Z')",P,GORS,"(1.0, 0.19208886)"
"(2024000489, 4573)","('2024-04-21T16:49:55.280000Z', '2024-04-21T16:49:55.380000Z')",P,LJU,"(1.0, 0.40609324)"
"(2024000489, 2679)","('2024-04-21T16:49:57.830000Z', '2024-04-21T16:49:57.710000Z')",S,SABO,"(1.0, 0.2357964)"
"(2024000489, 2451)","('2024-04-21T16:50:00.790000Z', '2024-04-21T16:50:00.790000Z')",S,COLI,"(1.0, 0.44772822)"
"(2024000489, 4789)","('2024-04-21T16:50:01.340000Z', '2024-04-21T16:50:01.060000Z')",S,VOJS,"(1.0, 0.22751603)"
"(2024000489, 2496)","('2024-04-21T16:50:03.400000Z', '2024-04-21T16:50:03.450000Z')",S,DRE,"(1.0, 0.5998305)"
"(2024000489, 2627)","('2024-04-21T16:50:04.680000Z', '2024-04-21T16:50:04.490000Z')",S,MTLO,"(1.0, 0.41328937)"
"(2024000489, 2356)","('2024-04-21T16:50:05.610000Z', '2024-04-21T16:50:05.570000Z')",S,BOO,"(1.0, 0.3928428)"
"(2024000489, 2429)","('2024-04-21T16:50:11.060000Z', '2024-04-21T16:50:11.280000Z')",S,CLUD,"(1.0, 0.20687811)"
"(2024000489, 1976)","('2024-04-21T16:50:11.190000Z', '2024-04-21T16:50:11.070000Z')",S,PURA,"(1.0, 0.28898135)"
"(2024000489, 2661)","('2024-04-21T16:50:11.350000Z', '2024-04-21T16:50:11.460000Z')",S,PRED,"(1.0, 0.430989)"
"(2024000490, 4562)","('2024-04-21T22:17:36.270000Z', '2024-04-21T22:17:36.290000Z')",P,KNDS,"(1.0, 0.85365176)"
"(2024000490, 4563)","('2024-04-21T22:17:38.140000Z', '2024-04-21T22:17:38.100000Z')",S,KNDS,"(1.0, 0.8229537)"
"(2024000490, 4722)","('2024-04-21T22:17:38.890000Z', '2024-04-21T22:17:38.980000Z')",P,SKDS,"(1.0, 0.91819715)"
"(2024000490, 4134)","('2024-04-21T22:17:39.280000Z', '2024-04-21T22:17:39.330000Z')",P,CEY,"(1.0, 0.74399537)"
"(2024000490, 1907)","('2024-04-21T22:17:42.020000Z', '2024-04-21T22:17:42.010000Z')",P,DST2,"(1.0, 0.82035774)"
"(2024000490, 4409)","('2024-04-21T22:17:42.750000Z', '2024-04-21T22:17:42.700000Z')",P,JAVS,"(1.0, 0.6638499)"
"(2024000490, 4208)","('2024-04-21T22:17:43.020000Z', '2024-04-21T22:17:43.050000Z')",P,GBAS,"(1.0, 0.7215046)"
"(2024000490, 4723)","('2024-04-21T22:17:43.090000Z', '2024-04-21T22:17:43.080000Z')",S,SKDS,"(1.0, 0.7784376)"
"(2024000490, 4135)","('2024-04-21T22:17:43.970000Z', '2024-04-21T22:17:43.940000Z')",S,CEY,"(1.0, 0.60097134)"
"(2024000490, 4803)","('2024-04-21T22:17:45.920000Z', '2024-04-21T22:17:45.940000Z')",P,VOJS,"(1.0, 0.60061306)"
"(2024000490, 2687)","('2024-04-21T22:17:47.220000Z', '2024-04-21T22:17:47.240000Z')",P,SABO,"(1.0, 0.76467437)"
"(2024000490, 1908)","('2024-04-21T22:17:49.120000Z', '2024-04-21T22:17:49.120000Z')",S,DST2,"(1.0, 0.7480277)"
"(2024000490, 4209)","('2024-04-21T22:17:50.420000Z', '2024-04-21T22:17:50.490000Z')",S,GBAS,"(1.0, 0.33830744)"
"(2024000490, 4410)","('2024-04-21T22:17:50.510000Z', '2024-04-21T22:17:50.600000Z')",S,JAVS,"(1.0, 0.42222416)"
"(2024000490, 4804)","('2024-04-21T22:17:56.630000Z', '2024-04-21T22:17:56.800000Z')",S,VOJS,"(1.0, 0.6723001)"
"(2024000490, 2688)","('2024-04-21T22:17:58.670000Z', '2024-04-21T22:17:58.870000Z')",S,SABO,"(1.0, 0.31699526)"
"(2024000491, 1986)","('2024-04-21T22:50:46.990000Z', '2024-04-21T22:50:47.010000Z')",P,PURA,"(1.0, 0.8491791)"
"(2024000491, 2440)","('2024-04-21T22:50:47.370000Z', '2024-04-21T22:50:47.350000Z')",P,CLUD,"(1.0, 0.871026)"
"(2024000491, 1815)","('2024-04-21T22:50:47.420000Z', '2024-04-21T22:50:47.460000Z')",P,STAL,"(1.0, 0.8140159)"
"(2024000491, 1987)","('2024-04-21T22:50:48.660000Z', '2024-04-21T22:50:48.620000Z')",S,PURA,"(1.0, 0.7488744)"
"(2024000491, 2484)","('2024-04-21T22:50:48.720000Z', '2024-04-21T22:50:48.760000Z')",P,CSM,"(1.0, 0.7587111)"
"(2024000491, 2441)","('2024-04-21T22:50:49.410000Z', '2024-04-21T22:50:49.390000Z')",S,CLUD,"(1.0, 0.5557857)"
"(2024000491, 1816)","('2024-04-21T22:50:49.420000Z', '2024-04-21T22:50:49.490000Z')",S,STAL,"(1.0, 0.7665016)"
"(2024000491, 2605)","('2024-04-21T22:50:50.050000Z', '2024-04-21T22:50:49.790000Z')",P,MLN,"(1.0, 0.19446447)"
"(2024000491, 2648)","('2024-04-21T22:50:50.980000Z', '2024-04-21T22:50:50.970000Z')",P,PLRO,"(1.0, 0.7783997)"
"(2024000491, 2165)","('2024-04-21T22:50:51.100000Z', '2024-04-21T22:50:51.100000Z')",P,BAD,"(1.0, 0.46286234)"
"(2024000491, 2485)","('2024-04-21T22:50:51.700000Z', '2024-04-21T22:50:51.840000Z')",S,CSM,"(1.0, 0.30928293)"
"(2024000491, 2133)","('2024-04-21T22:50:51.810000Z', '2024-04-21T22:50:51.800000Z')",P,APGO,"(1.0, 0.6649563)"
"(2024000491, 2649)","('2024-04-21T22:50:55.700000Z', '2024-04-21T22:50:55.680000Z')",S,PLRO,"(1.0, 0.73614764)"
"(2024000491, 2166)","('2024-04-21T22:50:56.490000Z', '2024-04-21T22:50:56.640000Z')",S,BAD,"(1.0, 0.47559947)"
"(2024000491, 2134)","('2024-04-21T22:50:57.970000Z', '2024-04-21T22:50:57.960000Z')",S,APGO,"(1.0, 0.53311783)"
"(2024000492, 4107)","('2024-04-22T00:26:21.160000Z', '2024-04-22T00:26:21.160000Z')",P,JAVS,"(1.0, 0.84409004)"
"(2024000492, 4011)","('2024-04-22T00:26:21.730000Z', '2024-04-22T00:26:21.740000Z')",P,GBAS,"(1.0, 0.76691556)"
"(2024000492, 4307)","('2024-04-22T00:26:21.900000Z', '2024-04-22T00:26:21.900000Z')",P,VOJS,"(1.0, 0.795335)"
"(2024000492, 4186)","('2024-04-22T00:26:22.940000Z', '2024-04-22T00:26:22.900000Z')",P,LJU,"(1.0, 0.79322153)"
"(2024000492, 4091)","('2024-04-22T00:26:23.650000Z', '2024-04-22T00:26:23.710000Z')",P,GORS,"(1.0, 0.6927314)"
"(2024000492, 4108)","('2024-04-22T00:26:23.850000Z', '2024-04-22T00:26:23.810000Z')",S,JAVS,"(1.0, 0.6079874)"
"(2024000492, 3764)","('2024-04-22T00:26:24.110000Z', '2024-04-22T00:26:24.110000Z')",P,CEY,"(1.0, 0.81344676)"
"(2024000492, 3736)","('2024-04-22T00:26:24.520000Z', '2024-04-22T00:26:24.650000Z')",P,CADS,"(1.0, 0.6473659)"
"(2024000492, 4193)","('2024-04-22T00:26:24.760000Z', '2024-04-22T00:26:24.760000Z')",P,MOZS,"(1.0, 0.6922181)"
"(2024000492, 4012)","('2024-04-22T00:26:24.880000Z', '2024-04-22T00:26:24.910000Z')",S,GBAS,"(1.0, 0.5392935)"
"(2024000492, 2312)","('2024-04-22T00:26:25.280000Z', '2024-04-22T00:26:25.330000Z')",P,SABO,"(1.0, 0.74473834)"
"(2024000492, 2185)","('2024-04-22T00:26:25.360000Z', '2024-04-22T00:26:25.460000Z')",P,DRE,"(1.0, 0.7282424)"
"(2024000492, 4187)","('2024-04-22T00:26:26.860000Z', '2024-04-22T00:26:26.850000Z')",S,LJU,"(1.0, 0.5785683)"
"(2024000492, 4256)","('2024-04-22T00:26:26.940000Z', '2024-04-22T00:26:27.010000Z')",P,SKDS,"(1.0, 0.8231426)"
"(2024000492, 4237)","('2024-04-22T00:26:27.200000Z', '2024-04-22T00:26:27.240000Z')",P,ROBS,"(1.0, 0.5441596)"
"(2024000492, 4137)","('2024-04-22T00:26:27.400000Z', '2024-04-22T00:26:27.460000Z')",P,KNDS,"(1.0, 0.69156474)"
"(2024000492, 2175)","('2024-04-22T00:26:28.620000Z', '2024-04-22T00:26:28.660000Z')",P,COLI,"(1.0, 0.603456)"
"(2024000492, 2290)","('2024-04-22T00:26:28.830000Z', '2024-04-22T00:26:29.040000Z')",P,PRED,"(1.0, 0.45363984)"
"(2024000492, 4194)","('2024-04-22T00:26:29.820000Z', '2024-04-22T00:26:29.620000Z')",S,MOZS,"(1.0, 0.2871285)"
"(2024000492, 2092)","('2024-04-22T00:26:30.450000Z', '2024-04-22T00:26:30.480000Z')",P,BAD,"(1.0, 0.72333926)"
"(2024000492, 3737)","('2024-04-22T00:26:30.810000Z', '2024-04-22T00:26:30.790000Z')",S,CADS,"(1.0, 0.5494097)"
"(2024000492, 2041)","('2024-04-22T00:26:31.590000Z', '2024-04-22T00:26:31.720000Z')",P,ACOM,"(1.0, 0.3155591)"
"(2024000492, 2313)","('2024-04-22T00:26:31.800000Z', '2024-04-22T00:26:31.860000Z')",S,SABO,"(1.0, 0.43412015)"
"(2024000492, 2186)","('2024-04-22T00:26:31.880000Z', '2024-04-22T00:26:31.990000Z')",S,DRE,"(1.0, 0.6217229)"
"(2024000492, 4257)","('2024-04-22T00:26:34.830000Z', '2024-04-22T00:26:35.060000Z')",S,SKDS,"(1.0, 0.5550044)"
"(2024000492, 4238)","('2024-04-22T00:26:35.470000Z', '2024-04-22T00:26:35.430000Z')",S,ROBS,"(1.0, 0.44509503)"
"(2024000492, 4138)","('2024-04-22T00:26:36.170000Z', '2024-04-22T00:26:36.440000Z')",S,KNDS,"(1.0, 0.48349157)"
"(2024000492, 2176)","('2024-04-22T00:26:38.260000Z', '2024-04-22T00:26:38.350000Z')",S,COLI,"(1.0, 0.52462107)"
"(2024000492, 2093)","('2024-04-22T00:26:41.290000Z', '2024-04-22T00:26:41.390000Z')",S,BAD,"(1.0, 0.59968096)"
"(2024000493, 1943)","('2024-04-22T09:13:29.530000Z', '2024-04-22T09:13:29.560000Z')",P,PURA,"(1.0, 0.8241355)"
"(2024000493, 2171)","('2024-04-22T09:13:29.800000Z', '2024-04-22T09:13:29.820000Z')",P,CLUD,"(1.0, 0.7982164)"
"(2024000493, 1944)","('2024-04-22T09:13:31.180000Z', '2024-04-22T09:13:31.290000Z')",S,PURA,"(1.0, 0.8203615)"
"(2024000494, 4025)","('2024-04-22T11:22:59.790000Z', '2024-04-22T11:22:59.740000Z')",P,GBAS,"(1.0, 0.71844494)"
"(2024000494, 4191)","('2024-04-22T11:23:00.060000Z', '2024-04-22T11:23:00.060000Z')",P,LJU,"(1.0, 0.8928341)"
"(2024000494, 4026)","('2024-04-22T11:23:01.930000Z', '2024-04-22T11:23:02.060000Z')",S,GBAS,"(1.0, 0.2835578)"
"(2024000494, 4127)","('2024-04-22T11:23:02.100000Z', '2024-04-22T11:23:02.070000Z')",P,JAVS,"(1.0, 0.69139814)"
"(2024000494, 4192)","('2024-04-22T11:23:02.100000Z', '2024-04-22T11:23:02.140000Z')",S,LJU,"(1.0, 0.819096)"
"(2024000494, 4305)","('2024-04-22T11:23:02.320000Z', '2024-04-22T11:23:02.370000Z')",P,VNDS,"(1.0, 0.7740647)"
"(2024000494, 3881)","('2024-04-22T11:23:03.430000Z', '2024-04-22T11:23:03.510000Z')",P,CEY,"(1.0, 0.81293243)"
"(2024000494, 4315)","('2024-04-22T11:23:03.540000Z', '2024-04-22T11:23:03.570000Z')",P,VOJS,"(1.0, 0.57154506)"
"(2024000494, 4101)","('2024-04-22T11:23:04.130000Z', '2024-04-22T11:23:04.200000Z')",P,GORS,"(1.0, 0.7546065)"
"(2024000494, 4306)","('2024-04-22T11:23:05.680000Z', '2024-04-22T11:23:05.820000Z')",S,VNDS,"(1.0, 0.48628545)"
"(2024000494, 3753)","('2024-04-22T11:23:05.700000Z', '2024-04-22T11:23:05.660000Z')",P,CADS,"(1.0, 0.5804167)"
"(2024000494, 4128)","('2024-04-22T11:23:06.100000Z', '2024-04-22T11:23:06.280000Z')",S,JAVS,"(1.0, 0.58116066)"
"(2024000494, 2189)","('2024-04-22T11:23:06.840000Z', '2024-04-22T11:23:07.000000Z')",P,DRE,"(1.0, 0.862819)"
"(2024000494, 2318)","('2024-04-22T11:23:07.080000Z', '2024-04-22T11:23:07.020000Z')",P,SABO,"(1.0, 0.62560093)"
"(2024000494, 4274)","('2024-04-22T11:23:07.200000Z', '2024-04-22T11:23:07.000000Z')",P,SKDS,"(1.0, 0.73448116)"
"(2024000494, 4178)","('2024-04-22T11:23:07.340000Z', '2024-04-22T11:23:07.310000Z')",P,KNDS,"(1.0, 0.5822821)"
"(2024000494, 3882)","('2024-04-22T11:23:07.750000Z', '2024-04-22T11:23:07.800000Z')",S,CEY,"(1.0, 0.62841535)"
"(2024000494, 4316)","('2024-04-22T11:23:08.540000Z', '2024-04-22T11:23:08.620000Z')",S,VOJS,"(1.0, 0.54157275)"
"(2024000494, 4102)","('2024-04-22T11:23:10.240000Z', '2024-04-22T11:23:09.930000Z')",S,GORS,"(1.0, 0.2717805)"
"(2024000494, 3754)","('2024-04-22T11:23:12.710000Z', '2024-04-22T11:23:12.700000Z')",S,CADS,"(1.0, 0.6074446)"
"(2024000494, 2190)","('2024-04-22T11:23:14.490000Z', '2024-04-22T11:23:14.420000Z')",S,DRE,"(1.0, 0.43006733)"
"(2024000494, 4179)","('2024-04-22T11:23:14.490000Z', '2024-04-22T11:23:14.680000Z')",S,KNDS,"(1.0, 0.49713126)"
"(2024000494, 2319)","('2024-04-22T11:23:14.640000Z', '2024-04-22T11:23:14.710000Z')",S,SABO,"(1.0, 0.5664666)"
"(2024000494, 4275)","('2024-04-22T11:23:15.330000Z', '2024-04-22T11:23:15.430000Z')",S,SKDS,"(1.0, 0.6460076)"
"(2024000495, 2308)","('2024-04-22T23:34:23.800000Z', '2024-04-22T23:34:23.820000Z')",P,PRED,"(1.0, 0.8877028)"
"(2024000495, 2230)","('2024-04-22T23:34:24.100000Z', '2024-04-22T23:34:24.090000Z')",P,LSR,"(1.0, 0.8690999)"
"(2024000495, 2050)","('2024-04-22T23:34:24.420000Z', '2024-04-22T23:34:24.450000Z')",P,ACOM,"(1.0, 0.78951347)"
"(2024000495, 2309)","('2024-04-22T23:34:24.970000Z', '2024-04-22T23:34:24.980000Z')",S,PRED,"(1.0, 0.874369)"
"(2024000495, 2017)","('2024-04-22T23:34:25.210000Z', '2024-04-22T23:34:25.210000Z')",P,MYKA,"(1.0, 0.8693966)"
"(2024000495, 2231)","('2024-04-22T23:34:25.520000Z', '2024-04-22T23:34:25.540000Z')",S,LSR,"(1.0, 0.83304185)"
"(2024000495, 2051)","('2024-04-22T23:34:26.240000Z', '2024-04-22T23:34:26.280000Z')",S,ACOM,"(1.0, 0.80367154)"
"(2024000495, 1593)","('2024-04-22T23:34:26.380000Z', '2024-04-22T23:34:26.340000Z')",P,PTCC,"(1.0, 0.5945432)"
"(2024000495, 4250)","('2024-04-22T23:34:27.170000Z', '2024-04-22T23:34:27.190000Z')",P,ROBS,"(1.0, 0.86554444)"
"(2024000495, 2018)","('2024-04-22T23:34:27.260000Z', '2024-04-22T23:34:27.300000Z')",S,MYKA,"(1.0, 0.77791893)"
"(2024000495, 3759)","('2024-04-22T23:34:27.340000Z', '2024-04-22T23:34:27.380000Z')",P,CADS,"(1.0, 0.81320703)"
"(2024000495, 4105)","('2024-04-22T23:34:28.160000Z', '2024-04-22T23:34:28.120000Z')",P,GORS,"(1.0, 0.7849979)"
"(2024000495, 2288)","('2024-04-22T23:34:29.020000Z', '2024-04-22T23:34:29.030000Z')",P,PLRO,"(1.0, 0.50806165)"
"(2024000495, 2111)","('2024-04-22T23:34:29.390000Z', '2024-04-22T23:34:29.220000Z')",P,BAD,"(1.0, 0.33987764)"
"(2024000495, 1594)","('2024-04-22T23:34:29.850000Z', '2024-04-22T23:34:29.850000Z')",S,PTCC,"(1.0, 0.3059126)"
"(2024000495, 4251)","('2024-04-22T23:34:31.280000Z', '2024-04-22T23:34:31.350000Z')",S,ROBS,"(1.0, 0.7136341)"
"(2024000495, 3760)","('2024-04-22T23:34:31.990000Z', '2024-04-22T23:34:31.920000Z')",S,CADS,"(1.0, 0.5494694)"
"(2024000495, 4106)","('2024-04-22T23:34:32.770000Z', '2024-04-22T23:34:32.830000Z')",S,GORS,"(1.0, 0.53985375)"
"(2024000495, 2289)","('2024-04-22T23:34:34.180000Z', '2024-04-22T23:34:33.950000Z')",S,PLRO,"(1.0, 0.24782592)"
"(2024000496, 3297)","('2024-04-23T00:26:22.190000Z', '2024-04-23T00:26:22.180000Z')",P,LUSI,"(1.0, 0.87737215)"
"(2024000496, 3603)","('2024-04-23T00:26:22.480000Z', '2024-04-23T00:26:22.490000Z')",P,DOSS,"(1.0, 0.8455733)"
"(2024000496, 3610)","('2024-04-23T00:26:24.090000Z', '2024-04-23T00:26:24.090000Z')",P,GAGG,"(1.0, 0.8706563)"
"(2024000496, 1930)","('2024-04-23T00:26:24.230000Z', '2024-04-23T00:26:24.230000Z')",P,MARN,"(1.0, 0.83269453)"
"(2024000496, 1351)","('2024-04-23T00:26:24.530000Z', '2024-04-23T00:26:24.560000Z')",P,MAGA,"(1.0, 0.7173824)"
"(2024000496, 1888)","('2024-04-23T00:26:24.580000Z', '2024-04-23T00:26:24.560000Z')",P,GARG,"(1.0, 0.8286964)"
"(2024000496, 3298)","('2024-04-23T00:26:24.590000Z', '2024-04-23T00:26:24.600000Z')",S,LUSI,"(1.0, 0.78647053)"
"(2024000496, 3604)","('2024-04-23T00:26:24.980000Z', '2024-04-23T00:26:24.980000Z')",S,DOSS,"(1.0, 0.59185)"
"(2024000496, 3620)","('2024-04-23T00:26:25.180000Z', '2024-04-23T00:26:25.220000Z')",P,RONC,"(1.0, 0.5798013)"
"(2024000496, 3616)","('2024-04-23T00:26:25.280000Z', '2024-04-23T00:26:25.280000Z')",P,PANI,"(1.0, 0.83949834)"
"(2024000496, 1823)","('2024-04-23T00:26:26.640000Z', '2024-04-23T00:26:26.590000Z')",P,CEKR,"(1.0, 0.8177971)"
"(2024000496, 1892)","('2024-04-23T00:26:26.640000Z', '2024-04-23T00:26:26.660000Z')",P,GAVI,"(1.0, 0.61624306)"
"(2024000496, 1349)","('2024-04-23T00:26:26.780000Z', '2024-04-23T00:26:26.650000Z')",P,MABI,"(1.0, 0.40528953)"
"(2024000496, 1931)","('2024-04-23T00:26:27.880000Z', '2024-04-23T00:26:27.800000Z')",S,MARN,"(1.0, 0.6480387)"
"(2024000496, 3611)","('2024-04-23T00:26:27.890000Z', '2024-04-23T00:26:27.860000Z')",S,GAGG,"(1.0, 0.82967556)"
"(2024000496, 1305)","('2024-04-23T00:26:28.410000Z', '2024-04-23T00:26:28.380000Z')",P,CTI,"(1.0, 0.806794)"
"(2024000496, 1889)","('2024-04-23T00:26:28.740000Z', '2024-04-23T00:26:28.630000Z')",S,GARG,"(1.0, 0.6298873)"
"(2024000496, 1352)","('2024-04-23T00:26:28.880000Z', '2024-04-23T00:26:29.080000Z')",S,MAGA,"(1.0, 0.25974992)"
"(2024000496, 1981)","('2024-04-23T00:26:28.990000Z', '2024-04-23T00:26:28.820000Z')",P,TRES,"(1.0, 0.4041702)"
"(2024000496, 1933)","('2024-04-23T00:26:29.470000Z', '2024-04-23T00:26:29.520000Z')",P,MGBU,"(1.0, 0.8274961)"
"(2024000496, 3621)","('2024-04-23T00:26:29.810000Z', '2024-04-23T00:26:29.580000Z')",S,RONC,"(1.0, 0.23484755)"
"(2024000496, 3595)","('2024-04-23T00:26:30.890000Z', '2024-04-23T00:26:30.860000Z')",P,CARE,"(1.0, 0.80570173)"
"(2024000496, 1258)","('2024-04-23T00:26:31.380000Z', '2024-04-23T00:26:31.400000Z')",P,APPI,"(1.0, 0.8126326)"
"(2024000496, 3295)","('2024-04-23T00:26:31.870000Z', '2024-04-23T00:26:31.820000Z')",P,KOSI,"(1.0, 0.79396236)"
"(2024000496, 1824)","('2024-04-23T00:26:32.300000Z', '2024-04-23T00:26:32.170000Z')",S,CEKR,"(1.0, 0.43124723)"
"(2024000496, 1259)","('2024-04-23T00:26:39.920000Z', '2024-04-23T00:26:39.850000Z')",S,APPI,"(1.0, 0.658654)"
"(2024000496, 3296)","('2024-04-23T00:26:40.990000Z', '2024-04-23T00:26:40.970000Z')",S,KOSI,"(1.0, 0.36353683)"
"(2024000497, 3484)","('2024-04-23T12:56:49.750000Z', '2024-04-23T12:56:49.730000Z')",P,MOZS,"(1.0, 0.81855357)"
"(2024000497, 3435)","('2024-04-23T12:56:51.730000Z', '2024-04-23T12:56:51.630000Z')",P,GORS,"(1.0, 0.66093904)"
"(2024000497, 3485)","('2024-04-23T12:56:52.430000Z', '2024-04-23T12:56:52.530000Z')",S,MOZS,"(1.0, 0.7135006)"
"(2024000497, 3572)","('2024-04-23T12:56:54.530000Z', '2024-04-23T12:56:54.410000Z')",P,VNDS,"(1.0, 0.14004627)"
"(2024000497, 3436)","('2024-04-23T12:56:55.890000Z', '2024-04-23T12:56:55.900000Z')",S,GORS,"(1.0, 0.41797748)"
"(2024000497, 3407)","('2024-04-23T12:56:56.030000Z', '2024-04-23T12:56:55.940000Z')",P,GBAS,"(1.0, 0.33288231)"
"(2024000497, 3445)","('2024-04-23T12:56:57.520000Z', '2024-04-23T12:56:57.440000Z')",P,JAVS,"(1.0, 0.11175016)"
"(2024000497, 3327)","('2024-04-23T12:57:02.030000Z', '2024-04-23T12:57:02.010000Z')",S,CADS,"(1.0, 0.42587197)"
"(2024000497, 3408)","('2024-04-23T12:57:03.240000Z', '2024-04-23T12:57:03.650000Z')",S,GBAS,"(1.0, 0.21551552)"
"(2024000497, 3582)","('2024-04-23T12:57:03.350000Z', '2024-04-23T12:57:03.290000Z')",S,VOJS,"(1.0, 0.5645233)"
"(2024000497, 1875)","('2024-04-23T12:57:05.100000Z', '2024-04-23T12:57:05.070000Z')",S,DRE,"(1.0, 0.5545746)"
"(2024000498, 1876)","('2024-04-23T13:37:25.440000Z', '2024-04-23T13:37:25.430000Z')",P,DRE,"(1.0, 0.84091085)"
"(2024000498, 3519)","('2024-04-23T13:37:25.580000Z', '2024-04-23T13:37:25.550000Z')",P,ROBS,"(1.0, 0.83438563)"
"(2024000498, 3328)","('2024-04-23T13:37:25.780000Z', '2024-04-23T13:37:25.790000Z')",P,CADS,"(1.0, 0.8209835)"
"(2024000498, 1877)","('2024-04-23T13:37:27.160000Z', '2024-04-23T13:37:27.190000Z')",S,DRE,"(1.0, 0.8613736)"
"(2024000498, 1849)","('2024-04-23T13:37:27.330000Z', '2024-04-23T13:37:27.350000Z')",P,COLI,"(1.0, 0.8426995)"
"(2024000498, 3520)","('2024-04-23T13:37:27.440000Z', '2024-04-23T13:37:27.430000Z')",S,ROBS,"(1.0, 0.831622)"
"(2024000498, 1971)","('2024-04-23T13:37:27.680000Z', '2024-04-23T13:37:27.710000Z')",P,PRED,"(1.0, 0.45465878)"
"(2024000498, 3329)","('2024-04-23T13:37:27.780000Z', '2024-04-23T13:37:27.750000Z')",S,CADS,"(1.0, 0.8300967)"
"(2024000498, 1678)","('2024-04-23T13:37:27.880000Z', '2024-04-23T13:37:27.850000Z')",P,VINO,"(1.0, 0.66838723)"
"(2024000498, 1754)","('2024-04-23T13:37:28.410000Z', '2024-04-23T13:37:28.320000Z')",P,BAD,"(1.0, 0.7271713)"
"(2024000498, 1850)","('2024-04-23T13:37:30.870000Z', '2024-04-23T13:37:30.840000Z')",S,COLI,"(1.0, 0.7968821)"
"(2024000498, 1972)","('2024-04-23T13:37:31.750000Z', '2024-04-23T13:37:31.700000Z')",S,PRED,"(1.0, 0.405008)"
"(2024000498, 1679)","('2024-04-23T13:37:31.910000Z', '2024-04-23T13:37:32.130000Z')",S,VINO,"(1.0, 0.14899784)"
"(2024000498, 1755)","('2024-04-23T13:37:32.770000Z', '2024-04-23T13:37:32.790000Z')",S,BAD,"(1.0, 0.55034965)"
"(2024000499, 1884)","('2024-04-23T18:34:36.380000Z', '2024-04-23T18:34:36.410000Z')",P,FUSE,"(1.0, 0.9089819)"
"(2024000499, 1841)","('2024-04-23T18:34:37.760000Z', '2024-04-23T18:34:37.770000Z')",P,CLUD,"(1.0, 0.83775085)"
"(2024000499, 1799)","('2024-04-23T18:34:37.980000Z', '2024-04-23T18:34:38.000000Z')",P,BOO,"(1.0, 0.88597566)"
"(2024000499, 2008)","('2024-04-23T18:34:39.110000Z', '2024-04-23T18:34:39.000000Z')",P,ZOU,"(1.0, 0.91111314)"
"(2024000499, 1663)","('2024-04-23T18:34:39.220000Z', '2024-04-23T18:34:39.130000Z')",P,PURA,"(1.0, 0.41390184)"
"(2024000499, 1842)","('2024-04-23T18:34:39.420000Z', '2024-04-23T18:34:39.420000Z')",S,CLUD,"(1.0, 0.808191)"
"(2024000499, 1961)","('2024-04-23T18:34:39.720000Z', '2024-04-23T18:34:39.680000Z')",P,PLRO,"(1.0, 0.7912732)"
"(2024000499, 1682)","('2024-04-23T18:34:40.380000Z', '2024-04-23T18:34:40.400000Z')",P,VINO,"(1.0, 0.65954274)"
"(2024000499, 1758)","('2024-04-23T18:34:40.400000Z', '2024-04-23T18:34:40.380000Z')",P,BAD,"(1.0, 0.7456819)"
"(2024000499, 1411)","('2024-04-23T18:34:41.110000Z', '2024-04-23T18:34:41.100000Z')",P,PTCC,"(1.0, 0.61039597)"
"(2024000499, 1864)","('2024-04-23T18:34:41.320000Z', '2024-04-23T18:34:41.200000Z')",P,CSM,"(1.0, 0.5463349)"
"(2024000499, 2009)","('2024-04-23T18:34:41.790000Z', '2024-04-23T18:34:41.790000Z')",S,ZOU,"(1.0, 0.7275231)"
"(2024000499, 1664)","('2024-04-23T18:34:41.940000Z', '2024-04-23T18:34:42.000000Z')",S,PURA,"(1.0, 0.30550444)"
"(2024000499, 1962)","('2024-04-23T18:34:42.790000Z', '2024-04-23T18:34:42.770000Z')",S,PLRO,"(1.0, 0.74846166)"
"(2024000499, 1683)","('2024-04-23T18:34:44.430000Z', '2024-04-23T18:34:44.480000Z')",S,VINO,"(1.0, 0.5873685)"
"(2024000499, 1865)","('2024-04-23T18:34:45.070000Z', '2024-04-23T18:34:45.110000Z')",S,CSM,"(1.0, 0.6563804)"
"(2024000500, 1878)","('2024-04-23T19:04:26.520000Z', '2024-04-23T19:04:26.570000Z')",P,DRE,"(1.0, 0.8861327)"
"(2024000500, 3336)","('2024-04-23T19:04:26.990000Z', '2024-04-23T19:04:26.990000Z')",P,CADS,"(1.0, 0.8691219)"
"(2024000500, 1879)","('2024-04-23T19:04:27.600000Z', '2024-04-23T19:04:27.830000Z')",S,DRE,"(1.0, 0.83351207)"
"(2024000500, 3586)","('2024-04-23T19:04:28.460000Z', '2024-04-23T19:04:28.380000Z')",P,VOJS,"(1.0, 0.17281105)"
"(2024000500, 3337)","('2024-04-23T19:04:28.550000Z', '2024-04-23T19:04:28.600000Z')",S,CADS,"(1.0, 0.79225963)"
"(2024000500, 3447)","('2024-04-23T19:04:37.960000Z', '2024-04-23T19:04:37.800000Z')",S,JAVS,"(1.0, 0.4276)"
"(2024000501, 1957)","('2024-04-23T21:40:16.170000Z', '2024-04-23T21:40:16.160000Z')",P,MTLO,"(1.0, 0.8350997)"
"(2024000501, 912)","('2024-04-23T21:40:17.050000Z', '2024-04-23T21:40:16.970000Z')",P,ED06,"(1.0, 0.54649675)"
"(2024000501, 2001)","('2024-04-23T21:40:18.670000Z', '2024-04-23T21:40:18.610000Z')",P,VARN,"(1.0, 0.5918573)"
"(2024000501, 1958)","('2024-04-23T21:40:19.520000Z', '2024-04-23T21:40:19.590000Z')",S,MTLO,"(1.0, 0.60464317)"
"(2024000501, 913)","('2024-04-23T21:40:22.310000Z', '2024-04-23T21:40:22.300000Z')",S,ED06,"(1.0, 0.2539953)"
"(2024000501, 3607)","('2024-04-23T21:40:23.980000Z', '2024-04-23T21:40:24.000000Z')",P,DOSS,"(1.0, 0.23521194)"
"(2024000501, 2002)","('2024-04-23T21:40:25.050000Z', '2024-04-23T21:40:24.920000Z')",S,VARN,"(1.0, 0.39786398)"
"(2024000502, 3464)","('2024-04-24T16:53:49.210000Z', '2024-04-24T16:53:49.130000Z')",P,CADS,"(1.0, 0.10410431)"
"(2024000502, 1890)","('2024-04-24T16:53:49.790000Z', '2024-04-24T16:53:49.810000Z')",P,DRE,"(1.0, 0.8763459)"
"(2024000502, 3715)","('2024-04-24T16:53:50.080000Z', '2024-04-24T16:53:50.070000Z')",P,ROBS,"(1.0, 0.8605769)"
"(2024000502, 3465)","('2024-04-24T16:53:50.400000Z', '2024-04-24T16:53:50.350000Z')",S,CADS,"(1.0, 0.18593456)"
"(2024000502, 1994)","('2024-04-24T16:53:51.290000Z', '2024-04-24T16:53:51.270000Z')",P,PRED,"(1.0, 0.75145054)"
"(2024000502, 1891)","('2024-04-24T16:53:51.540000Z', '2024-04-24T16:53:51.530000Z')",S,DRE,"(1.0, 0.8385193)"
"(2024000502, 3716)","('2024-04-24T16:53:51.920000Z', '2024-04-24T16:53:52.010000Z')",S,ROBS,"(1.0, 0.77369726)"
"(2024000502, 1995)","('2024-04-24T16:53:54.340000Z', '2024-04-24T16:53:54.310000Z')",S,PRED,"(1.0, 0.7822779)"
"(2024000503, 2041)","('2024-04-24T22:34:36.280000Z', '2024-04-24T22:34:36.320000Z')",P,VARN,"(1.0, 0.8825311)"
"(2024000503, 2042)","('2024-04-24T22:34:37.700000Z', '2024-04-24T22:34:37.700000Z')",S,VARN,"(1.0, 0.84472)"
"(2024000503, 1855)","('2024-04-24T22:34:39.100000Z', '2024-04-24T22:34:39.000000Z')",P,CAE,"(1.0, 0.9070854)"
"(2024000503, 1760)","('2024-04-24T22:34:39.270000Z', '2024-04-24T22:34:39.260000Z')",P,AGOR,"(1.0, 0.6376022)"
"(2024000503, 1978)","('2024-04-24T22:34:39.390000Z', '2024-04-24T22:34:39.410000Z')",P,MTLO,"(1.0, 0.70693344)"
"(2024000503, 1962)","('2024-04-24T22:34:39.840000Z', '2024-04-24T22:34:39.950000Z')",P,MGBU,"(1.0, 0.5899472)"
"(2024000503, 1653)","('2024-04-24T22:34:40.060000Z', '2024-04-24T22:34:40.030000Z')",P,POLC,"(1.0, 0.75213265)"
"(2024000503, 1177)","('2024-04-24T22:34:40.750000Z', '2024-04-24T22:34:40.550000Z')",P,CTI,"(1.0, 0.40115514)"
"(2024000503, 1761)","('2024-04-24T22:34:42.920000Z', '2024-04-24T22:34:42.990000Z')",S,AGOR,"(1.0, 0.7392126)"
"(2024000503, 1856)","('2024-04-24T22:34:42.970000Z', '2024-04-24T22:34:42.970000Z')",S,CAE,"(1.0, 0.7983431)"
"(2024000503, 1979)","('2024-04-24T22:34:43.490000Z', '2024-04-24T22:34:43.460000Z')",S,MTLO,"(1.0, 0.48101878)"
"(2024000503, 1963)","('2024-04-24T22:34:43.750000Z', '2024-04-24T22:34:43.630000Z')",S,MGBU,"(1.0, 0.5608057)"
"(2024000503, 1654)","('2024-04-24T22:34:45.020000Z', '2024-04-24T22:34:45.040000Z')",S,POLC,"(1.0, 0.35599047)"
"(2024000503, 1178)","('2024-04-24T22:34:45.170000Z', '2024-04-24T22:34:45.270000Z')",S,CTI,"(1.0, 0.42558625)"
"(2024000504, 2023)","('2024-04-25T11:58:08.770000Z', '2024-04-25T11:58:08.740000Z')",P,MYKA,"(1.0, 0.83731735)"
"(2024000504, 2037)","('2024-04-25T11:58:10.410000Z', '2024-04-25T11:58:10.400000Z')",P,ACOM,"(1.0, 0.76609)"
"(2024000504, 2396)","('2024-04-25T11:58:11.500000Z', '2024-04-25T11:58:11.530000Z')",P,LSR,"(1.0, 0.78822684)"
"(2024000504, 2429)","('2024-04-25T11:58:11.770000Z', '2024-04-25T11:58:11.810000Z')",P,PRED,"(1.0, 0.81529176)"
"(2024000504, 2038)","('2024-04-25T11:58:12.360000Z', '2024-04-25T11:58:12.310000Z')",S,ACOM,"(1.0, 0.6895516)"
"(2024000504, 2397)","('2024-04-25T11:58:14.130000Z', '2024-04-25T11:58:14.200000Z')",S,LSR,"(1.0, 0.64424795)"
"(2024000504, 2419)","('2024-04-25T11:58:14.600000Z', '2024-04-25T11:58:14.660000Z')",P,PLRO,"(1.0, 0.6235996)"
"(2024000504, 2430)","('2024-04-25T11:58:14.700000Z', '2024-04-25T11:58:14.660000Z')",S,PRED,"(1.0, 0.42543843)"
"(2024000504, 2420)","('2024-04-25T11:58:19.680000Z', '2024-04-25T11:58:19.580000Z')",S,PLRO,"(1.0, 0.3020992)"
"(2024000505, 1525)","('2024-04-26T04:46:10.460000Z', '2024-04-26T04:46:10.470000Z')",P,PTCC,"(1.0, 0.8991977)"
"(2024000505, 1526)","('2024-04-26T04:46:11.000000Z', '2024-04-26T04:46:10.990000Z')",S,PTCC,"(1.0, 0.8842386)"
"(2024000505, 2085)","('2024-04-26T04:46:12.780000Z', '2024-04-26T04:46:12.800000Z')",P,VINO,"(1.0, 0.83688223)"
"(2024000505, 2240)","('2024-04-26T04:46:13.280000Z', '2024-04-26T04:46:13.310000Z')",P,BAD,"(1.0, 0.7079634)"
"(2024000505, 2631)","('2024-04-26T04:46:13.310000Z', '2024-04-26T04:46:13.380000Z')",P,PRED,"(1.0, 0.7917468)"
"(2024000505, 2617)","('2024-04-26T04:46:13.320000Z', '2024-04-26T04:46:13.520000Z')",P,PLRO,"(1.0, 0.62651795)"
"(2024000505, 4654)","('2024-04-26T04:46:13.730000Z', '2024-04-26T04:46:13.690000Z')",P,ROBS,"(1.0, 0.72717214)"
"(2024000505, 2216)","('2024-04-26T04:46:13.740000Z', '2024-04-26T04:46:13.790000Z')",P,ACOM,"(1.0, 0.7362822)"
"(2024000505, 2086)","('2024-04-26T04:46:15.190000Z', '2024-04-26T04:46:15.480000Z')",S,VINO,"(1.0, 0.5416348)"
"(2024000505, 2632)","('2024-04-26T04:46:16.240000Z', '2024-04-26T04:46:16.500000Z')",S,PRED,"(1.0, 0.6077064)"
"(2024000505, 2241)","('2024-04-26T04:46:16.370000Z', '2024-04-26T04:46:16.310000Z')",S,BAD,"(1.0, 0.16967191)"
"(2024000505, 2548)","('2024-04-26T04:46:16.400000Z', '2024-04-26T04:46:16.380000Z')",S,LSR,"(1.0, 0.54456425)"
"(2024000505, 2618)","('2024-04-26T04:46:16.600000Z', '2024-04-26T04:46:16.780000Z')",S,PLRO,"(1.0, 0.63204646)"
"(2024000505, 2217)","('2024-04-26T04:46:16.870000Z', '2024-04-26T04:46:17.220000Z')",S,ACOM,"(1.0, 0.6982667)"
"(2024000505, 4655)","('2024-04-26T04:46:17.100000Z', '2024-04-26T04:46:17.420000Z')",S,ROBS,"(1.0, 0.64223593)"
"(2024000506, 2637)","('2024-04-26T16:46:03.150000Z', '2024-04-26T16:46:03.150000Z')",P,PRED,"(1.0, 0.853991)"
"(2024000506, 2553)","('2024-04-26T16:46:03.580000Z', '2024-04-26T16:46:03.560000Z')",P,LSR,"(1.0, 0.84345585)"
"(2024000506, 2219)","('2024-04-26T16:46:04.040000Z', '2024-04-26T16:46:03.960000Z')",P,ACOM,"(1.0, 0.4211692)"
"(2024000506, 2179)","('2024-04-26T16:46:04.230000Z', '2024-04-26T16:46:04.240000Z')",P,MYKA,"(1.0, 0.7915554)"
"(2024000506, 2638)","('2024-04-26T16:46:04.620000Z', '2024-04-26T16:46:04.640000Z')",S,PRED,"(1.0, 0.8396547)"
"(2024000506, 1530)","('2024-04-26T16:46:06.030000Z', '2024-04-26T16:46:05.990000Z')",P,PTCC,"(1.0, 0.81575215)"
"(2024000506, 4518)","('2024-04-26T16:46:06.700000Z', '2024-04-26T16:46:06.970000Z')",P,GORS,"(1.0, 0.7337422)"
"(2024000507, 2524)","('2024-04-27T03:54:15.970000Z', '2024-04-27T03:54:16.000000Z')",P,BOO,"(1.0, 0.6088318)"
"(2024000507, 2249)","('2024-04-27T03:54:16.810000Z', '2024-04-27T03:54:16.800000Z')",P,VINO,"(1.0, 0.86785614)"
"(2024000507, 2373)","('2024-04-27T03:54:16.930000Z', '2024-04-27T03:54:16.940000Z')",P,BAD,"(1.0, 0.794385)"
"(2024000507, 2601)","('2024-04-27T03:54:17.210000Z', '2024-04-27T03:54:17.280000Z')",P,FUSE,"(1.0, 0.6885584)"
"(2024000507, 2525)","('2024-04-27T03:54:17.530000Z', '2024-04-27T03:54:17.540000Z')",S,BOO,"(1.0, 0.72121227)"
"(2024000507, 2698)","('2024-04-27T03:54:17.660000Z', '2024-04-27T03:54:17.660000Z')",P,MPRI,"(1.0, 0.80990416)"
"(2024000507, 2718)","('2024-04-27T03:54:18.300000Z', '2024-04-27T03:54:18.270000Z')",P,PLRO,"(1.0, 0.7760399)"
"(2024000507, 2565)","('2024-04-27T03:54:18.620000Z', '2024-04-27T03:54:18.600000Z')",P,CLUD,"(1.0, 0.82037306)"
"(2024000507, 4654)","('2024-04-27T03:54:18.780000Z', '2024-04-27T03:54:18.780000Z')",P,ROBS,"(1.0, 0.8297082)"
"(2024000507, 2250)","('2024-04-27T03:54:19.230000Z', '2024-04-27T03:54:19.250000Z')",S,VINO,"(1.0, 0.7351165)"
"(2024000507, 2801)","('2024-04-27T03:54:19.280000Z', '2024-04-27T03:54:19.260000Z')",P,ZOU,"(1.0, 0.28358087)"
"(2024000507, 2575)","('2024-04-27T03:54:19.340000Z', '2024-04-27T03:54:19.320000Z')",P,COLI,"(1.0, 0.8186227)"
"(2024000507, 1686)","('2024-04-27T03:54:19.360000Z', '2024-04-27T03:54:19.350000Z')",S,PTCC,"(1.0, 0.82312906)"
"(2024000507, 2374)","('2024-04-27T03:54:19.440000Z', '2024-04-27T03:54:19.470000Z')",S,BAD,"(1.0, 0.43821445)"
"(2024000507, 2665)","('2024-04-27T03:54:19.460000Z', '2024-04-27T03:54:19.420000Z')",P,LSR,"(1.0, 0.7654815)"
"(2024000507, 2730)","('2024-04-27T03:54:19.570000Z', '2024-04-27T03:54:19.540000Z')",P,PRED,"(1.0, 0.84140563)"
"(2024000507, 2602)","('2024-04-27T03:54:19.880000Z', '2024-04-27T03:54:19.960000Z')",S,FUSE,"(1.0, 0.70643675)"
"(2024000507, 2221)","('2024-04-27T03:54:19.990000Z', '2024-04-27T03:54:20.030000Z')",P,PURA,"(1.0, 0.61087805)"
"(2024000507, 2354)","('2024-04-27T03:54:20.120000Z', '2024-04-27T03:54:20.210000Z')",P,ACOM,"(1.0, 0.37199718)"
"(2024000507, 2719)","('2024-04-27T03:54:21.320000Z', '2024-04-27T03:54:21.390000Z')",S,PLRO,"(1.0, 0.7063444)"
"(2024000507, 2566)","('2024-04-27T03:54:22.400000Z', '2024-04-27T03:54:22.340000Z')",S,CLUD,"(1.0, 0.55928975)"
"(2024000507, 2802)","('2024-04-27T03:54:23.300000Z', '2024-04-27T03:54:23.280000Z')",S,ZOU,"(1.0, 0.44837967)"
"(2024000507, 2666)","('2024-04-27T03:54:24.200000Z', '2024-04-27T03:54:24.160000Z')",S,LSR,"(1.0, 0.5474453)"
"(2024000507, 2731)","('2024-04-27T03:54:24.250000Z', '2024-04-27T03:54:24.280000Z')",S,PRED,"(1.0, 0.60835356)"
"(2024000507, 2222)","('2024-04-27T03:54:25.020000Z', '2024-04-27T03:54:24.980000Z')",S,PURA,"(1.0, 0.4010203)"
"(2024000507, 2355)","('2024-04-27T03:54:25.440000Z', '2024-04-27T03:54:25.550000Z')",S,ACOM,"(1.0, 0.5064682)"
"(2024000508, 4656)","('2024-04-27T04:51:04.770000Z', '2024-04-27T04:51:04.770000Z')",P,ROBS,"(1.0, 0.8950819)"
"(2024000508, 4153)","('2024-04-27T04:51:05.070000Z', '2024-04-27T04:51:05.070000Z')",P,CADS,"(1.0, 0.85887325)"
"(2024000508, 2733)","('2024-04-27T04:51:05.320000Z', '2024-04-27T04:51:05.310000Z')",P,PRED,"(1.0, 0.561315)"
"(2024000508, 2597)","('2024-04-27T04:51:05.390000Z', '2024-04-27T04:51:05.380000Z')",P,DRE,"(1.0, 0.824775)"
"(2024000508, 4657)","('2024-04-27T04:51:06.480000Z', '2024-04-27T04:51:06.480000Z')",S,ROBS,"(1.0, 0.86917293)"
"(2024000508, 1689)","('2024-04-27T04:51:06.720000Z', '2024-04-27T04:51:06.740000Z')",P,PTCC,"(1.0, 0.43163756)"
"(2024000508, 4154)","('2024-04-27T04:51:06.980000Z', '2024-04-27T04:51:07.070000Z')",S,CADS,"(1.0, 0.79445386)"
"(2024000508, 2252)","('2024-04-27T04:51:07.440000Z', '2024-04-27T04:51:07.370000Z')",P,VINO,"(1.0, 0.72919154)"
"(2024000508, 4544)","('2024-04-27T04:51:07.660000Z', '2024-04-27T04:51:07.560000Z')",P,GORS,"(1.0, 0.5456441)"
"(2024000508, 2253)","('2024-04-27T04:51:11.480000Z', '2024-04-27T04:51:11.500000Z')",S,VINO,"(1.0, 0.7121692)"
"(2024000509, 3434)","('2024-04-28T06:53:42.090000Z', '2024-04-28T06:53:42.060000Z')",P,JAVS,"(1.0, 0.8358858)"
"(2024000509, 3400)","('2024-04-28T06:53:42.280000Z', '2024-04-28T06:53:42.250000Z')",P,GBAS,"(1.0, 0.75256896)"
"(2024000509, 3545)","('2024-04-28T06:53:42.490000Z', '2024-04-28T06:53:42.090000Z')",P,VOJS,"(1.0, 0.64859885)"
"(2024000509, 3471)","('2024-04-28T06:53:44.260000Z', '2024-04-28T06:53:44.130000Z')",P,MOZS,"(1.0, 0.63162345)"
"(2024000509, 3042)","('2024-04-28T06:53:45.200000Z', '2024-04-28T06:53:44.860000Z')",P,CADS,"(1.0, 0.7349584)"
"(2024000509, 3401)","('2024-04-28T06:53:46.000000Z', '2024-04-28T06:53:46.000000Z')",S,GBAS,"(1.0, 0.55618674)"
"(2024000509, 1760)","('2024-04-28T06:53:46.010000Z', '2024-04-28T06:53:46.010000Z')",P,DRE,"(1.0, 0.5921256)"
"(2024000509, 3546)","('2024-04-28T06:53:46.300000Z', '2024-04-28T06:53:46.350000Z')",S,VOJS,"(1.0, 0.42182553)"
"(2024000510, 1326)","('2024-04-30T11:55:11.550000Z', '2024-04-30T11:55:11.550000Z')",P,MABI,"(1.0, 0.8646759)"
"(2024000510, 2021)","('2024-04-30T11:55:11.860000Z', '2024-04-30T11:55:11.950000Z')",P,GAVI,"(1.0, 0.8792364)"
"(2024000510, 4043)","('2024-04-30T11:55:12.820000Z', '2024-04-30T11:55:12.910000Z')",P,RONC,"(1.0, 0.83165276)"
"(2024000510, 2022)","('2024-04-30T11:55:13.510000Z', '2024-04-30T11:55:13.550000Z')",S,GAVI,"(1.0, 0.7528573)"
"(2024000510, 4044)","('2024-04-30T11:55:15.020000Z', '2024-04-30T11:55:15.050000Z')",S,RONC,"(1.0, 0.7794269)"
"(2024000510, 4035)","('2024-04-30T11:55:17.210000Z', '2024-04-30T11:55:17.250000Z')",P,GAGG,"(1.0, 0.44569263)"
"(2024000510, 4024)","('2024-04-30T11:55:18.650000Z', '2024-04-30T11:55:18.640000Z')",P,CARE,"(1.0, 0.7882441)"
"(2024000510, 4036)","('2024-04-30T11:55:22.930000Z', '2024-04-30T11:55:23.040000Z')",S,GAGG,"(1.0, 0.11862224)"
"(2024000510, 4025)","('2024-04-30T11:55:24.670000Z', '2024-04-30T11:55:24.660000Z')",S,CARE,"(1.0, 0.5066294)"
"(2024000511, 2261)","('2024-05-01T11:11:56.340000Z', '2024-05-01T11:11:56.330000Z')",P,BALD,"(1.0, 0.8668493)"
"(2024000511, 2477)","('2024-05-01T11:11:57.350000Z', '2024-05-01T11:11:57.360000Z')",P,GARG,"(1.0, 0.86893415)"
"(2024000511, 2262)","('2024-05-01T11:11:57.490000Z', '2024-05-01T11:11:57.600000Z')",S,BALD,"(1.0, 0.73538756)"
"(2024000511, 1472)","('2024-05-01T11:11:57.780000Z', '2024-05-01T11:11:57.780000Z')",P,MAGA,"(1.0, 0.81629276)"
"(2024000511, 3993)","('2024-05-01T11:11:59.220000Z', '2024-05-01T11:11:59.250000Z')",P,LUSI,"(1.0, 0.3868699)"
"(2024000511, 2478)","('2024-05-01T11:11:59.540000Z', '2024-05-01T11:11:59.520000Z')",S,GARG,"(1.0, 0.8119207)"
"(2024000511, 4980)","('2024-05-01T11:12:00.140000Z', '2024-05-01T11:12:00.190000Z')",P,RONC,"(1.0, 0.37960404)"
"(2024000511, 1473)","('2024-05-01T11:12:00.260000Z', '2024-05-01T11:12:00.250000Z')",S,MAGA,"(1.0, 0.73924416)"
"(2024000511, 4924)","('2024-05-01T11:12:00.580000Z', '2024-05-01T11:12:00.590000Z')",P,DOSS,"(1.0, 0.4903829)"
"(2024000511, 2488)","('2024-05-01T11:12:00.880000Z', '2024-05-01T11:12:00.920000Z')",P,GAVI,"(1.0, 0.70816875)"
"(2024000511, 4938)","('2024-05-01T11:12:01.390000Z', '2024-05-01T11:12:01.400000Z')",P,GAGG,"(1.0, 0.3056516)"
"(2024000511, 1459)","('2024-05-01T11:12:01.910000Z', '2024-05-01T11:12:01.800000Z')",P,MABI,"(1.0, 0.64389277)"
"(2024000511, 3994)","('2024-05-01T11:12:03.570000Z', '2024-05-01T11:12:03.740000Z')",S,LUSI,"(1.0, 0.2123552)"
"(2024000511, 4925)","('2024-05-01T11:12:04.880000Z', '2024-05-01T11:12:04.900000Z')",S,DOSS,"(1.0, 0.1934809)"
"(2024000511, 2489)","('2024-05-01T11:12:05.780000Z', '2024-05-01T11:12:05.760000Z')",S,GAVI,"(1.0, 0.31237367)"
"(2024000512, 2464)","('2024-05-01T15:33:06.560000Z', '2024-05-01T15:33:06.570000Z')",P,FUSE,"(1.0, 0.8939732)"
"(2024000512, 2399)","('2024-05-01T15:33:07.310000Z', '2024-05-01T15:33:07.320000Z')",P,CLUD,"(1.0, 0.8644274)"
"(2024000512, 2343)","('2024-05-01T15:33:07.360000Z', '2024-05-01T15:33:07.380000Z')",P,BOO,"(1.0, 0.86262375)"
"(2024000512, 2577)","('2024-05-01T15:33:08.260000Z', '2024-05-01T15:33:08.200000Z')",P,MPRI,"(1.0, 0.7393926)"
"(2024000512, 2696)","('2024-05-01T15:33:08.430000Z', '2024-05-01T15:33:08.460000Z')",P,ZOU,"(1.0, 0.8292638)"
"(2024000512, 1964)","('2024-05-01T15:33:09.150000Z', '2024-05-01T15:33:09.030000Z')",P,PURA,"(1.0, 0.468937)"
"(2024000512, 2400)","('2024-05-01T15:33:09.200000Z', '2024-05-01T15:33:09.410000Z')",S,CLUD,"(1.0, 0.80584526)"
"(2024000512, 2193)","('2024-05-01T15:33:09.500000Z', '2024-05-01T15:33:09.520000Z')",P,BAD,"(1.0, 0.8075997)"
"(2024000512, 2344)","('2024-05-01T15:33:09.570000Z', '2024-05-01T15:33:09.560000Z')",S,BOO,"(1.0, 0.8518348)"
"(2024000512, 2578)","('2024-05-01T15:33:11.140000Z', '2024-05-01T15:33:11.170000Z')",S,MPRI,"(1.0, 0.7059231)"
"(2024000512, 1965)","('2024-05-01T15:33:11.700000Z', '2024-05-01T15:33:11.720000Z')",S,PURA,"(1.0, 0.2746887)"
"(2024000513, 3995)","('2024-05-01T15:49:11.180000Z', '2024-05-01T15:49:11.180000Z')",P,LUSI,"(1.0, 0.83652824)"
"(2024000513, 4926)","('2024-05-01T15:49:12.170000Z', '2024-05-01T15:49:12.130000Z')",P,DOSS,"(1.0, 0.8745381)"
"(2024000513, 2323)","('2024-05-01T15:49:12.240000Z', '2024-05-01T15:49:12.160000Z')",P,BALD,"(1.0, 0.76883394)"
"(2024000513, 1474)","('2024-05-01T15:49:12.750000Z', '2024-05-01T15:49:12.810000Z')",P,MAGA,"(1.0, 0.7876082)"
"(2024000513, 2481)","('2024-05-01T15:49:12.870000Z', '2024-05-01T15:49:12.850000Z')",P,GARG,"(1.0, 0.780044)"
"(2024000513, 4940)","('2024-05-01T15:49:13.050000Z', '2024-05-01T15:49:13.050000Z')",P,GAGG,"(1.0, 0.8973427)"
"(2024000513, 4984)","('2024-05-01T15:49:13.220000Z', '2024-05-01T15:49:13.190000Z')",P,RONC,"(1.0, 0.67907345)"
"(2024000513, 3996)","('2024-05-01T15:49:13.600000Z', '2024-05-01T15:49:13.620000Z')",S,LUSI,"(1.0, 0.80874985)"
"(2024000513, 2532)","('2024-05-01T15:49:13.740000Z', '2024-05-01T15:49:13.780000Z')",P,MARN,"(1.0, 0.8317157)"
"(2024000513, 4968)","('2024-05-01T15:49:14.880000Z', '2024-05-01T15:49:14.870000Z')",P,PANI,"(1.0, 0.8213111)"
"(2024000513, 1463)","('2024-05-01T15:49:14.920000Z', '2024-05-01T15:49:14.930000Z')",P,MABI,"(1.0, 0.79736453)"
"(2024000513, 4927)","('2024-05-01T15:49:14.980000Z', '2024-05-01T15:49:15.340000Z')",S,DOSS,"(1.0, 0.6323577)"
"(2024000513, 2324)","('2024-05-01T15:49:15.330000Z', '2024-05-01T15:49:15.340000Z')",S,BALD,"(1.0, 0.5760657)"
"(2024000513, 1475)","('2024-05-01T15:49:16.220000Z', '2024-05-01T15:49:16.420000Z')",S,MAGA,"(1.0, 0.55832255)"
"(2024000513, 2482)","('2024-05-01T15:49:16.300000Z', '2024-05-01T15:49:16.350000Z')",S,GARG,"(1.0, 0.6569614)"
"(2024000513, 2380)","('2024-05-01T15:49:16.420000Z', '2024-05-01T15:49:16.430000Z')",P,CEKR,"(1.0, 0.7869969)"
"(2024000513, 4941)","('2024-05-01T15:49:16.860000Z', '2024-05-01T15:49:16.840000Z')",S,GAGG,"(1.0, 0.7974747)"
"(2024000513, 4985)","('2024-05-01T15:49:17.200000Z', '2024-05-01T15:49:17.210000Z')",S,RONC,"(1.0, 0.5670537)"
"(2024000513, 2533)","('2024-05-01T15:49:17.720000Z', '2024-05-01T15:49:17.790000Z')",S,MARN,"(1.0, 0.6628207)"
"(2024000513, 1381)","('2024-05-01T15:49:18.140000Z', '2024-05-01T15:49:18.160000Z')",P,CTI,"(1.0, 0.8279753)"
"(2024000513, 4956)","('2024-05-01T15:49:18.730000Z', '2024-05-01T15:49:18.740000Z')",P,OZOL,"(1.0, 0.6203679)"
"(2024000513, 4969)","('2024-05-01T15:49:19.440000Z', '2024-05-01T15:49:19.470000Z')",S,PANI,"(1.0, 0.6578111)"
"(2024000513, 4910)","('2024-05-01T15:49:19.570000Z', '2024-05-01T15:49:19.550000Z')",P,CARE,"(1.0, 0.85856265)"
"(2024000513, 4995)","('2024-05-01T15:49:19.640000Z', '2024-05-01T15:49:19.650000Z')",P,ZIAN,"(1.0, 0.8197469)"
"(2024000513, 1464)","('2024-05-01T15:49:19.940000Z', '2024-05-01T15:49:19.960000Z')",S,MABI,"(1.0, 0.6047569)"
"(2024000513, 1287)","('2024-05-01T15:49:20.600000Z', '2024-05-01T15:49:20.610000Z')",P,APPI,"(1.0, 0.8272124)"
"(2024000513, 3980)","('2024-05-01T15:49:21.140000Z', '2024-05-01T15:49:21.140000Z')",P,KOSI,"(1.0, 0.8400703)"
"(2024000513, 1769)","('2024-05-01T15:49:21.540000Z', '2024-05-01T15:49:21.520000Z')",P,TEOL,"(1.0, 0.72879946)"
"(2024000513, 1344)","('2024-05-01T15:49:21.920000Z', '2024-05-01T15:49:21.910000Z')",P,BRMO,"(1.0, 0.82035065)"
"(2024000513, 2381)","('2024-05-01T15:49:22.580000Z', '2024-05-01T15:49:22.700000Z')",S,CEKR,"(1.0, 0.28153753)"
"(2024000513, 2666)","('2024-05-01T15:49:23.250000Z', '2024-05-01T15:49:23.320000Z')",S,TRES,"(1.0, 0.32164866)"
"(2024000513, 2692)","('2024-05-01T15:49:23.260000Z', '2024-05-01T15:49:23.240000Z')",P,VARN,"(1.0, 0.7293774)"
"(2024000513, 2133)","('2024-05-01T15:49:24.650000Z', '2024-05-01T15:49:24.630000Z')",P,AGOR,"(1.0, 0.48032823)"
"(2024000513, 3959)","('2024-05-01T15:49:25.220000Z', '2024-05-01T15:49:25.240000Z')",P,ABSI,"(1.0, 0.7690818)"
"(2024000513, 1382)","('2024-05-01T15:49:25.290000Z', '2024-05-01T15:49:25.450000Z')",S,CTI,"(1.0, 0.28740957)"
"(2024000513, 4957)","('2024-05-01T15:49:26.330000Z', '2024-05-01T15:49:26.420000Z')",S,OZOL,"(1.0, 0.33862877)"
"(2024000513, 2438)","('2024-05-01T15:49:26.960000Z', '2024-05-01T15:49:27.060000Z')",P,CSO,"(1.0, 0.3047809)"
"(2024000513, 4911)","('2024-05-01T15:49:27.300000Z', '2024-05-01T15:49:27.540000Z')",S,CARE,"(1.0, 0.48568103)"
"(2024000513, 2167)","('2024-05-01T15:49:27.330000Z', '2024-05-01T15:49:27.080000Z')",P,APGO,"(1.0, 0.2862051)"
"(2024000513, 2367)","('2024-05-01T15:49:27.490000Z', '2024-05-01T15:49:27.490000Z')",P,CAE,"(1.0, 0.523996)"
"(2024000513, 2390)","('2024-05-01T15:49:28.310000Z', '2024-05-01T15:49:28.240000Z')",P,CIMO,"(1.0, 0.45406163)"
"(2024000513, 1939)","('2024-05-01T15:49:28.740000Z', '2024-05-01T15:49:28.860000Z')",P,POLC,"(1.0, 0.5718545)"
"(2024000513, 1288)","('2024-05-01T15:49:29.110000Z', '2024-05-01T15:49:29.160000Z')",S,APPI,"(1.0, 0.61498266)"
"(2024000513, 3981)","('2024-05-01T15:49:29.910000Z', '2024-05-01T15:49:30.010000Z')",S,KOSI,"(1.0, 0.60675853)"
"(2024000513, 2031)","('2024-05-01T15:49:29.940000Z', '2024-05-01T15:49:29.810000Z')",P,FETA,"(1.0, 0.63356996)"
"(2024000513, 2561)","('2024-05-01T15:49:30.080000Z', '2024-05-01T15:49:29.920000Z')",P,MLN,"(1.0, 0.24427494)"
"(2024000513, 1770)","('2024-05-01T15:49:31.060000Z', '2024-05-01T15:49:31.200000Z')",S,TEOL,"(1.0, 0.44153556)"
"(2024000513, 1345)","('2024-05-01T15:49:31.200000Z', '2024-05-01T15:49:31.320000Z')",S,BRMO,"(1.0, 0.61579293)"
"(2024000513, 1757)","('2024-05-01T15:49:31.990000Z', '2024-05-01T15:49:32.020000Z')",P,STAL,"(1.0, 0.4995848)"
"(2024000513, 2016)","('2024-05-01T15:49:34.120000Z', '2024-05-01T15:49:34.060000Z')",P,ABTA,"(1.0, 0.18855986)"
"(2024000513, 2693)","('2024-05-01T15:49:34.550000Z', '2024-05-01T15:49:34.510000Z')",S,VARN,"(1.0, 0.3684879)"
"(2024000513, 2466)","('2024-05-01T15:49:36.070000Z', '2024-05-01T15:49:36.000000Z')",P,FUSE,"(1.0, 0.90627867)"
"(2024000513, 2134)","('2024-05-01T15:49:36.440000Z', '2024-05-01T15:49:36.430000Z')",S,AGOR,"(1.0, 0.36074126)"
"(2024000513, 3960)","('2024-05-01T15:49:37.300000Z', '2024-05-01T15:49:37.600000Z')",S,ABSI,"(1.0, 0.27076626)"
"(2024000513, 2195)","('2024-05-01T15:49:38.490000Z', '2024-05-01T15:49:37.990000Z')",P,BAD,"(1.0, 0.74546015)"
"(2024000513, 2520)","('2024-05-01T15:49:42.450000Z', '2024-05-01T15:49:42.020000Z')",P,LSR,"(1.0, 0.34084547)"
"(2024000513, 2168)","('2024-05-01T15:49:42.500000Z', '2024-05-01T15:49:42.860000Z')",S,APGO,"(1.0, 0.17117633)"
"(2024000513, 2368)","('2024-05-01T15:49:42.950000Z', '2024-05-01T15:49:42.870000Z')",S,CAE,"(1.0, 0.3034258)"
"(2024000513, 2614)","('2024-05-01T15:49:43.290000Z', '2024-05-01T15:49:42.970000Z')",P,PRED,"(1.0, 0.16066568)"
"(2024000513, 1940)","('2024-05-01T15:49:44.850000Z', '2024-05-01T15:49:45.340000Z')",S,POLC,"(1.0, 0.20386904)"
"(2024000513, 2391)","('2024-05-01T15:49:44.980000Z', '2024-05-01T15:49:45.190000Z')",S,CIMO,"(1.0, 0.23439571)"
"(2024000513, 2040)","('2024-05-01T15:49:46.310000Z', '2024-05-01T15:49:45.960000Z')",P,KBA,"(1.0, 0.14958374)"
"(2024000513, 2017)","('2024-05-01T15:49:51.750000Z', '2024-05-01T15:49:52.070000Z')",S,ABTA,"(1.0, 0.43285176)"
"(2024000513, 2426)","('2024-05-01T15:49:52.000000Z', '2024-05-01T15:49:52.300000Z')",S,CSM,"(1.0, 0.28490895)"
"(2024000513, 1966)","('2024-05-01T15:49:53.000000Z', '2024-05-01T15:49:53.010000Z')",S,PURA,"(1.0, 0.3977558)"
"(2024000513, 2467)","('2024-05-01T15:49:57.460000Z', '2024-05-01T15:49:57.550000Z')",S,FUSE,"(1.0, 0.5494368)"
"(2024000513, 2197)","('2024-05-01T15:50:00.640000Z', '2024-05-01T15:50:00.760000Z')",S,BAD,"(1.0, 0.24766858)"
"(2024000513, 2522)","('2024-05-01T15:50:07.690000Z', '2024-05-01T15:50:08.090000Z')",S,LSR,"(1.0, 0.21910436)"
"(2024000513, 2615)","('2024-05-01T15:50:08.440000Z', '2024-05-01T15:50:08.680000Z')",S,PRED,"(1.0, 0.43342903)"
"(2024000513, 2041)","('2024-05-01T15:50:13.660000Z', '2024-05-01T15:50:13.470000Z')",S,KBA,"(1.0, 0.4149262)"
"(2024000514, 1585)","('2024-05-01T22:10:47.110000Z', '2024-05-01T22:10:47.300000Z')",P,RAVA,"(1.0, 0.79950005)"
"(2024000514, 1773)","('2024-05-01T22:10:49.390000Z', '2024-05-01T22:10:49.460000Z')",P,TEOL,"(1.0, 0.59075534)"
"(2024000514, 1586)","('2024-05-01T22:10:53.340000Z', '2024-05-01T22:10:53.420000Z')",S,RAVA,"(1.0, 0.70244604)"
"(2024000514, 4932)","('2024-05-01T22:10:57.670000Z', '2024-05-01T22:10:57.690000Z')",P,DOSS,"(1.0, 0.7678443)"
"(2024000514, 2486)","('2024-05-01T22:10:57.880000Z', '2024-05-01T22:10:57.740000Z')",P,GARG,"(1.0, 0.42236635)"
"(2024000514, 1479)","('2024-05-01T22:10:58.720000Z', '2024-05-01T22:10:58.950000Z')",P,MAGA,"(1.0, 0.4836691)"
"(2024000514, 2595)","('2024-05-01T22:10:59.360000Z', '2024-05-01T22:10:59.310000Z')",P,MTLO,"(1.0, 0.49329036)"
"(2024000514, 4000)","('2024-05-01T22:11:00.240000Z', '2024-05-01T22:11:00.190000Z')",P,LUSI,"(1.0, 0.5981851)"
"(2024000514, 4933)","('2024-05-01T22:11:09.480000Z', '2024-05-01T22:11:09.590000Z')",S,DOSS,"(1.0, 0.5042013)"
"(2024000514, 1480)","('2024-05-01T22:11:12.020000Z', '2024-05-01T22:11:12.070000Z')",S,MAGA,"(1.0, 0.29001155)"
"(2024000514, 2596)","('2024-05-01T22:11:13.400000Z', '2024-05-01T22:11:13.480000Z')",S,MTLO,"(1.0, 0.4547933)"
"(2024000515, 4721)","('2024-05-01T22:39:03.980000Z', '2024-05-01T22:39:03.960000Z')",P,ROBS,"(1.0, 0.8954704)"
"(2024000515, 2618)","('2024-05-01T22:39:04.910000Z', '2024-05-01T22:39:05.000000Z')",P,PRED,"(1.0, 0.90671843)"
"(2024000515, 4722)","('2024-05-01T22:39:05.270000Z', '2024-05-01T22:39:05.290000Z')",S,ROBS,"(1.0, 0.8790193)"
"(2024000515, 2455)","('2024-05-01T22:39:05.460000Z', '2024-05-01T22:39:05.490000Z')",P,DRE,"(1.0, 0.8024744)"
"(2024000515, 4054)","('2024-05-01T22:39:05.520000Z', '2024-05-01T22:39:05.540000Z')",P,CADS,"(1.0, 0.83855975)"
"(2024000515, 2524)","('2024-05-01T22:39:05.760000Z', '2024-05-01T22:39:06.000000Z')",P,LSR,"(1.0, 0.77827823)"
"(2024000515, 2008)","('2024-05-01T22:39:06.170000Z', '2024-05-01T22:39:06.130000Z')",P,VINO,"(1.0, 0.8888772)"
"(2024000515, 2199)","('2024-05-01T22:39:06.720000Z', '2024-05-01T22:39:06.650000Z')",P,BAD,"(1.0, 0.4952078)"
"(2024000515, 2112)","('2024-05-01T22:39:07.020000Z', '2024-05-01T22:39:07.000000Z')",P,ACOM,"(1.0, 0.8917142)"
"(2024000515, 2619)","('2024-05-01T22:39:07.270000Z', '2024-05-01T22:39:07.260000Z')",S,PRED,"(1.0, 0.7460195)"
"(2024000515, 4055)","('2024-05-01T22:39:08.270000Z', '2024-05-01T22:39:08.310000Z')",S,CADS,"(1.0, 0.78259224)"
"(2024000515, 2009)","('2024-05-01T22:39:09.280000Z', '2024-05-01T22:39:09.300000Z')",S,VINO,"(1.0, 0.8035753)"
"(2024000515, 2525)","('2024-05-01T22:39:09.550000Z', '2024-05-01T22:39:09.540000Z')",S,LSR,"(1.0, 0.34111986)"
"(2024000515, 2200)","('2024-05-01T22:39:10.280000Z', '2024-05-01T22:39:10.260000Z')",S,BAD,"(1.0, 0.6440936)"
"(2024000515, 2113)","('2024-05-01T22:39:11.180000Z', '2024-05-01T22:39:11.300000Z')",S,ACOM,"(1.0, 0.7013432)"
"(2024000515, 4480)","('2024-05-01T22:39:13.860000Z', '2024-05-01T22:39:13.950000Z')",S,GORS,"(1.0, 0.5629411)"
"(2024000516, 3823)","('2024-05-02T08:38:55.340000Z', '2024-05-02T08:38:55.330000Z')",P,DOSS,"(1.0, 0.8731094)"
"(2024000516, 2041)","('2024-05-02T08:38:56.020000Z', '2024-05-02T08:38:56.000000Z')",P,MARN,"(1.0, 0.75208074)"
"(2024000516, 3257)","('2024-05-02T08:38:56.500000Z', '2024-05-02T08:38:56.610000Z')",P,LUSI,"(1.0, 0.78836995)"
"(2024000516, 3824)","('2024-05-02T08:38:57.430000Z', '2024-05-02T08:38:57.450000Z')",S,DOSS,"(1.0, 0.8358274)"
"(2024000516, 3831)","('2024-05-02T08:38:58.510000Z', '2024-05-02T08:38:58.540000Z')",P,GAGG,"(1.0, 0.87357646)"
"(2024000516, 2042)","('2024-05-02T08:38:58.640000Z', '2024-05-02T08:38:58.620000Z')",S,MARN,"(1.0, 0.72089386)"
"(2024000516, 3258)","('2024-05-02T08:38:59.520000Z', '2024-05-02T08:38:59.590000Z')",S,LUSI,"(1.0, 0.78514034)"
"(2024000516, 3832)","('2024-05-02T08:39:02.950000Z', '2024-05-02T08:39:03.170000Z')",S,GAGG,"(1.0, 0.57661146)"
"(2024000517, 1324)","('2024-05-02T20:04:56.810000Z', '2024-05-02T20:04:56.760000Z')",P,INVI,"(1.0, 0.8654376)"
"(2024000517, 1822)","('2024-05-02T20:04:56.990000Z', '2024-05-02T20:04:57.000000Z')",P,PURA,"(1.0, 0.86626214)"
"(2024000517, 1982)","('2024-05-02T20:04:57.090000Z', '2024-05-02T20:04:57.080000Z')",P,CLUD,"(1.0, 0.8470121)"
"(2024000517, 1762)","('2024-05-02T20:04:57.340000Z', '2024-05-02T20:04:57.380000Z')",P,STAL,"(1.0, 0.76736075)"
"(2024000517, 2000)","('2024-05-02T20:04:57.480000Z', '2024-05-02T20:04:57.510000Z')",P,FUSE,"(1.0, 0.85729206)"
"(2024000517, 2103)","('2024-05-02T20:04:57.980000Z', '2024-05-02T20:04:57.970000Z')",P,MPRI,"(1.0, 0.86476094)"
"(2024000517, 1969)","('2024-05-02T20:04:58.290000Z', '2024-05-02T20:04:58.270000Z')",P,BOO,"(1.0, 0.88300097)"
"(2024000517, 1325)","('2024-05-02T20:04:58.500000Z', '2024-05-02T20:04:58.580000Z')",S,INVI,"(1.0, 0.7905111)"
"(2024000517, 2143)","('2024-05-02T20:04:59.120000Z', '2024-05-02T20:04:59.120000Z')",P,ZOU,"(1.0, 0.833917)"
"(2024000517, 1983)","('2024-05-02T20:04:59.120000Z', '2024-05-02T20:04:59.210000Z')",S,CLUD,"(1.0, 0.7887819)"
"(2024000517, 1971)","('2024-05-02T20:04:59.450000Z', '2024-05-02T20:04:59.360000Z')",P,BUA,"(1.0, 0.28820542)"
"(2024000517, 1508)","('2024-05-02T20:04:59.480000Z', '2024-05-02T20:04:59.460000Z')",P,FVI,"(1.0, 0.8122994)"
"(2024000517, 2092)","('2024-05-02T20:04:59.520000Z', '2024-05-02T20:04:59.550000Z')",P,MLN,"(1.0, 0.7485769)"
"(2024000517, 1763)","('2024-05-02T20:04:59.810000Z', '2024-05-02T20:04:59.930000Z')",S,STAL,"(1.0, 0.25506032)"
"(2024000517, 2001)","('2024-05-02T20:04:59.980000Z', '2024-05-02T20:05:00.000000Z')",S,FUSE,"(1.0, 0.7680525)"
"(2024000517, 1934)","('2024-05-02T20:05:00.580000Z', '2024-05-02T20:05:00.470000Z')",P,BAD,"(1.0, 0.65254253)"
"(2024000517, 1838)","('2024-05-02T20:05:00.610000Z', '2024-05-02T20:05:00.600000Z')",P,VINO,"(1.0, 0.82688993)"
"(2024000517, 2104)","('2024-05-02T20:05:00.980000Z', '2024-05-02T20:05:01.040000Z')",S,MPRI,"(1.0, 0.7690815)"
"(2024000517, 1970)","('2024-05-02T20:05:01.480000Z', '2024-05-02T20:05:01.480000Z')",S,BOO,"(1.0, 0.7821587)"
"(2024000517, 1926)","('2024-05-02T20:05:01.600000Z', '2024-05-02T20:05:01.540000Z')",P,APGO,"(1.0, 0.45111033)"
"(2024000517, 1509)","('2024-05-02T20:05:03.000000Z', '2024-05-02T20:05:02.990000Z')",S,FVI,"(1.0, 0.5504785)"
"(2024000517, 1987)","('2024-05-02T20:05:03.110000Z', '2024-05-02T20:05:03.050000Z')",P,COLI,"(1.0, 0.63088536)"
"(2024000517, 1843)","('2024-05-02T20:05:03.230000Z', '2024-05-02T20:05:03.320000Z')",P,ABTA,"(1.0, 0.81696665)"
"(2024000517, 2093)","('2024-05-02T20:05:04.300000Z', '2024-05-02T20:05:04.140000Z')",S,MLN,"(1.0, 0.25315884)"
"(2024000517, 1935)","('2024-05-02T20:05:05.680000Z', '2024-05-02T20:05:05.670000Z')",S,BAD,"(1.0, 0.55015016)"
"(2024000517, 1839)","('2024-05-02T20:05:06.000000Z', '2024-05-02T20:05:06.390000Z')",S,VINO,"(1.0, 0.30218688)"
"(2024000517, 1927)","('2024-05-02T20:05:07.670000Z', '2024-05-02T20:05:07.620000Z')",S,APGO,"(1.0, 0.639979)"
"(2024000517, 1844)","('2024-05-02T20:05:09.360000Z', '2024-05-02T20:05:09.330000Z')",S,ABTA,"(1.0, 0.6911368)"
"(2024000518, 1220)","('2024-05-03T00:31:27.710000Z', '2024-05-03T00:31:27.700000Z')",P,INVI,"(1.0, 0.8553569)"
"(2024000518, 1797)","('2024-05-03T00:31:27.990000Z', '2024-05-03T00:31:28.000000Z')",P,PURA,"(1.0, 0.8531307)"
"(2024000518, 2161)","('2024-05-03T00:31:28.090000Z', '2024-05-03T00:31:28.110000Z')",P,CLUD,"(1.0, 0.86575395)"
"(2024000518, 1703)","('2024-05-03T00:31:28.340000Z', '2024-05-03T00:31:28.340000Z')",P,STAL,"(1.0, 0.6509292)"
"(2024000518, 2195)","('2024-05-03T00:31:28.500000Z', '2024-05-03T00:31:28.490000Z')",P,FUSE,"(1.0, 0.8560916)"
"(2024000518, 2240)","('2024-05-03T00:31:28.960000Z', '2024-05-03T00:31:28.990000Z')",P,MPRI,"(1.0, 0.82059985)"
"(2024000518, 2118)","('2024-05-03T00:31:29.290000Z', '2024-05-03T00:31:29.270000Z')",P,BOO,"(1.0, 0.86177486)"
"(2024000518, 1221)","('2024-05-03T00:31:29.530000Z', '2024-05-03T00:31:29.590000Z')",S,INVI,"(1.0, 0.79325604)"
"(2024000518, 2480)","('2024-05-03T00:31:30.090000Z', '2024-05-03T00:31:30.110000Z')",P,GEPF,"(1.0, 0.75890154)"
"(2024000518, 2280)","('2024-05-03T00:31:30.130000Z', '2024-05-03T00:31:30.130000Z')",P,ZOU,"(1.0, 0.69623727)"
"(2024000518, 2135)","('2024-05-03T00:31:30.400000Z', '2024-05-03T00:31:30.370000Z')",P,BUA,"(1.0, 0.70290124)"
"(2024000518, 1401)","('2024-05-03T00:31:30.480000Z', '2024-05-03T00:31:30.420000Z')",P,FVI,"(1.0, 0.78833705)"
"(2024000518, 2237)","('2024-05-03T00:31:30.550000Z', '2024-05-03T00:31:30.490000Z')",P,MLN,"(1.0, 0.73674756)"
"(2024000518, 1704)","('2024-05-03T00:31:30.840000Z', '2024-05-03T00:31:30.990000Z')",S,STAL,"(1.0, 0.18579648)"
"(2024000518, 2196)","('2024-05-03T00:31:31.040000Z', '2024-05-03T00:31:31.030000Z')",S,FUSE,"(1.0, 0.80370784)"
"(2024000518, 2250)","('2024-05-03T00:31:31.370000Z', '2024-05-03T00:31:31.350000Z')",P,PLRO,"(1.0, 0.80185914)"
"(2024000518, 1960)","('2024-05-03T00:31:31.500000Z', '2024-05-03T00:31:31.510000Z')",P,BAD,"(1.0, 0.7004164)"
"(2024000518, 1818)","('2024-05-03T00:31:31.620000Z', '2024-05-03T00:31:31.610000Z')",P,VINO,"(1.0, 0.8134451)"
"(2024000518, 2241)","('2024-05-03T00:31:31.970000Z', '2024-05-03T00:31:32.050000Z')",S,MPRI,"(1.0, 0.6988721)"
"(2024000518, 2119)","('2024-05-03T00:31:32.480000Z', '2024-05-03T00:31:32.500000Z')",S,BOO,"(1.0, 0.7661794)"
"(2024000518, 1917)","('2024-05-03T00:31:32.600000Z', '2024-05-03T00:31:32.550000Z')",P,APGO,"(1.0, 0.65304244)"
"(2024000518, 1402)","('2024-05-03T00:31:34.000000Z', '2024-05-03T00:31:33.980000Z')",S,FVI,"(1.0, 0.5868598)"
"(2024000518, 2481)","('2024-05-03T00:31:34.040000Z', '2024-05-03T00:31:34.090000Z')",S,GEPF,"(1.0, 0.34772566)"
"(2024000518, 1838)","('2024-05-03T00:31:34.310000Z', '2024-05-03T00:31:34.300000Z')",P,ABTA,"(1.0, 0.82084167)"
"(2024000518, 2268)","('2024-05-03T00:31:34.800000Z', '2024-05-03T00:31:34.740000Z')",P,TLI,"(1.0, 0.762588)"
"(2024000518, 1903)","('2024-05-03T00:31:35.720000Z', '2024-05-03T00:31:35.740000Z')",P,ACOM,"(1.0, 0.63338137)"
"(2024000518, 2251)","('2024-05-03T00:31:36.040000Z', '2024-05-03T00:31:36.030000Z')",S,PLRO,"(1.0, 0.64267856)"
"(2024000518, 1961)","('2024-05-03T00:31:36.620000Z', '2024-05-03T00:31:36.690000Z')",S,BAD,"(1.0, 0.5732685)"
"(2024000518, 1918)","('2024-05-03T00:31:38.610000Z', '2024-05-03T00:31:38.710000Z')",S,APGO,"(1.0, 0.6158743)"
"(2024000518, 1839)","('2024-05-03T00:31:40.370000Z', '2024-05-03T00:31:40.370000Z')",S,ABTA,"(1.0, 0.7292322)"
"(2024000518, 1904)","('2024-05-03T00:31:43.580000Z', '2024-05-03T00:31:43.660000Z')",S,ACOM,"(1.0, 0.616568)"
"(2024000519, 1801)","('2024-05-03T02:04:52.880000Z', '2024-05-03T02:04:52.870000Z')",P,PURA,"(1.0, 0.87456775)"
"(2024000519, 2165)","('2024-05-03T02:04:53.180000Z', '2024-05-03T02:04:53.190000Z')",P,CLUD,"(1.0, 0.856154)"
"(2024000519, 1705)","('2024-05-03T02:04:53.360000Z', '2024-05-03T02:04:53.360000Z')",P,STAL,"(1.0, 0.74176246)"
"(2024000519, 2242)","('2024-05-03T02:04:54.090000Z', '2024-05-03T02:04:54.060000Z')",P,MPRI,"(1.0, 0.8114786)"
"(2024000519, 2123)","('2024-05-03T02:04:54.510000Z', '2024-05-03T02:04:54.510000Z')",P,BOO,"(1.0, 0.74590856)"
"(2024000519, 2166)","('2024-05-03T02:04:55.010000Z', '2024-05-03T02:04:55.100000Z')",S,CLUD,"(1.0, 0.72223836)"
"(2024000519, 1706)","('2024-05-03T02:04:55.330000Z', '2024-05-03T02:04:55.440000Z')",S,STAL,"(1.0, 0.4991532)"
"(2024000519, 2243)","('2024-05-03T02:04:57.000000Z', '2024-05-03T02:04:56.960000Z')",S,MPRI,"(1.0, 0.80526614)"
"(2024000519, 1820)","('2024-05-03T02:04:57.290000Z', '2024-05-03T02:04:57.260000Z')",P,VINO,"(1.0, 0.7521195)"
"(2024000519, 2124)","('2024-05-03T02:04:57.650000Z', '2024-05-03T02:04:57.750000Z')",S,BOO,"(1.0, 0.70278317)"
"(2024000519, 1840)","('2024-05-03T02:04:59.820000Z', '2024-05-03T02:04:59.560000Z')",P,ABTA,"(1.0, 0.4905714)"
"(2024000519, 1821)","('2024-05-03T02:05:02.840000Z', '2024-05-03T02:05:02.770000Z')",S,VINO,"(1.0, 0.47020048)"
"(2024000519, 1841)","('2024-05-03T02:05:05.270000Z', '2024-05-03T02:05:05.600000Z')",S,ABTA,"(1.0, 0.58275765)"
"(2024000520, 2130)","('2024-05-03T18:34:14.240000Z', '2024-05-03T18:34:14.230000Z')",P,BOO,"(1.0, 0.87906086)"
"(2024000520, 2131)","('2024-05-03T18:34:15.050000Z', '2024-05-03T18:34:15.060000Z')",S,BOO,"(1.0, 0.8886193)"
"(2024000520, 1968)","('2024-05-03T18:34:15.350000Z', '2024-05-03T18:34:15.380000Z')",P,BAD,"(1.0, 0.88014084)"
"(2024000520, 1833)","('2024-05-03T18:34:15.450000Z', '2024-05-03T18:34:15.450000Z')",P,VINO,"(1.0, 0.89049566)"
"(2024000520, 2197)","('2024-05-03T18:34:16.010000Z', '2024-05-03T18:34:15.970000Z')",P,FUSE,"(1.0, 0.5495564)"
"(2024000520, 1969)","('2024-05-03T18:34:17.360000Z', '2024-05-03T18:34:17.440000Z')",S,BAD,"(1.0, 0.8419443)"
"(2024000520, 1834)","('2024-05-03T18:34:17.460000Z', '2024-05-03T18:34:17.470000Z')",S,VINO,"(1.0, 0.8295017)"
"(2024000520, 3837)","('2024-05-03T18:34:17.940000Z', '2024-05-03T18:34:17.900000Z')",P,ROBS,"(1.0, 0.47955927)"
"(2024000521, 2163)","('2024-05-04T16:29:21.450000Z', '2024-05-04T16:29:21.450000Z')",P,BALD,"(1.0, 0.6608236)"
"(2024000521, 2334)","('2024-05-04T16:29:21.860000Z', '2024-05-04T16:29:21.890000Z')",P,GARG,"(1.0, 0.87559766)"
"(2024000521, 1563)","('2024-05-04T16:29:22.130000Z', '2024-05-04T16:29:22.130000Z')",P,MAGA,"(1.0, 0.79952544)"
"(2024000521, 2164)","('2024-05-04T16:29:22.780000Z', '2024-05-04T16:29:22.840000Z')",S,BALD,"(1.0, 0.7174661)"
"(2024000521, 2335)","('2024-05-04T16:29:23.740000Z', '2024-05-04T16:29:23.770000Z')",S,GARG,"(1.0, 0.8103354)"
"(2024000521, 1564)","('2024-05-04T16:29:24.290000Z', '2024-05-04T16:29:24.300000Z')",S,MAGA,"(1.0, 0.74099666)"
"(2024000521, 3655)","('2024-05-04T16:29:24.350000Z', '2024-05-04T16:29:24.440000Z')",P,LUSI,"(1.0, 0.44618052)"
"(2024000521, 3656)","('2024-05-04T16:29:27.570000Z', '2024-05-04T16:29:27.660000Z')",S,LUSI,"(1.0, 0.3861226)"
"(2024000522, 3180)","('2024-05-05T00:55:25.250000Z', '2024-05-05T00:55:25.240000Z')",P,CADS,"(1.0, 0.84675264)"
"(2024000522, 2025)","('2024-05-05T00:55:25.310000Z', '2024-05-05T00:55:25.290000Z')",P,PRED,"(1.0, 0.24052352)"
"(2024000522, 3551)","('2024-05-05T00:55:26.170000Z', '2024-05-05T00:55:26.200000Z')",P,ROBS,"(1.0, 0.75696415)"
"(2024000522, 1954)","('2024-05-05T00:55:26.280000Z', '2024-05-05T00:55:26.300000Z')",P,DRE,"(1.0, 0.8724841)"
"(2024000522, 3447)","('2024-05-05T00:55:26.420000Z', '2024-05-05T00:55:26.440000Z')",P,GORS,"(1.0, 0.66068906)"
"(2024000522, 3181)","('2024-05-05T00:55:27.480000Z', '2024-05-05T00:55:27.440000Z')",S,CADS,"(1.0, 0.83572173)"
"(2024000522, 2026)","('2024-05-05T00:55:27.590000Z', '2024-05-05T00:55:27.650000Z')",S,PRED,"(1.0, 0.36710262)"
"(2024000522, 1955)","('2024-05-05T00:55:29.030000Z', '2024-05-05T00:55:29.410000Z')",S,DRE,"(1.0, 0.76305073)"
"(2024000522, 3552)","('2024-05-05T00:55:29.200000Z', '2024-05-05T00:55:29.260000Z')",S,ROBS,"(1.0, 0.702993)"
"(2024000522, 3448)","('2024-05-05T00:55:29.630000Z', '2024-05-05T00:55:29.740000Z')",S,GORS,"(1.0, 0.7068041)"
"(2024000523, 1192)","('2024-05-05T02:28:13.430000Z', '2024-05-05T02:28:13.450000Z')",P,MAGA,"(1.0, 0.65276533)"
"(2024000523, 3646)","('2024-05-05T02:28:13.750000Z', '2024-05-05T02:28:13.680000Z')",P,RONC,"(1.0, 0.6594892)"
"(2024000523, 1963)","('2024-05-05T02:28:14.290000Z', '2024-05-05T02:28:14.170000Z')",P,GARG,"(1.0, 0.43905115)"
"(2024000523, 1193)","('2024-05-05T02:28:19.220000Z', '2024-05-05T02:28:19.540000Z')",S,MAGA,"(1.0, 0.46943653)"
"(2024000523, 3647)","('2024-05-05T02:28:20.050000Z', '2024-05-05T02:28:20.010000Z')",S,RONC,"(1.0, 0.63129276)"
"(2024000523, 1964)","('2024-05-05T02:28:20.780000Z', '2024-05-05T02:28:20.920000Z')",S,GARG,"(1.0, 0.6688125)"
"(2024000524, 3486)","('2024-05-05T12:05:46.500000Z', '2024-05-05T12:05:46.510000Z')",P,MOZS,"(1.0, 0.8599571)"
"(2024000524, 3453)","('2024-05-05T12:05:49.070000Z', '2024-05-05T12:05:49.000000Z')",P,GORS,"(1.0, 0.7014598)"
"(2024000524, 3487)","('2024-05-05T12:05:49.560000Z', '2024-05-05T12:05:49.670000Z')",S,MOZS,"(1.0, 0.40100056)"
"(2024000524, 3591)","('2024-05-05T12:05:50.780000Z', '2024-05-05T12:05:50.790000Z')",P,VNDS,"(1.0, 0.7986371)"
"(2024000524, 3425)","('2024-05-05T12:05:52.930000Z', '2024-05-05T12:05:52.830000Z')",P,GBAS,"(1.0, 0.77691525)"
"(2024000524, 3183)","('2024-05-05T12:05:52.970000Z', '2024-05-05T12:05:52.850000Z')",P,CADS,"(1.0, 0.5327847)"
"(2024000524, 3599)","('2024-05-05T12:05:53.610000Z', '2024-05-05T12:05:53.630000Z')",P,VOJS,"(1.0, 0.7158196)"
"(2024000524, 2029)","('2024-05-05T12:05:53.630000Z', '2024-05-05T12:05:53.620000Z')",P,PRED,"(1.0, 0.70816725)"
"(2024000524, 3454)","('2024-05-05T12:05:54.070000Z', '2024-05-05T12:05:54.350000Z')",S,GORS,"(1.0, 0.47851107)"
"(2024000524, 3458)","('2024-05-05T12:05:54.390000Z', '2024-05-05T12:05:54.390000Z')",P,JAVS,"(1.0, 0.57117575)"
"(2024000524, 1526)","('2024-05-05T12:05:54.900000Z', '2024-05-05T12:05:54.810000Z')",P,ACOM,"(1.0, 0.31044498)"
"(2024000524, 3280)","('2024-05-05T12:05:56.420000Z', '2024-05-05T12:05:56.360000Z')",P,CEY,"(1.0, 0.56508774)"
"(2024000524, 3592)","('2024-05-05T12:05:56.820000Z', '2024-05-05T12:05:56.960000Z')",S,VNDS,"(1.0, 0.38905415)"
"(2024000524, 1597)","('2024-05-05T12:05:58.360000Z', '2024-05-05T12:05:58.360000Z')",P,BAD,"(1.0, 0.6280028)"
"(2024000524, 1495)","('2024-05-05T12:05:59.970000Z', '2024-05-05T12:06:00.020000Z')",P,KBA,"(1.0, 0.6738331)"
"(2024000524, 3467)","('2024-05-05T12:06:00.160000Z', '2024-05-05T12:06:00.090000Z')",P,KNDS,"(1.0, 0.1470019)"
"(2024000524, 3562)","('2024-05-05T12:06:00.350000Z', '2024-05-05T12:06:00.220000Z')",P,SKDS,"(1.0, 0.48853722)"
"(2024000524, 3600)","('2024-05-05T12:06:01.920000Z', '2024-05-05T12:06:01.950000Z')",S,VOJS,"(1.0, 0.38209805)"
"(2024000524, 2030)","('2024-05-05T12:06:02.260000Z', '2024-05-05T12:06:02.460000Z')",S,PRED,"(1.0, 0.45433816)"
"(2024000524, 1527)","('2024-05-05T12:06:03.890000Z', '2024-05-05T12:06:03.430000Z')",S,ACOM,"(1.0, 0.23556049)"
"(2024000524, 3459)","('2024-05-05T12:06:04.070000Z', '2024-05-05T12:06:04.080000Z')",S,JAVS,"(1.0, 0.24533844)"
"(2024000524, 3563)","('2024-05-05T12:06:14.400000Z', '2024-05-05T12:06:14.820000Z')",S,SKDS,"(1.0, 0.23332587)"
"(2024000524, 3468)","('2024-05-05T12:06:14.810000Z', '2024-05-05T12:06:14.850000Z')",S,KNDS,"(1.0, 0.19398288)"
"(2024000525, 1768)","('2024-05-07T00:07:42.320000Z', '2024-05-07T00:07:42.330000Z')",P,ZOU,"(1.0, 0.8383385)"
"(2024000525, 1744)","('2024-05-07T00:07:42.460000Z', '2024-05-07T00:07:42.610000Z')",P,PLRO,"(1.0, 0.78208953)"
"(2024000525, 1135)","('2024-05-07T00:07:43.580000Z', '2024-05-07T00:07:43.610000Z')",P,FVI,"(1.0, 0.12507868)"
"(2024000525, 1643)","('2024-05-07T00:07:44.150000Z', '2024-05-07T00:07:44.090000Z')",P,CLUD,"(1.0, 0.55990887)"
"(2024000525, 1769)","('2024-05-07T00:07:44.240000Z', '2024-05-07T00:07:44.220000Z')",S,ZOU,"(1.0, 0.7886435)"
"(2024000525, 1745)","('2024-05-07T00:07:44.280000Z', '2024-05-07T00:07:44.310000Z')",S,PLRO,"(1.0, 0.8634714)"
"(2024000525, 1456)","('2024-05-07T00:07:47.220000Z', '2024-05-07T00:07:47.190000Z')",P,ABTA,"(1.0, 0.8537222)"
"(2024000525, 1644)","('2024-05-07T00:07:47.230000Z', '2024-05-07T00:07:47.070000Z')",S,CLUD,"(1.0, 0.25235525)"
"(2024000525, 1430)","('2024-05-07T00:07:49.810000Z', '2024-05-07T00:07:49.800000Z')",S,PURA,"(1.0, 0.56925344)"
"(2024000525, 1457)","('2024-05-07T00:07:52.250000Z', '2024-05-07T00:07:52.270000Z')",S,ABTA,"(1.0, 0.23056772)"
"(2024000526, 1360)","('2024-05-07T03:17:08.430000Z', '2024-05-07T03:17:08.020000Z')",P,TEOL,"(1.0, 0.7331216)"
"(2024000526, 1527)","('2024-05-07T03:17:11.850000Z', '2024-05-07T03:17:11.670000Z')",S,ADRI,"(1.0, 0.17664617)"
"(2024000526, 1682)","('2024-05-07T03:17:14.550000Z', '2024-05-07T03:17:14.500000Z')",P,MARN,"(1.0, 0.23772894)"
"(2024000526, 1617)","('2024-05-07T03:17:16.600000Z', '2024-05-07T03:17:16.660000Z')",P,CEKR,"(1.0, 0.38259262)"
"(2024000526, 3428)","('2024-05-07T03:17:18.200000Z', '2024-05-07T03:17:18.280000Z')",P,DOSS,"(1.0, 0.22472161)"
"(2024000526, 1362)","('2024-05-07T03:17:18.320000Z', '2024-05-07T03:17:18.060000Z')",S,TEOL,"(1.0, 0.42077053)"
"(2024000526, 1087)","('2024-05-07T03:17:18.790000Z', '2024-05-07T03:17:18.790000Z')",P,CTI,"(1.0, 0.47544786)"
"(2024000526, 1683)","('2024-05-07T03:17:29.020000Z', '2024-05-07T03:17:29.070000Z')",S,MARN,"(1.0, 0.4771234)"
"(2024000526, 1618)","('2024-05-07T03:17:33.050000Z', '2024-05-07T03:17:32.950000Z')",S,CEKR,"(1.0, 0.45281872)"
"(2024000526, 3429)","('2024-05-07T03:17:35.760000Z', '2024-05-07T03:17:35.820000Z')",S,DOSS,"(1.0, 0.47195822)"
"(2024000526, 1088)","('2024-05-07T03:17:37.760000Z', '2024-05-07T03:17:37.340000Z')",S,CTI,"(1.0, 0.30087447)"
"(2024000527, 3584)","('2024-05-08T04:32:31.810000Z', '2024-05-08T04:32:31.800000Z')",P,GBAS,"(1.0, 0.8772464)"
"(2024000527, 3585)","('2024-05-08T04:32:32.840000Z', '2024-05-08T04:32:32.820000Z')",S,GBAS,"(1.0, 0.8668124)"
"(2024000527, 3503)","('2024-05-08T04:32:33.450000Z', '2024-05-08T04:32:33.540000Z')",P,CEY,"(1.0, 0.6930221)"
"(2024000527, 3656)","('2024-05-08T04:32:33.920000Z', '2024-05-08T04:32:33.940000Z')",P,LJU,"(1.0, 0.89163876)"
"(2024000527, 3620)","('2024-05-08T04:32:35.740000Z', '2024-05-08T04:32:36.000000Z')",P,JAVS,"(1.0, 0.74927014)"
"(2024000527, 3792)","('2024-05-08T04:32:35.810000Z', '2024-05-08T04:32:35.830000Z')",P,VNDS,"(1.0, 0.8088455)"
"(2024000527, 3640)","('2024-05-08T04:32:37.120000Z', '2024-05-08T04:32:37.000000Z')",P,KNDS,"(1.0, 0.83118474)"
"(2024000527, 3806)","('2024-05-08T04:32:38.380000Z', '2024-05-08T04:32:38.540000Z')",P,VOJS,"(1.0, 0.7041966)"
"(2024000527, 3641)","('2024-05-08T04:32:43.360000Z', '2024-05-08T04:32:43.190000Z')",S,KNDS,"(1.0, 0.23074822)"
"(2024000527, 3807)","('2024-05-08T04:32:45.920000Z', '2024-05-08T04:32:45.930000Z')",S,VOJS,"(1.0, 0.30916473)"
"(2024000527, 3749)","('2024-05-08T04:32:46.080000Z', '2024-05-08T04:32:45.860000Z')",S,SKDS,"(1.0, 0.44519064)"
"(2024000528, 2142)","('2024-05-08T08:06:49.230000Z', '2024-05-08T08:06:49.230000Z')",P,MLN,"(1.0, 0.88359565)"
"(2024000528, 2055)","('2024-05-08T08:06:49.520000Z', '2024-05-08T08:06:49.500000Z')",P,CIMO,"(1.0, 0.89124393)"
"(2024000528, 1888)","('2024-05-08T08:06:50.030000Z', '2024-05-08T08:06:50.040000Z')",P,APGO,"(1.0, 0.8611738)"
"(2024000528, 1671)","('2024-05-08T08:06:50.030000Z', '2024-05-08T08:06:50.050000Z')",P,STAL,"(1.0, 0.78403807)"
"(2024000528, 2071)","('2024-05-08T08:06:50.100000Z', '2024-05-08T08:06:50.090000Z')",P,CSO,"(1.0, 0.8526453)"
"(2024000528, 2143)","('2024-05-08T08:06:51.030000Z', '2024-05-08T08:06:51.310000Z')",S,MLN,"(1.0, 0.38683113)"
"(2024000528, 2056)","('2024-05-08T08:06:51.420000Z', '2024-05-08T08:06:51.430000Z')",S,CIMO,"(1.0, 0.6854428)"
"(2024000528, 1754)","('2024-05-08T08:06:51.550000Z', '2024-05-08T08:06:51.570000Z')",P,POLC,"(1.0, 0.2641545)"
"(2024000528, 1764)","('2024-05-08T08:06:51.860000Z', '2024-05-08T08:06:51.830000Z')",P,PURA,"(1.0, 0.52819777)"
"(2024000528, 1889)","('2024-05-08T08:06:52.430000Z', '2024-05-08T08:06:52.430000Z')",S,APGO,"(1.0, 0.84382844)"
"(2024000528, 1755)","('2024-05-08T08:06:55.320000Z', '2024-05-08T08:06:55.360000Z')",S,POLC,"(1.0, 0.30984846)"
"(2024000528, 1765)","('2024-05-08T08:06:56.510000Z', '2024-05-08T08:06:56.460000Z')",S,PURA,"(1.0, 0.32066625)"
"(2024000529, 3983)","('2024-05-09T15:04:51.920000Z', '2024-05-09T15:04:51.960000Z')",P,CADS,"(1.0, 0.8453468)"
"(2024000529, 2419)","('2024-05-09T15:04:52.050000Z', '2024-05-09T15:04:52.040000Z')",P,DRE,"(1.0, 0.8781555)"
"(2024000529, 4359)","('2024-05-09T15:04:53.070000Z', '2024-05-09T15:04:53.080000Z')",P,ROBS,"(1.0, 0.8551359)"
"(2024000529, 4458)","('2024-05-09T15:04:53.540000Z', '2024-05-09T15:04:53.550000Z')",P,VOJS,"(1.0, 0.77048254)"
"(2024000529, 3984)","('2024-05-09T15:04:53.890000Z', '2024-05-09T15:04:53.840000Z')",S,CADS,"(1.0, 0.8499937)"
"(2024000529, 2420)","('2024-05-09T15:04:54.140000Z', '2024-05-09T15:04:54.120000Z')",S,DRE,"(1.0, 0.83516085)"
"(2024000529, 4236)","('2024-05-09T15:04:54.300000Z', '2024-05-09T15:04:54.280000Z')",P,GORS,"(1.0, 0.7239499)"
"(2024000529, 2558)","('2024-05-09T15:04:54.920000Z', '2024-05-09T15:04:54.930000Z')",P,PRED,"(1.0, 0.72277147)"
"(2024000529, 4360)","('2024-05-09T15:04:56.120000Z', '2024-05-09T15:04:56.110000Z')",S,ROBS,"(1.0, 0.8201141)"
"(2024000529, 4459)","('2024-05-09T15:04:56.920000Z', '2024-05-09T15:04:56.920000Z')",S,VOJS,"(1.0, 0.5474491)"
"(2024000529, 4237)","('2024-05-09T15:04:58.200000Z', '2024-05-09T15:04:58.210000Z')",S,GORS,"(1.0, 0.56955403)"
"(2024000529, 2559)","('2024-05-09T15:04:59.530000Z', '2024-05-09T15:04:59.490000Z')",S,PRED,"(1.0, 0.70115983)"
"(2024000530, 3987)","('2024-05-09T15:17:23.230000Z', '2024-05-09T15:17:23.340000Z')",P,CADS,"(1.0, 0.80401945)"
"(2024000530, 2425)","('2024-05-09T15:17:23.370000Z', '2024-05-09T15:17:23.360000Z')",P,DRE,"(1.0, 0.5857595)"
"(2024000530, 4461)","('2024-05-09T15:17:23.490000Z', '2024-05-09T15:17:23.500000Z')",P,VOJS,"(1.0, 0.6462301)"
"(2024000530, 3988)","('2024-05-09T15:17:25.210000Z', '2024-05-09T15:17:25.150000Z')",S,CADS,"(1.0, 0.7837295)"
"(2024000530, 2426)","('2024-05-09T15:17:25.380000Z', '2024-05-09T15:17:25.410000Z')",S,DRE,"(1.0, 0.67751575)"
"(2024000530, 2394)","('2024-05-09T15:17:25.890000Z', '2024-05-09T15:17:25.920000Z')",P,COLI,"(1.0, 0.22317806)"
"(2024000530, 2215)","('2024-05-09T15:17:27.370000Z', '2024-05-09T15:17:27.290000Z')",P,BAD,"(1.0, 0.6555203)"
"(2024000530, 4364)","('2024-05-09T15:17:27.380000Z', '2024-05-09T15:17:27.380000Z')",S,ROBS,"(1.0, 0.7485624)"
"(2024000530, 4462)","('2024-05-09T15:17:28.150000Z', '2024-05-09T15:17:28.250000Z')",S,VOJS,"(1.0, 0.79400283)"
"(2024000530, 2395)","('2024-05-09T15:17:30.270000Z', '2024-05-09T15:17:30.350000Z')",S,COLI,"(1.0, 0.21672823)"
"(2024000530, 2216)","('2024-05-09T15:17:33.020000Z', '2024-05-09T15:17:33.160000Z')",S,BAD,"(1.0, 0.5183462)"
"(2024000531, 3989)","('2024-05-09T15:17:53.470000Z', '2024-05-09T15:17:53.480000Z')",P,CADS,"(1.0, 0.8853959)"
"(2024000531, 2427)","('2024-05-09T15:17:53.610000Z', '2024-05-09T15:17:53.600000Z')",P,DRE,"(1.0, 0.89804596)"
"(2024000531, 4365)","('2024-05-09T15:17:54.650000Z', '2024-05-09T15:17:54.660000Z')",P,ROBS,"(1.0, 0.85691303)"
"(2024000531, 2428)","('2024-05-09T15:17:55.260000Z', '2024-05-09T15:17:55.650000Z')",S,DRE,"(1.0, 0.81683725)"
"(2024000531, 4463)","('2024-05-09T15:17:55.300000Z', '2024-05-09T15:17:55.270000Z')",P,VOJS,"(1.0, 0.47903883)"
"(2024000531, 3990)","('2024-05-09T15:17:55.410000Z', '2024-05-09T15:17:55.350000Z')",S,CADS,"(1.0, 0.77306074)"
"(2024000531, 4238)","('2024-05-09T15:17:55.940000Z', '2024-05-09T15:17:55.960000Z')",P,GORS,"(1.0, 0.7465741)"
"(2024000531, 2396)","('2024-05-09T15:17:56.190000Z', '2024-05-09T15:17:56.240000Z')",P,COLI,"(1.0, 0.82442623)"
"(2024000531, 2562)","('2024-05-09T15:17:56.550000Z', '2024-05-09T15:17:56.520000Z')",P,PRED,"(1.0, 0.7947824)"
"(2024000531, 2066)","('2024-05-09T15:17:56.970000Z', '2024-05-09T15:17:56.980000Z')",P,VINO,"(1.0, 0.9169572)"
"(2024000531, 2217)","('2024-05-09T15:17:57.490000Z', '2024-05-09T15:17:57.550000Z')",P,BAD,"(1.0, 0.29723203)"
"(2024000531, 4366)","('2024-05-09T15:17:57.630000Z', '2024-05-09T15:17:57.630000Z')",S,ROBS,"(1.0, 0.77109253)"
"(2024000531, 4464)","('2024-05-09T15:17:58.400000Z', '2024-05-09T15:17:58.480000Z')",S,VOJS,"(1.0, 0.79268914)"
"(2024000531, 4239)","('2024-05-09T15:18:00.120000Z', '2024-05-09T15:17:59.860000Z')",S,GORS,"(1.0, 0.2845487)"
"(2024000531, 2397)","('2024-05-09T15:18:00.660000Z', '2024-05-09T15:18:00.660000Z')",S,COLI,"(1.0, 0.7735488)"
"(2024000531, 2563)","('2024-05-09T15:18:01.070000Z', '2024-05-09T15:18:01.040000Z')",S,PRED,"(1.0, 0.7305779)"
"(2024000532, 2402)","('2024-05-09T15:55:40.740000Z', '2024-05-09T15:55:40.940000Z')",P,COLI,"(1.0, 0.86665595)"
"(2024000532, 2582)","('2024-05-09T15:55:41.600000Z', '2024-05-09T15:55:41.620000Z')",P,SABO,"(1.0, 0.8278253)"
"(2024000532, 2437)","('2024-05-09T15:55:42.310000Z', '2024-05-09T15:55:42.290000Z')",P,DRE,"(1.0, 0.58980304)"
"(2024000532, 4370)","('2024-05-09T15:55:42.940000Z', '2024-05-09T15:55:42.920000Z')",P,ROBS,"(1.0, 0.7160606)"
"(2024000532, 2403)","('2024-05-09T15:55:43.030000Z', '2024-05-09T15:55:43.060000Z')",S,COLI,"(1.0, 0.6251726)"
"(2024000532, 2069)","('2024-05-09T15:55:43.160000Z', '2024-05-09T15:55:43.190000Z')",P,VINO,"(1.0, 0.7486535)"
"(2024000532, 2221)","('2024-05-09T15:55:43.210000Z', '2024-05-09T15:55:43.240000Z')",P,BAD,"(1.0, 0.8112439)"
"(2024000532, 3995)","('2024-05-09T15:55:43.740000Z', '2024-05-09T15:55:43.560000Z')",P,CADS,"(1.0, 0.19900805)"
"(2024000532, 4471)","('2024-05-09T15:55:44.280000Z', '2024-05-09T15:55:44.350000Z')",P,VOJS,"(1.0, 0.7965193)"
"(2024000532, 2583)","('2024-05-09T15:55:44.350000Z', '2024-05-09T15:55:44.340000Z')",S,SABO,"(1.0, 0.5398934)"
"(2024000532, 2438)","('2024-05-09T15:55:45.970000Z', '2024-05-09T15:55:45.910000Z')",S,DRE,"(1.0, 0.7583133)"
"(2024000532, 2222)","('2024-05-09T15:55:47.510000Z', '2024-05-09T15:55:47.450000Z')",S,BAD,"(1.0, 0.6118798)"
"(2024000532, 2070)","('2024-05-09T15:55:47.520000Z', '2024-05-09T15:55:47.610000Z')",S,VINO,"(1.0, 0.5574917)"
"(2024000532, 3996)","('2024-05-09T15:55:48.410000Z', '2024-05-09T15:55:48.410000Z')",S,CADS,"(1.0, 0.65092033)"
"(2024000533, 2389)","('2024-05-09T17:01:53.460000Z', '2024-05-09T17:01:53.440000Z')",P,CLUD,"(1.0, 0.9122693)"
"(2024000533, 2047)","('2024-05-09T17:01:53.810000Z', '2024-05-09T17:01:53.840000Z')",P,PURA,"(1.0, 0.88289833)"
"(2024000533, 2390)","('2024-05-09T17:01:54.360000Z', '2024-05-09T17:01:54.390000Z')",S,CLUD,"(1.0, 0.87173337)"
"(2024000533, 2464)","('2024-05-09T17:01:54.870000Z', '2024-05-09T17:01:54.920000Z')",P,FUSE,"(1.0, 0.89344865)"
"(2024000533, 2048)","('2024-05-09T17:01:54.900000Z', '2024-05-09T17:01:55.050000Z')",S,PURA,"(1.0, 0.7381356)"
"(2024000533, 2412)","('2024-05-09T17:01:55.140000Z', '2024-05-09T17:01:55.260000Z')",P,CSM,"(1.0, 0.7463197)"
"(2024000533, 1614)","('2024-05-09T17:01:55.570000Z', '2024-05-09T17:01:55.630000Z')",P,FVI,"(1.0, 0.8010086)"
"(2024000533, 2617)","('2024-05-09T17:01:55.660000Z', '2024-05-09T17:01:55.680000Z')",P,ZOU,"(1.0, 0.833092)"
"(2024000533, 1904)","('2024-05-09T17:01:56.070000Z', '2024-05-09T17:01:56.140000Z')",P,STAL,"(1.0, 0.79249686)"
"(2024000533, 2329)","('2024-05-09T17:01:56.520000Z', '2024-05-09T17:01:56.520000Z')",P,BOO,"(1.0, 0.78227526)"
"(2024000533, 2546)","('2024-05-09T17:01:56.630000Z', '2024-05-09T17:01:56.620000Z')",P,MPRI,"(1.0, 0.7151009)"
"(2024000533, 2465)","('2024-05-09T17:01:57.060000Z', '2024-05-09T17:01:57.100000Z')",S,FUSE,"(1.0, 0.82895154)"
"(2024000533, 2554)","('2024-05-09T17:01:57.230000Z', '2024-05-09T17:01:57.280000Z')",P,PLRO,"(1.0, 0.78003395)"
"(2024000533, 2413)","('2024-05-09T17:01:57.260000Z', '2024-05-09T17:01:57.510000Z')",S,CSM,"(1.0, 0.7156572)"
"(2024000533, 2383)","('2024-05-09T17:01:57.560000Z', '2024-05-09T17:01:57.630000Z')",P,CIMO,"(1.0, 0.57192624)"
"(2024000533, 1615)","('2024-05-09T17:01:58.140000Z', '2024-05-09T17:01:58.170000Z')",S,FVI,"(1.0, 0.61969703)"
"(2024000533, 2618)","('2024-05-09T17:01:58.180000Z', '2024-05-09T17:01:58.210000Z')",S,ZOU,"(1.0, 0.7823149)"
"(2024000533, 2537)","('2024-05-09T17:01:58.480000Z', '2024-05-09T17:01:58.450000Z')",P,MLN,"(1.0, 0.619508)"
"(2024000533, 2225)","('2024-05-09T17:01:58.920000Z', '2024-05-09T17:01:59.000000Z')",P,BAD,"(1.0, 0.744849)"
"(2024000533, 1905)","('2024-05-09T17:01:59.400000Z', '2024-05-09T17:01:59.420000Z')",S,STAL,"(1.0, 0.6283211)"
"(2024000533, 2082)","('2024-05-09T17:01:59.560000Z', '2024-05-09T17:01:59.580000Z')",P,ABTA,"(1.0, 0.7934869)"
"(2024000533, 2330)","('2024-05-09T17:02:00.180000Z', '2024-05-09T17:02:00.140000Z')",S,BOO,"(1.0, 0.6549574)"
"(2024000533, 2547)","('2024-05-09T17:02:00.340000Z', '2024-05-09T17:02:00.430000Z')",S,MPRI,"(1.0, 0.49410364)"
"(2024000533, 2555)","('2024-05-09T17:02:01.310000Z', '2024-05-09T17:02:01.350000Z')",S,PLRO,"(1.0, 0.71011096)"
"(2024000533, 2165)","('2024-05-09T17:02:01.530000Z', '2024-05-09T17:02:01.550000Z')",P,AFL,"(1.0, 0.4901316)"
"(2024000533, 2492)","('2024-05-09T17:02:01.590000Z', '2024-05-09T17:02:01.680000Z')",P,LSR,"(1.0, 0.4962689)"
"(2024000533, 2404)","('2024-05-09T17:02:01.670000Z', '2024-05-09T17:02:01.700000Z')",P,COLI,"(1.0, 0.7404394)"
"(2024000533, 4374)","('2024-05-09T17:02:01.730000Z', '2024-05-09T17:02:01.690000Z')",P,ROBS,"(1.0, 0.5524806)"
"(2024000533, 2158)","('2024-05-09T17:02:01.860000Z', '2024-05-09T17:02:02.060000Z')",P,ACOM,"(1.0, 0.52287054)"
"(2024000533, 2572)","('2024-05-09T17:02:01.880000Z', '2024-05-09T17:02:01.850000Z')",P,PRED,"(1.0, 0.7375049)"
"(2024000533, 2350)","('2024-05-09T17:02:02.340000Z', '2024-05-09T17:02:02.180000Z')",P,CAE,"(1.0, 0.36948144)"
"(2024000533, 2456)","('2024-05-09T17:02:03.870000Z', '2024-05-09T17:02:03.640000Z')",P,DRE,"(1.0, 0.46218675)"
"(2024000533, 2083)","('2024-05-09T17:02:04.920000Z', '2024-05-09T17:02:04.980000Z')",S,ABTA,"(1.0, 0.6849713)"
"(2024000533, 2226)","('2024-05-09T17:02:04.960000Z', '2024-05-09T17:02:05.120000Z')",S,BAD,"(1.0, 0.5857532)"
"(2024000533, 2166)","('2024-05-09T17:02:08.410000Z', '2024-05-09T17:02:08.520000Z')",S,AFL,"(1.0, 0.43826455)"
"(2024000533, 2405)","('2024-05-09T17:02:09.920000Z', '2024-05-09T17:02:09.910000Z')",S,COLI,"(1.0, 0.61006993)"
"(2024000533, 2573)","('2024-05-09T17:02:10.210000Z', '2024-05-09T17:02:10.210000Z')",S,PRED,"(1.0, 0.49789318)"
"(2024000533, 3906)","('2024-05-09T17:02:12.980000Z', '2024-05-09T17:02:12.940000Z')",P,ABSI,"(1.0, 0.6191646)"
"(2024000533, 4403)","('2024-05-09T17:02:16.110000Z', '2024-05-09T17:02:15.970000Z')",P,SKDS,"(1.0, 0.17147891)"
"(2024000533, 4505)","('2024-05-09T17:02:16.990000Z', '2024-05-09T17:02:17.220000Z')",P,DOSS,"(1.0, 0.2183824)"
"(2024000533, 4302)","('2024-05-09T17:02:19.680000Z', '2024-05-09T17:02:19.440000Z')",P,KNDS,"(1.0, 0.22163917)"
"(2024000534, 2224)","('2024-05-11T00:12:02.320000Z', '2024-05-11T00:12:02.340000Z')",P,APGO,"(1.0, 0.8579746)"
"(2024000534, 2822)","('2024-05-11T00:12:02.950000Z', '2024-05-11T00:12:02.950000Z')",P,CSO,"(1.0, 0.8377353)"
"(2024000534, 2752)","('2024-05-11T00:12:03.370000Z', '2024-05-11T00:12:03.370000Z')",P,CIMO,"(1.0, 0.80542684)"
"(2024000534, 2955)","('2024-05-11T00:12:03.650000Z', '2024-05-11T00:12:03.590000Z')",P,MLN,"(1.0, 0.104498066)"
"(2024000534, 2720)","('2024-05-11T00:12:03.740000Z', '2024-05-11T00:12:03.710000Z')",P,CAE,"(1.0, 0.38019574)"
"(2024000534, 2225)","('2024-05-11T00:12:04.030000Z', '2024-05-11T00:12:04.020000Z')",S,APGO,"(1.0, 0.7942231)"
"(2024000534, 1996)","('2024-05-11T00:12:04.060000Z', '2024-05-11T00:12:04.150000Z')",P,POLC,"(1.0, 0.5276681)"
"(2024000534, 2216)","('2024-05-11T00:12:05.120000Z', '2024-05-11T00:12:05.000000Z')",P,AGOR,"(1.0, 0.90481484)"
"(2024000534, 2823)","('2024-05-11T00:12:05.120000Z', '2024-05-11T00:12:05.150000Z')",S,CSO,"(1.0, 0.70301485)"
"(2024000534, 3072)","('2024-05-11T00:12:05.200000Z', '2024-05-11T00:12:05.190000Z')",P,VARN,"(1.0, 0.7394406)"
"(2024000534, 2753)","('2024-05-11T00:12:05.860000Z', '2024-05-11T00:12:05.810000Z')",S,CIMO,"(1.0, 0.7457097)"
"(2024000534, 2956)","('2024-05-11T00:12:06.580000Z', '2024-05-11T00:12:06.660000Z')",S,MLN,"(1.0, 0.60244864)"
"(2024000534, 2012)","('2024-05-11T00:12:06.730000Z', '2024-05-11T00:12:07.000000Z')",P,PURA,"(1.0, 0.8929264)"
"(2024000534, 2721)","('2024-05-11T00:12:06.870000Z', '2024-05-11T00:12:06.990000Z')",S,CAE,"(1.0, 0.47166213)"
"(2024000534, 2804)","('2024-05-11T00:12:07.460000Z', '2024-05-11T00:12:06.980000Z')",P,CSM,"(1.0, 0.45688403)"
"(2024000534, 1997)","('2024-05-11T00:12:07.740000Z', '2024-05-11T00:12:07.790000Z')",S,POLC,"(1.0, 0.43442506)"
"(2024000534, 2202)","('2024-05-11T00:12:08.180000Z', '2024-05-11T00:12:08.000000Z')",P,AFL,"(1.0, 0.72124416)"
"(2024000534, 2994)","('2024-05-11T00:12:08.220000Z', '2024-05-11T00:12:07.990000Z')",P,MTLO,"(1.0, 0.8751129)"
"(2024000534, 2983)","('2024-05-11T00:12:08.570000Z', '2024-05-11T00:12:09.000000Z')",P,MPRI,"(1.0, 0.8613281)"
"(2024000534, 2781)","('2024-05-11T00:12:08.710000Z', '2024-05-11T00:12:09.000000Z')",P,CLUD,"(1.0, 0.8197129)"
"(2024000534, 2942)","('2024-05-11T00:12:09.260000Z', '2024-05-11T00:12:09.000000Z')",P,MGBU,"(1.0, 0.9032915)"
"(2024000534, 1455)","('2024-05-11T00:12:09.510000Z', '2024-05-11T00:12:09.990000Z')",P,CTI,"(1.0, 0.5950768)"
"(2024000534, 2681)","('2024-05-11T00:12:09.750000Z', '2024-05-11T00:12:09.990000Z')",P,BOO,"(1.0, 0.81379163)"
"(2024000534, 2714)","('2024-05-11T00:12:10.270000Z', '2024-05-11T00:12:10.060000Z')",P,BUA,"(1.0, 0.5608698)"
"(2024000534, 1524)","('2024-05-11T00:12:10.480000Z', '2024-05-11T00:12:10.490000Z')",P,FVI,"(1.0, 0.4739203)"
"(2024000534, 3045)","('2024-05-11T00:12:10.560000Z', '2024-05-11T00:12:10.990000Z')",P,STIN,"(1.0, 0.29990166)"
"(2024000534, 4906)","('2024-05-11T00:12:11.000000Z', '2024-05-11T00:12:10.970000Z')",P,ZIAN,"(1.0, 0.20242901)"
"(2024000534, 3062)","('2024-05-11T00:12:11.270000Z', '2024-05-11T00:12:11.000000Z')",P,TLI,"(1.0, 0.7588813)"
"(2024000534, 2292)","('2024-05-11T00:12:11.460000Z', '2024-05-11T00:12:11.050000Z')",P,BAD,"(1.0, 0.46379736)"
"(2024000534, 3086)","('2024-05-11T00:12:11.770000Z', '2024-05-11T00:12:11.940000Z')",P,ZOU,"(1.0, 0.21232368)"
"(2024000534, 2073)","('2024-05-11T00:12:11.980000Z', '2024-05-11T00:12:11.970000Z')",P,ABTA,"(1.0, 0.829189)"
"(2024000534, 3002)","('2024-05-11T00:12:12.800000Z', '2024-05-11T00:12:12.580000Z')",P,PLRO,"(1.0, 0.14585899)"
"(2024000534, 2736)","('2024-05-11T00:12:13.040000Z', '2024-05-11T00:12:13.070000Z')",P,CEKR,"(1.0, 0.6654626)"
"(2024000534, 2794)","('2024-05-11T00:12:13.580000Z', '2024-05-11T00:12:13.870000Z')",P,COLI,"(1.0, 0.35325894)"
"(2024000534, 2806)","('2024-05-11T00:12:14.180000Z', '2024-05-11T00:12:14.120000Z')",S,CSM,"(1.0, 0.42331412)"
"(2024000534, 4711)","('2024-05-11T00:12:14.570000Z', '2024-05-11T00:12:14.910000Z')",P,ROBS,"(1.0, 0.4679787)"
"(2024000534, 4874)","('2024-05-11T00:12:14.750000Z', '2024-05-11T00:12:14.830000Z')",P,PANI,"(1.0, 0.77772874)"
"(2024000534, 4168)","('2024-05-11T00:12:15.170000Z', '2024-05-11T00:12:15.180000Z')",P,KOSI,"(1.0, 0.86178035)"
"(2024000534, 2984)","('2024-05-11T00:12:15.830000Z', '2024-05-11T00:12:15.990000Z')",S,MPRI,"(1.0, 0.4112103)"
"(2024000534, 2900)","('2024-05-11T00:12:16.440000Z', '2024-05-11T00:12:16.360000Z')",P,LSR,"(1.0, 0.46043923)"
"(2024000534, 3019)","('2024-05-11T00:12:16.600000Z', '2024-05-11T00:12:16.680000Z')",P,PRED,"(1.0, 0.20717813)"
"(2024000534, 1347)","('2024-05-11T00:12:16.840000Z', '2024-05-11T00:12:16.930000Z')",P,APPI,"(1.0, 0.7447314)"
"(2024000534, 2167)","('2024-05-11T00:12:17.080000Z', '2024-05-11T00:12:17.270000Z')",P,ACOM,"(1.0, 0.38946912)"
"(2024000534, 2839)","('2024-05-11T00:12:17.130000Z', '2024-05-11T00:12:17.040000Z')",P,DRE,"(1.0, 0.42230266)"
"(2024000534, 4840)","('2024-05-11T00:12:17.190000Z', '2024-05-11T00:12:17.300000Z')",P,DOSS,"(1.0, 0.7939563)"
"(2024000534, 3033)","('2024-05-11T00:12:17.240000Z', '2024-05-11T00:12:17.400000Z')",P,SABO,"(1.0, 0.45860028)"
"(2024000534, 4155)","('2024-05-11T00:12:17.620000Z', '2024-05-11T00:12:17.760000Z')",P,ABSI,"(1.0, 0.6623644)"
"(2024000534, 1525)","('2024-05-11T00:12:17.750000Z', '2024-05-11T00:12:17.750000Z')",S,FVI,"(1.0, 0.38151303)"
"(2024000534, 4221)","('2024-05-11T00:12:18.140000Z', '2024-05-11T00:12:18.130000Z')",P,CADS,"(1.0, 0.6206027)"
"(2024000534, 4868)","('2024-05-11T00:12:18.500000Z', '2024-05-11T00:12:18.640000Z')",P,OZOL,"(1.0, 0.55532694)"
"(2024000534, 2118)","('2024-05-11T00:12:19.010000Z', '2024-05-11T00:12:19.370000Z')",P,MYKA,"(1.0, 0.5230402)"
"(2024000534, 2912)","('2024-05-11T00:12:19.100000Z', '2024-05-11T00:12:19.040000Z')",P,MARN,"(1.0, 0.45449692)"
"(2024000534, 1872)","('2024-05-11T00:12:19.200000Z', '2024-05-11T00:12:19.200000Z')",P,TEOL,"(1.0, 0.46014407)"
"(2024000534, 4856)","('2024-05-11T00:12:19.250000Z', '2024-05-11T00:12:19.290000Z')",P,GAGG,"(1.0, 0.6914315)"
"(2024000534, 4180)","('2024-05-11T00:12:19.760000Z', '2024-05-11T00:12:19.810000Z')",P,LUSI,"(1.0, 0.6988825)"
"(2024000534, 4807)","('2024-05-11T00:12:20.010000Z', '2024-05-11T00:12:20.160000Z')",P,VOJS,"(1.0, 0.24767739)"
"(2024000534, 1933)","('2024-05-11T00:12:20.550000Z', '2024-05-11T00:12:20.660000Z')",P,TRI,"(1.0, 0.604045)"
"(2024000534, 4565)","('2024-05-11T00:12:21.250000Z', '2024-05-11T00:12:21.330000Z')",P,GORS,"(1.0, 0.53073794)"
"(2024000534, 1946)","('2024-05-11T00:12:21.410000Z', '2024-05-11T00:12:21.520000Z')",P,DST2,"(1.0, 0.74316674)"
"(2024000534, 2307)","('2024-05-11T00:12:22.800000Z', '2024-05-11T00:12:22.980000Z')",P,BALD,"(1.0, 0.32173017)"
"(2024000534, 4582)","('2024-05-11T00:12:22.930000Z', '2024-05-11T00:12:23.050000Z')",P,JAVS,"(1.0, 0.57771385)"
"(2024000534, 4830)","('2024-05-11T00:12:22.980000Z', '2024-05-11T00:12:22.970000Z')",P,CARE,"(1.0, 0.52211386)"
"(2024000534, 2853)","('2024-05-11T00:12:24.260000Z', '2024-05-11T00:12:24.700000Z')",P,GARG,"(1.0, 0.55454683)"
"(2024000534, 4727)","('2024-05-11T00:12:24.340000Z', '2024-05-11T00:12:24.330000Z')",P,SKDS,"(1.0, 0.7187887)"
"(2024000534, 1540)","('2024-05-11T00:12:24.840000Z', '2024-05-11T00:12:24.890000Z')",P,MAGA,"(1.0, 0.5842913)"
"(2024000534, 1532)","('2024-05-11T00:12:25.140000Z', '2024-05-11T00:12:25.270000Z')",P,MABI,"(1.0, 0.44322014)"
"(2024000534, 4646)","('2024-05-11T00:12:26.680000Z', '2024-05-11T00:12:26.880000Z')",P,MOZS,"(1.0, 0.27076605)"
"(2024000534, 4517)","('2024-05-11T00:12:26.710000Z', '2024-05-11T00:12:26.740000Z')",P,GBAS,"(1.0, 0.6105554)"
"(2024000534, 2086)","('2024-05-11T00:12:26.760000Z', '2024-05-11T00:12:26.890000Z')",P,FETA,"(1.0, 0.409609)"
"(2024000534, 4249)","('2024-05-11T00:12:27.010000Z', '2024-05-11T00:12:27.070000Z')",P,CEY,"(1.0, 0.44460836)"
"(2024000534, 4609)","('2024-05-11T00:12:27.730000Z', '2024-05-11T00:12:27.780000Z')",P,KNDS,"(1.0, 0.44010457)"
"(2024000535, 2230)","('2024-05-11T00:34:16.960000Z', '2024-05-11T00:34:16.950000Z')",P,APGO,"(1.0, 0.91295564)"
"(2024000535, 2825)","('2024-05-11T00:34:17.610000Z', '2024-05-11T00:34:17.600000Z')",P,CSO,"(1.0, 0.83807904)"
"(2024000535, 2756)","('2024-05-11T00:34:18.010000Z', '2024-05-11T00:34:18.030000Z')",P,CIMO,"(1.0, 0.88452566)"
"(2024000535, 2960)","('2024-05-11T00:34:18.290000Z', '2024-05-11T00:34:18.340000Z')",P,MLN,"(1.0, 0.6758662)"
"(2024000535, 2722)","('2024-05-11T00:34:18.360000Z', '2024-05-11T00:34:18.410000Z')",P,CAE,"(1.0, 0.7935522)"
"(2024000535, 2231)","('2024-05-11T00:34:18.680000Z', '2024-05-11T00:34:18.680000Z')",S,APGO,"(1.0, 0.8529116)"
"(2024000535, 1998)","('2024-05-11T00:34:18.690000Z', '2024-05-11T00:34:18.870000Z')",P,POLC,"(1.0, 0.64912605)"
"(2024000535, 1848)","('2024-05-11T00:34:19.560000Z', '2024-05-11T00:34:19.630000Z')",P,STAL,"(1.0, 0.64006746)"
"(2024000535, 2826)","('2024-05-11T00:34:19.700000Z', '2024-05-11T00:34:19.640000Z')",S,CSO,"(1.0, 0.6357689)"
"(2024000535, 3074)","('2024-05-11T00:34:19.960000Z', '2024-05-11T00:34:20.030000Z')",P,VARN,"(1.0, 0.6888109)"
"(2024000535, 2757)","('2024-05-11T00:34:20.520000Z', '2024-05-11T00:34:20.510000Z')",S,CIMO,"(1.0, 0.8177203)"
"(2024000535, 2961)","('2024-05-11T00:34:21.100000Z', '2024-05-11T00:34:21.240000Z')",S,MLN,"(1.0, 0.2445911)"
"(2024000535, 2014)","('2024-05-11T00:34:21.390000Z', '2024-05-11T00:34:21.420000Z')",P,PURA,"(1.0, 0.46645638)"
"(2024000535, 2723)","('2024-05-11T00:34:21.420000Z', '2024-05-11T00:34:21.460000Z')",S,CAE,"(1.0, 0.3982435)"
"(2024000535, 1999)","('2024-05-11T00:34:22.380000Z', '2024-05-11T00:34:22.450000Z')",S,POLC,"(1.0, 0.57902896)"
"(2024000535, 2985)","('2024-05-11T00:34:23.380000Z', '2024-05-11T00:34:23.310000Z')",P,MPRI,"(1.0, 0.16965568)"
"(2024000535, 1849)","('2024-05-11T00:34:23.780000Z', '2024-05-11T00:34:23.930000Z')",S,STAL,"(1.0, 0.5119494)"
"(2024000535, 4909)","('2024-05-11T00:34:26.510000Z', '2024-05-11T00:34:26.550000Z')",P,ZIAN,"(1.0, 0.7896607)"
"(2024000535, 4170)","('2024-05-11T00:34:29.720000Z', '2024-05-11T00:34:29.790000Z')",P,KOSI,"(1.0, 0.8251509)"
"(2024000535, 4713)","('2024-05-11T00:34:29.890000Z', '2024-05-11T00:34:29.700000Z')",P,ROBS,"(1.0, 0.21536265)"
"(2024000535, 2986)","('2024-05-11T00:34:30.330000Z', '2024-05-11T00:34:30.530000Z')",S,MPRI,"(1.0, 0.3514275)"
"(2024000535, 4842)","('2024-05-11T00:34:31.870000Z', '2024-05-11T00:34:31.880000Z')",P,DOSS,"(1.0, 0.72679955)"
"(2024000535, 4157)","('2024-05-11T00:34:32.530000Z', '2024-05-11T00:34:32.780000Z')",P,ABSI,"(1.0, 0.41377664)"
"(2024000535, 4809)","('2024-05-11T00:34:35.130000Z', '2024-05-11T00:34:35.000000Z')",P,VOJS,"(1.0, 0.86893344)"
"(2024000535, 4567)","('2024-05-11T00:34:35.980000Z', '2024-05-11T00:34:36.000000Z')",P,GORS,"(1.0, 0.88157505)"
"(2024000535, 4584)","('2024-05-11T00:34:37.890000Z', '2024-05-11T00:34:38.000000Z')",P,JAVS,"(1.0, 0.8815077)"
"(2024000535, 4729)","('2024-05-11T00:34:39.020000Z', '2024-05-11T00:34:39.000000Z')",P,SKDS,"(1.0, 0.91451955)"
"(2024000535, 4648)","('2024-05-11T00:34:42.020000Z', '2024-05-11T00:34:42.220000Z')",P,MOZS,"(1.0, 0.3658262)"
"(2024000535, 4611)","('2024-05-11T00:34:42.740000Z', '2024-05-11T00:34:42.740000Z')",P,KNDS,"(1.0, 0.18517303)"
"(2024000536, 2246)","('2024-05-11T12:05:43.320000Z', '2024-05-11T12:05:43.320000Z')",P,APGO,"(1.0, 0.89956814)"
"(2024000536, 2827)","('2024-05-11T12:05:43.950000Z', '2024-05-11T12:05:43.950000Z')",P,CSO,"(1.0, 0.8821221)"
"(2024000536, 2764)","('2024-05-11T12:05:44.370000Z', '2024-05-11T12:05:44.410000Z')",P,CIMO,"(1.0, 0.87712514)"
"(2024000536, 2966)","('2024-05-11T12:05:44.630000Z', '2024-05-11T12:05:44.730000Z')",P,MLN,"(1.0, 0.74812)"
"(2024000536, 2726)","('2024-05-11T12:05:44.750000Z', '2024-05-11T12:05:44.770000Z')",P,CAE,"(1.0, 0.7981079)"
"(2024000536, 2002)","('2024-05-11T12:05:44.980000Z', '2024-05-11T12:05:45.110000Z')",P,POLC,"(1.0, 0.6554233)"
"(2024000536, 2247)","('2024-05-11T12:05:45.060000Z', '2024-05-11T12:05:45.050000Z')",S,APGO,"(1.0, 0.84822094)"
"(2024000536, 1858)","('2024-05-11T12:05:46.020000Z', '2024-05-11T12:05:46.010000Z')",P,STAL,"(1.0, 0.70432556)"
"(2024000536, 2828)","('2024-05-11T12:05:46.080000Z', '2024-05-11T12:05:46.150000Z')",S,CSO,"(1.0, 0.8028322)"
"(2024000536, 2219)","('2024-05-11T12:05:46.140000Z', '2024-05-11T12:05:46.170000Z')",P,AGOR,"(1.0, 0.638384)"
"(2024000536, 3079)","('2024-05-11T12:05:46.220000Z', '2024-05-11T12:05:46.330000Z')",P,VARN,"(1.0, 0.6797202)"
"(2024000536, 2765)","('2024-05-11T12:05:46.840000Z', '2024-05-11T12:05:46.830000Z')",S,CIMO,"(1.0, 0.7576151)"
"(2024000536, 2967)","('2024-05-11T12:05:47.600000Z', '2024-05-11T12:05:47.530000Z')",S,MLN,"(1.0, 0.32004526)"
"(2024000536, 2027)","('2024-05-11T12:05:47.710000Z', '2024-05-11T12:05:47.770000Z')",P,PURA,"(1.0, 0.5493988)"
"(2024000536, 2727)","('2024-05-11T12:05:47.860000Z', '2024-05-11T12:05:47.810000Z')",S,CAE,"(1.0, 0.48476005)"
"(2024000536, 2813)","('2024-05-11T12:05:48.580000Z', '2024-05-11T12:05:48.570000Z')",P,CSM,"(1.0, 0.4494639)"
"(2024000536, 2003)","('2024-05-11T12:05:48.780000Z', '2024-05-11T12:05:48.820000Z')",S,POLC,"(1.0, 0.5902536)"
"(2024000536, 2207)","('2024-05-11T12:05:49.200000Z', '2024-05-11T12:05:49.390000Z')",P,AFL,"(1.0, 0.34357083)"
"(2024000536, 2998)","('2024-05-11T12:05:49.300000Z', '2024-05-11T12:05:49.210000Z')",P,MTLO,"(1.0, 0.590299)"
"(2024000536, 2990)","('2024-05-11T12:05:49.900000Z', '2024-05-11T12:05:49.890000Z')",P,MPRI,"(1.0, 0.28892815)"
"(2024000536, 1859)","('2024-05-11T12:05:50.170000Z', '2024-05-11T12:05:50.290000Z')",S,STAL,"(1.0, 0.51636523)"
"(2024000536, 2220)","('2024-05-11T12:05:50.480000Z', '2024-05-11T12:05:50.370000Z')",S,AGOR,"(1.0, 0.16941786)"
"(2024000536, 1459)","('2024-05-11T12:05:50.780000Z', '2024-05-11T12:05:50.990000Z')",P,CTI,"(1.0, 0.22625926)"
"(2024000536, 2690)","('2024-05-11T12:05:50.990000Z', '2024-05-11T12:05:50.840000Z')",P,BOO,"(1.0, 0.43702647)"
"(2024000536, 3066)","('2024-05-11T12:05:52.190000Z', '2024-05-11T12:05:52.010000Z')",P,TLI,"(1.0, 0.26471448)"
"(2024000536, 2299)","('2024-05-11T12:05:52.370000Z', '2024-05-11T12:05:52.330000Z')",P,BAD,"(1.0, 0.23653975)"
"(2024000536, 2077)","('2024-05-11T12:05:53.190000Z', '2024-05-11T12:05:53.250000Z')",P,ABTA,"(1.0, 0.35055986)"
"(2024000536, 3009)","('2024-05-11T12:05:54.120000Z', '2024-05-11T12:05:54.080000Z')",P,PLRO,"(1.0, 0.5879578)"
"(2024000536, 2740)","('2024-05-11T12:05:54.340000Z', '2024-05-11T12:05:54.360000Z')",P,CEKR,"(1.0, 0.47467783)"
"(2024000536, 2814)","('2024-05-11T12:05:55.160000Z', '2024-05-11T12:05:55.200000Z')",S,CSM,"(1.0, 0.5772323)"
"(2024000536, 2208)","('2024-05-11T12:05:55.610000Z', '2024-05-11T12:05:55.660000Z')",S,AFL,"(1.0, 0.5400927)"
"(2024000536, 4878)","('2024-05-11T12:05:55.710000Z', '2024-05-11T12:05:55.760000Z')",P,PANI,"(1.0, 0.7480245)"
"(2024000536, 4172)","('2024-05-11T12:05:56.070000Z', '2024-05-11T12:05:56.180000Z')",P,KOSI,"(1.0, 0.87854284)"
"(2024000536, 4716)","('2024-05-11T12:05:56.200000Z', '2024-05-11T12:05:56.300000Z')",P,ROBS,"(1.0, 0.45911184)"
"(2024000536, 3022)","('2024-05-11T12:05:57.450000Z', '2024-05-11T12:05:57.790000Z')",P,PRED,"(1.0, 0.24509943)"
"(2024000536, 4844)","('2024-05-11T12:05:58.170000Z', '2024-05-11T12:05:58.260000Z')",P,DOSS,"(1.0, 0.6799444)"
"(2024000536, 2177)","('2024-05-11T12:05:58.230000Z', '2024-05-11T12:05:58.370000Z')",P,ACOM,"(1.0, 0.5748259)"
"(2024000536, 3037)","('2024-05-11T12:05:58.340000Z', '2024-05-11T12:05:58.600000Z')",P,SABO,"(1.0, 0.2415577)"
"(2024000536, 4160)","('2024-05-11T12:05:58.650000Z', '2024-05-11T12:05:58.760000Z')",P,ABSI,"(1.0, 0.6156346)"
"(2024000536, 4225)","('2024-05-11T12:05:59.070000Z', '2024-05-11T12:05:59.190000Z')",P,CADS,"(1.0, 0.45299047)"
"(2024000536, 4872)","('2024-05-11T12:05:59.700000Z', '2024-05-11T12:05:59.760000Z')",P,OZOL,"(1.0, 0.5651716)"
"(2024000536, 2925)","('2024-05-11T12:06:00.160000Z', '2024-05-11T12:06:00.100000Z')",P,MARN,"(1.0, 0.59756404)"
"(2024000536, 4860)","('2024-05-11T12:06:00.250000Z', '2024-05-11T12:06:00.280000Z')",P,GAGG,"(1.0, 0.7088872)"
"(2024000536, 4184)","('2024-05-11T12:06:00.660000Z', '2024-05-11T12:06:00.850000Z')",P,LUSI,"(1.0, 0.665141)"
"(2024000536, 1942)","('2024-05-11T12:06:01.540000Z', '2024-05-11T12:06:01.730000Z')",P,TRI,"(1.0, 0.45653045)"
"(2024000536, 4571)","('2024-05-11T12:06:02.320000Z', '2024-05-11T12:06:02.260000Z')",P,GORS,"(1.0, 0.16543472)"
"(2024000536, 4834)","('2024-05-11T12:06:04.080000Z', '2024-05-11T12:06:04.020000Z')",P,CARE,"(1.0, 0.52483535)"
"(2024000536, 4890)","('2024-05-11T12:06:05.160000Z', '2024-05-11T12:06:05.000000Z')",P,RONC,"(1.0, 0.90851253)"
"(2024000536, 4752)","('2024-05-11T12:06:05.320000Z', '2024-05-11T12:06:05.000000Z')",P,SKDS,"(1.0, 0.88443094)"
"(2024000536, 2857)","('2024-05-11T12:06:05.620000Z', '2024-05-11T12:06:05.530000Z')",P,GARG,"(1.0, 0.1789005)"
"(2024000536, 1534)","('2024-05-11T12:06:06.420000Z', '2024-05-11T12:06:06.030000Z')",P,MABI,"(1.0, 0.44499832)"
"(2024000536, 4532)","('2024-05-11T12:06:07.820000Z', '2024-05-11T12:06:08.010000Z')",P,GBAS,"(1.0, 0.8520902)"
"(2024000536, 2089)","('2024-05-11T12:06:08.130000Z', '2024-05-11T12:06:08.010000Z')",P,FETA,"(1.0, 0.78110695)"
"(2024000536, 4626)","('2024-05-11T12:06:08.850000Z', '2024-05-11T12:06:09.000000Z')",P,KNDS,"(1.0, 0.8803422)"
"(2024000537, 2253)","('2024-05-11T13:01:46.340000Z', '2024-05-11T13:01:46.360000Z')",P,APGO,"(1.0, 0.90221334)"
"(2024000537, 2831)","('2024-05-11T13:01:46.960000Z', '2024-05-11T13:01:46.990000Z')",P,CSO,"(1.0, 0.89209336)"
"(2024000537, 2768)","('2024-05-11T13:01:47.380000Z', '2024-05-11T13:01:47.380000Z')",P,CIMO,"(1.0, 0.8591947)"
"(2024000537, 2970)","('2024-05-11T13:01:47.760000Z', '2024-05-11T13:01:47.770000Z')",P,MLN,"(1.0, 0.73644185)"
"(2024000537, 2730)","('2024-05-11T13:01:47.780000Z', '2024-05-11T13:01:47.790000Z')",P,CAE,"(1.0, 0.8245513)"
"(2024000537, 2254)","('2024-05-11T13:01:48.060000Z', '2024-05-11T13:01:48.060000Z')",S,APGO,"(1.0, 0.8609388)"
"(2024000537, 2006)","('2024-05-11T13:01:48.080000Z', '2024-05-11T13:01:48.220000Z')",P,POLC,"(1.0, 0.7350111)"
"(2024000537, 1862)","('2024-05-11T13:01:49.040000Z', '2024-05-11T13:01:49.070000Z')",P,STAL,"(1.0, 0.4632745)"
"(2024000537, 2832)","('2024-05-11T13:01:49.190000Z', '2024-05-11T13:01:49.210000Z')",S,CSO,"(1.0, 0.8375516)"
"(2024000537, 2222)","('2024-05-11T13:01:49.210000Z', '2024-05-11T13:01:49.230000Z')",P,AGOR,"(1.0, 0.38534558)"
"(2024000537, 3081)","('2024-05-11T13:01:49.320000Z', '2024-05-11T13:01:49.430000Z')",P,VARN,"(1.0, 0.71552193)"
"(2024000537, 2769)","('2024-05-11T13:01:49.860000Z', '2024-05-11T13:01:49.840000Z')",S,CIMO,"(1.0, 0.79795766)"
"(2024000537, 2971)","('2024-05-11T13:01:50.690000Z', '2024-05-11T13:01:50.740000Z')",S,MLN,"(1.0, 0.5857546)"
"(2024000537, 2007)","('2024-05-11T13:01:51.660000Z', '2024-05-11T13:01:51.810000Z')",S,POLC,"(1.0, 0.52228963)"
"(2024000537, 1863)","('2024-05-11T13:01:53.200000Z', '2024-05-11T13:01:53.320000Z')",S,STAL,"(1.0, 0.45438772)"
"(2024000537, 4915)","('2024-05-11T13:01:55.800000Z', '2024-05-11T13:01:55.930000Z')",P,ZIAN,"(1.0, 0.74496984)"
"(2024000537, 4880)","('2024-05-11T13:01:58.850000Z', '2024-05-11T13:01:58.850000Z')",P,PANI,"(1.0, 0.7826498)"
"(2024000537, 4174)","('2024-05-11T13:01:59.130000Z', '2024-05-11T13:01:59.190000Z')",P,KOSI,"(1.0, 0.81664884)"
"(2024000537, 4846)","('2024-05-11T13:02:01.300000Z', '2024-05-11T13:02:01.270000Z')",P,DOSS,"(1.0, 0.676486)"
"(2024000537, 4162)","('2024-05-11T13:02:01.750000Z', '2024-05-11T13:02:01.940000Z')",P,ABSI,"(1.0, 0.2264856)"
"(2024000537, 3039)","('2024-05-11T13:02:02.070000Z', '2024-05-11T13:02:01.820000Z')",P,SABO,"(1.0, 0.1568744)"
"(2024000537, 4227)","('2024-05-11T13:02:02.420000Z', '2024-05-11T13:02:02.200000Z')",P,CADS,"(1.0, 0.24438441)"
"(2024000537, 4818)","('2024-05-11T13:02:04.350000Z', '2024-05-11T13:02:04.400000Z')",P,VOJS,"(1.0, 0.53067577)"
"(2024000537, 4574)","('2024-05-11T13:02:05.830000Z', '2024-05-11T13:02:06.000000Z')",P,GORS,"(1.0, 0.60718966)"
"(2024000537, 4601)","('2024-05-11T13:02:07.150000Z', '2024-05-11T13:02:07.090000Z')",P,JAVS,"(1.0, 0.49203026)"
"(2024000537, 4754)","('2024-05-11T13:02:08.370000Z', '2024-05-11T13:02:08.000000Z')",P,SKDS,"(1.0, 0.63077056)"
"(2024000537, 2859)","('2024-05-11T13:02:08.850000Z', '2024-05-11T13:02:08.840000Z')",P,GARG,"(1.0, 0.38219413)"
"(2024000537, 4534)","('2024-05-11T13:02:10.950000Z', '2024-05-11T13:02:10.990000Z')",P,GBAS,"(1.0, 0.5475606)"
"(2024000537, 4628)","('2024-05-11T13:02:11.870000Z', '2024-05-11T13:02:11.920000Z')",P,KNDS,"(1.0, 0.54697454)"
"(2024000538, 2257)","('2024-05-11T13:07:36.390000Z', '2024-05-11T13:07:36.400000Z')",P,APGO,"(1.0, 0.90136814)"
"(2024000538, 2833)","('2024-05-11T13:07:37.010000Z', '2024-05-11T13:07:37.000000Z')",P,CSO,"(1.0, 0.92665905)"
"(2024000538, 2770)","('2024-05-11T13:07:37.420000Z', '2024-05-11T13:07:37.440000Z')",P,CIMO,"(1.0, 0.81138116)"
"(2024000538, 2732)","('2024-05-11T13:07:37.790000Z', '2024-05-11T13:07:37.960000Z')",P,CAE,"(1.0, 0.78491515)"
"(2024000538, 2972)","('2024-05-11T13:07:37.830000Z', '2024-05-11T13:07:38.000000Z')",P,MLN,"(1.0, 0.8824338)"
"(2024000538, 2258)","('2024-05-11T13:07:38.090000Z', '2024-05-11T13:07:38.100000Z')",S,APGO,"(1.0, 0.8493184)"
"(2024000538, 2008)","('2024-05-11T13:07:38.180000Z', '2024-05-11T13:07:38.000000Z')",P,POLC,"(1.0, 0.8032506)"
"(2024000538, 2834)","('2024-05-11T13:07:39.170000Z', '2024-05-11T13:07:39.230000Z')",S,CSO,"(1.0, 0.7697262)"
"(2024000538, 3083)","('2024-05-11T13:07:39.280000Z', '2024-05-11T13:07:39.510000Z')",P,VARN,"(1.0, 0.59032553)"
"(2024000538, 1864)","('2024-05-11T13:07:39.430000Z', '2024-05-11T13:07:39.000000Z')",P,STAL,"(1.0, 0.89352465)"
"(2024000538, 2771)","('2024-05-11T13:07:39.850000Z', '2024-05-11T13:07:39.880000Z')",S,CIMO,"(1.0, 0.7148338)"
"(2024000538, 2973)","('2024-05-11T13:07:40.620000Z', '2024-05-11T13:07:40.810000Z')",S,MLN,"(1.0, 0.50417465)"
"(2024000538, 2009)","('2024-05-11T13:07:41.780000Z', '2024-05-11T13:07:41.890000Z')",S,POLC,"(1.0, 0.56859195)"
"(2024000538, 4917)","('2024-05-11T13:07:45.920000Z', '2024-05-11T13:07:45.980000Z')",P,ZIAN,"(1.0, 0.8143989)"
"(2024000538, 2303)","('2024-05-11T13:07:46.230000Z', '2024-05-11T13:07:45.910000Z')",P,BAD,"(1.0, 0.24132168)"
"(2024000538, 4176)","('2024-05-11T13:07:49.180000Z', '2024-05-11T13:07:49.260000Z')",P,KOSI,"(1.0, 0.7848056)"
"(2024000538, 4848)","('2024-05-11T13:07:51.380000Z', '2024-05-11T13:07:51.390000Z')",P,DOSS,"(1.0, 0.6579324)"
"(2024000538, 3041)","('2024-05-11T13:07:52.170000Z', '2024-05-11T13:07:52.380000Z')",P,SABO,"(1.0, 0.153996)"
"(2024000538, 4820)","('2024-05-11T13:07:54.590000Z', '2024-05-11T13:07:54.610000Z')",P,VOJS,"(1.0, 0.45228925)"
"(2024000538, 4756)","('2024-05-11T13:07:58.550000Z', '2024-05-11T13:07:58.460000Z')",P,SKDS,"(1.0, 0.74543643)"
"(2024000539, 2259)","('2024-05-11T13:12:22.150000Z', '2024-05-11T13:12:22.150000Z')",P,APGO,"(1.0, 0.88343865)"
"(2024000539, 2835)","('2024-05-11T13:12:22.760000Z', '2024-05-11T13:12:22.750000Z')",P,CSO,"(1.0, 0.86817014)"
"(2024000539, 2772)","('2024-05-11T13:12:23.170000Z', '2024-05-11T13:12:23.150000Z')",P,CIMO,"(1.0, 0.8861995)"
"(2024000539, 2976)","('2024-05-11T13:12:23.540000Z', '2024-05-11T13:12:23.540000Z')",P,MLN,"(1.0, 0.64210325)"
"(2024000539, 2734)","('2024-05-11T13:12:23.570000Z', '2024-05-11T13:12:23.570000Z')",P,CAE,"(1.0, 0.15842086)"
"(2024000539, 2260)","('2024-05-11T13:12:23.880000Z', '2024-05-11T13:12:23.860000Z')",S,APGO,"(1.0, 0.8535836)"
"(2024000539, 2010)","('2024-05-11T13:12:24.010000Z', '2024-05-11T13:12:24.040000Z')",P,POLC,"(1.0, 0.73589826)"
"(2024000539, 2836)","('2024-05-11T13:12:25.090000Z', '2024-05-11T13:12:25.010000Z')",S,CSO,"(1.0, 0.7449096)"
"(2024000539, 1866)","('2024-05-11T13:12:25.150000Z', '2024-05-11T13:12:25.020000Z')",P,STAL,"(1.0, 0.14738011)"
"(2024000539, 2773)","('2024-05-11T13:12:25.680000Z', '2024-05-11T13:12:25.650000Z')",S,CIMO,"(1.0, 0.76687616)"
"(2024000539, 2977)","('2024-05-11T13:12:26.630000Z', '2024-05-11T13:12:26.490000Z')",S,MLN,"(1.0, 0.3463509)"
"(2024000539, 2011)","('2024-05-11T13:12:27.770000Z', '2024-05-11T13:12:27.620000Z')",S,POLC,"(1.0, 0.63818866)"
"(2024000539, 1867)","('2024-05-11T13:12:28.780000Z', '2024-05-11T13:12:29.030000Z')",S,STAL,"(1.0, 0.12153985)"
"(2024000540, 4237)","('2024-05-11T16:45:13.430000Z', '2024-05-11T16:45:13.420000Z')",P,CADS,"(1.0, 0.8106684)"
"(2024000540, 4724)","('2024-05-11T16:45:13.860000Z', '2024-05-11T16:45:13.850000Z')",P,ROBS,"(1.0, 0.87557954)"
"(2024000540, 2844)","('2024-05-11T16:45:13.890000Z', '2024-05-11T16:45:13.860000Z')",P,DRE,"(1.0, 0.84700644)"
"(2024000540, 4238)","('2024-05-11T16:45:14.820000Z', '2024-05-11T16:45:14.780000Z')",S,CADS,"(1.0, 0.8059864)"
"(2024000540, 3031)","('2024-05-11T16:45:15.080000Z', '2024-05-11T16:45:15.070000Z')",P,PRED,"(1.0, 0.8306755)"
"(2024000540, 2845)","('2024-05-11T16:45:15.700000Z', '2024-05-11T16:45:15.710000Z')",S,DRE,"(1.0, 0.85761493)"
"(2024000540, 4725)","('2024-05-11T16:45:15.730000Z', '2024-05-11T16:45:15.680000Z')",S,ROBS,"(1.0, 0.7387106)"
"(2024000540, 2910)","('2024-05-11T16:45:15.910000Z', '2024-05-11T16:45:15.900000Z')",P,LSR,"(1.0, 0.7563298)"
"(2024000540, 4580)","('2024-05-11T16:45:16.220000Z', '2024-05-11T16:45:16.240000Z')",P,GORS,"(1.0, 0.7543767)"
"(2024000540, 2802)","('2024-05-11T16:45:16.720000Z', '2024-05-11T16:45:16.730000Z')",P,COLI,"(1.0, 0.51318735)"
"(2024000540, 2184)","('2024-05-11T16:45:17.210000Z', '2024-05-11T16:45:17.160000Z')",P,ACOM,"(1.0, 0.49290568)"
"(2024000540, 2305)","('2024-05-11T16:45:17.370000Z', '2024-05-11T16:45:17.320000Z')",P,BAD,"(1.0, 0.66519296)"
"(2024000540, 3043)","('2024-05-11T16:45:17.580000Z', '2024-05-11T16:45:17.660000Z')",P,SABO,"(1.0, 0.6701499)"
"(2024000540, 3032)","('2024-05-11T16:45:17.860000Z', '2024-05-11T16:45:17.930000Z')",S,PRED,"(1.0, 0.79020065)"
"(2024000540, 2911)","('2024-05-11T16:45:19.510000Z', '2024-05-11T16:45:19.650000Z')",S,LSR,"(1.0, 0.71846646)"
"(2024000540, 4581)","('2024-05-11T16:45:20.380000Z', '2024-05-11T16:45:20.440000Z')",S,GORS,"(1.0, 0.750259)"
"(2024000540, 2803)","('2024-05-11T16:45:20.680000Z', '2024-05-11T16:45:21.020000Z')",S,COLI,"(1.0, 0.34726983)"
"(2024000540, 2185)","('2024-05-11T16:45:22.030000Z', '2024-05-11T16:45:22.150000Z')",S,ACOM,"(1.0, 0.31155923)"
"(2024000540, 2306)","('2024-05-11T16:45:22.050000Z', '2024-05-11T16:45:22.130000Z')",S,BAD,"(1.0, 0.68890387)"
"(2024000540, 3044)","('2024-05-11T16:45:22.860000Z', '2024-05-11T16:45:22.970000Z')",S,SABO,"(1.0, 0.18468334)"
"(2024000541, 2668)","('2024-05-11T21:33:22.430000Z', '2024-05-11T21:33:22.460000Z')",P,BALD,"(1.0, 0.8221963)"
"(2024000541, 2865)","('2024-05-11T21:33:23.100000Z', '2024-05-11T21:33:23.130000Z')",P,GARG,"(1.0, 0.85574025)"
"(2024000541, 1558)","('2024-05-11T21:33:23.430000Z', '2024-05-11T21:33:23.510000Z')",P,MAGA,"(1.0, 0.64010024)"
"(2024000541, 2669)","('2024-05-11T21:33:23.650000Z', '2024-05-11T21:33:23.670000Z')",S,BALD,"(1.0, 0.6814763)"
"(2024000541, 2866)","('2024-05-11T21:33:24.920000Z', '2024-05-11T21:33:24.980000Z')",S,GARG,"(1.0, 0.82282996)"
"(2024000541, 1559)","('2024-05-11T21:33:25.650000Z', '2024-05-11T21:33:25.690000Z')",S,MAGA,"(1.0, 0.7674099)"
"(2024000541, 4852)","('2024-05-11T21:33:27.290000Z', '2024-05-11T21:33:27.170000Z')",P,DOSS,"(1.0, 0.1461383)"
"(2024000541, 4192)","('2024-05-11T21:33:29.020000Z', '2024-05-11T21:33:29.100000Z')",S,LUSI,"(1.0, 0.16383861)"
"(2024000542, 2678)","('2024-05-11T23:12:38.290000Z', '2024-05-11T23:12:38.310000Z')",P,BALD,"(1.0, 0.7619993)"
"(2024000542, 2867)","('2024-05-11T23:12:38.920000Z', '2024-05-11T23:12:38.950000Z')",P,GARG,"(1.0, 0.84096074)"
"(2024000542, 1560)","('2024-05-11T23:12:39.290000Z', '2024-05-11T23:12:39.300000Z')",P,MAGA,"(1.0, 0.8536394)"
"(2024000542, 2679)","('2024-05-11T23:12:39.540000Z', '2024-05-11T23:12:39.580000Z')",S,BALD,"(1.0, 0.7282395)"
"(2024000542, 2868)","('2024-05-11T23:12:40.800000Z', '2024-05-11T23:12:40.830000Z')",S,GARG,"(1.0, 0.8275483)"
"(2024000542, 4193)","('2024-05-11T23:12:41.460000Z', '2024-05-11T23:12:41.500000Z')",P,LUSI,"(1.0, 0.2635543)"
"(2024000542, 1561)","('2024-05-11T23:12:41.540000Z', '2024-05-11T23:12:41.520000Z')",S,MAGA,"(1.0, 0.82592213)"
"(2024000542, 4903)","('2024-05-11T23:12:42.060000Z', '2024-05-11T23:12:42.150000Z')",P,RONC,"(1.0, 0.724026)"
"(2024000542, 4854)","('2024-05-11T23:12:42.820000Z', '2024-05-11T23:12:42.770000Z')",P,DOSS,"(1.0, 0.6021603)"
"(2024000542, 4194)","('2024-05-11T23:12:45.170000Z', '2024-05-11T23:12:45.480000Z')",S,LUSI,"(1.0, 0.2743183)"
"(2024000542, 4904)","('2024-05-11T23:12:46.240000Z', '2024-05-11T23:12:46.420000Z')",S,RONC,"(1.0, 0.3508414)"
"(2024000543, 2272)","('2024-05-12T09:04:27.670000Z', '2024-05-12T09:04:27.670000Z')",P,APGO,"(1.0, 0.8623448)"
"(2024000543, 2761)","('2024-05-12T09:04:28.290000Z', '2024-05-12T09:04:28.260000Z')",P,CSO,"(1.0, 0.46314391)"
"(2024000543, 2703)","('2024-05-12T09:04:28.690000Z', '2024-05-12T09:04:28.710000Z')",P,CIMO,"(1.0, 0.87567425)"
"(2024000543, 2671)","('2024-05-12T09:04:29.100000Z', '2024-05-12T09:04:29.090000Z')",P,CAE,"(1.0, 0.76653284)"
"(2024000543, 2882)","('2024-05-12T09:04:29.170000Z', '2024-05-12T09:04:29.120000Z')",P,MLN,"(1.0, 0.6903449)"
"(2024000543, 2273)","('2024-05-12T09:04:29.380000Z', '2024-05-12T09:04:29.330000Z')",S,APGO,"(1.0, 0.84075755)"
"(2024000543, 2038)","('2024-05-12T09:04:29.630000Z', '2024-05-12T09:04:29.570000Z')",P,POLC,"(1.0, 0.720558)"
"(2024000543, 1896)","('2024-05-12T09:04:30.530000Z', '2024-05-12T09:04:30.500000Z')",P,STAL,"(1.0, 0.43097988)"
"(2024000543, 2762)","('2024-05-12T09:04:30.540000Z', '2024-05-12T09:04:30.510000Z')",S,CSO,"(1.0, 0.28388792)"
"(2024000543, 2973)","('2024-05-12T09:04:30.730000Z', '2024-05-12T09:04:30.770000Z')",P,VARN,"(1.0, 0.48722142)"
"(2024000543, 2704)","('2024-05-12T09:04:31.160000Z', '2024-05-12T09:04:31.150000Z')",S,CIMO,"(1.0, 0.81612545)"
"(2024000543, 2672)","('2024-05-12T09:04:31.970000Z', '2024-05-12T09:04:32.020000Z')",S,CAE,"(1.0, 0.29233897)"
"(2024000543, 2883)","('2024-05-12T09:04:32.100000Z', '2024-05-12T09:04:32.040000Z')",S,MLN,"(1.0, 0.42200005)"
"(2024000543, 2053)","('2024-05-12T09:04:32.410000Z', '2024-05-12T09:04:32.070000Z')",P,PURA,"(1.0, 0.44753936)"
"(2024000543, 2039)","('2024-05-12T09:04:33.200000Z', '2024-05-12T09:04:33.150000Z')",S,POLC,"(1.0, 0.48159286)"
"(2024000543, 1897)","('2024-05-12T09:04:34.630000Z', '2024-05-12T09:04:34.630000Z')",S,STAL,"(1.0, 0.41944996)"
"(2024000543, 2974)","('2024-05-12T09:04:34.840000Z', '2024-05-12T09:04:35.020000Z')",S,VARN,"(1.0, 0.5976103)"
"(2024000543, 4800)","('2024-05-12T09:04:37.240000Z', '2024-05-12T09:04:37.240000Z')",P,ZIAN,"(1.0, 0.8278698)"
"(2024000543, 2107)","('2024-05-12T09:04:37.340000Z', '2024-05-12T09:04:37.330000Z')",P,ABTA,"(1.0, 0.67577213)"
"(2024000543, 2750)","('2024-05-12T09:04:39.440000Z', '2024-05-12T09:04:39.500000Z')",S,CSM,"(1.0, 0.58407545)"
"(2024000543, 4781)","('2024-05-12T09:04:40.180000Z', '2024-05-12T09:04:40.040000Z')",P,PANI,"(1.0, 0.7583485)"
"(2024000543, 3971)","('2024-05-12T09:04:40.460000Z', '2024-05-12T09:04:40.520000Z')",P,KOSI,"(1.0, 0.8243013)"
"(2024000543, 4729)","('2024-05-12T09:04:42.620000Z', '2024-05-12T09:04:42.650000Z')",P,DOSS,"(1.0, 0.6747719)"
"(2024000543, 3958)","('2024-05-12T09:04:43.680000Z', '2024-05-12T09:04:43.640000Z')",P,ABSI,"(1.0, 0.5077776)"
"(2024000543, 4801)","('2024-05-12T09:04:44.860000Z', '2024-05-12T09:04:45.060000Z')",S,ZIAN,"(1.0, 0.44617152)"
"(2024000543, 2108)","('2024-05-12T09:04:45.150000Z', '2024-05-12T09:04:45.210000Z')",S,ABTA,"(1.0, 0.5370919)"
"(2024000543, 4685)","('2024-05-12T09:04:45.620000Z', '2024-05-12T09:04:45.480000Z')",P,VOJS,"(1.0, 0.27238676)"
"(2024000543, 4441)","('2024-05-12T09:04:48.430000Z', '2024-05-12T09:04:48.500000Z')",P,JAVS,"(1.0, 0.68829674)"
"(2024000543, 4602)","('2024-05-12T09:04:49.750000Z', '2024-05-12T09:04:49.700000Z')",P,SKDS,"(1.0, 0.62289804)"
"(2024000543, 3972)","('2024-05-12T09:04:50.350000Z', '2024-05-12T09:04:50.440000Z')",S,KOSI,"(1.0, 0.63050985)"
"(2024000543, 4782)","('2024-05-12T09:04:50.480000Z', '2024-05-12T09:04:50.440000Z')",S,PANI,"(1.0, 0.5465404)"
"(2024000544, 2274)","('2024-05-12T09:05:15.720000Z', '2024-05-12T09:05:15.730000Z')",P,APGO,"(1.0, 0.88580126)"
"(2024000544, 2763)","('2024-05-12T09:05:16.320000Z', '2024-05-12T09:05:16.360000Z')",P,CSO,"(1.0, 0.89182115)"
"(2024000544, 2705)","('2024-05-12T09:05:16.730000Z', '2024-05-12T09:05:16.720000Z')",P,CIMO,"(1.0, 0.9015338)"
"(2024000544, 2884)","('2024-05-12T09:05:17.040000Z', '2024-05-12T09:05:17.090000Z')",P,MLN,"(1.0, 0.7109232)"
"(2024000544, 2673)","('2024-05-12T09:05:17.160000Z', '2024-05-12T09:05:17.160000Z')",P,CAE,"(1.0, 0.8121599)"
"(2024000544, 2275)","('2024-05-12T09:05:17.390000Z', '2024-05-12T09:05:17.430000Z')",S,APGO,"(1.0, 0.86046654)"
"(2024000544, 2040)","('2024-05-12T09:05:17.470000Z', '2024-05-12T09:05:17.580000Z')",P,POLC,"(1.0, 0.7168013)"
"(2024000544, 2250)","('2024-05-12T09:05:18.530000Z', '2024-05-12T09:05:18.690000Z')",P,AGOR,"(1.0, 0.62492996)"
"(2024000544, 1898)","('2024-05-12T09:05:18.550000Z', '2024-05-12T09:05:18.540000Z')",P,STAL,"(1.0, 0.47552752)"
"(2024000544, 2764)","('2024-05-12T09:05:18.610000Z', '2024-05-12T09:05:18.610000Z')",S,CSO,"(1.0, 0.8343231)"
"(2024000544, 2975)","('2024-05-12T09:05:18.760000Z', '2024-05-12T09:05:18.790000Z')",P,VARN,"(1.0, 0.7149068)"
"(2024000544, 2706)","('2024-05-12T09:05:19.200000Z', '2024-05-12T09:05:19.220000Z')",S,CIMO,"(1.0, 0.80700374)"
"(2024000544, 2885)","('2024-05-12T09:05:20.020000Z', '2024-05-12T09:05:20.100000Z')",S,MLN,"(1.0, 0.5700243)"
"(2024000544, 2041)","('2024-05-12T09:05:21.150000Z', '2024-05-12T09:05:21.190000Z')",S,POLC,"(1.0, 0.5759925)"
"(2024000544, 2901)","('2024-05-12T09:05:22.300000Z', '2024-05-12T09:05:22.290000Z')",P,MPRI,"(1.0, 0.28853652)"
"(2024000544, 1900)","('2024-05-12T09:05:22.550000Z', '2024-05-12T09:05:22.780000Z')",S,STAL,"(1.0, 0.71652263)"
"(2024000544, 4802)","('2024-05-12T09:05:25.240000Z', '2024-05-12T09:05:25.310000Z')",P,ZIAN,"(1.0, 0.7928545)"
"(2024000544, 2109)","('2024-05-12T09:05:25.380000Z', '2024-05-12T09:05:25.360000Z')",P,ABTA,"(1.0, 0.6966778)"
"(2024000544, 4783)","('2024-05-12T09:05:28.160000Z', '2024-05-12T09:05:28.220000Z')",P,PANI,"(1.0, 0.7770789)"
"(2024000544, 3973)","('2024-05-12T09:05:28.500000Z', '2024-05-12T09:05:28.580000Z')",P,KOSI,"(1.0, 0.8017403)"
"(2024000544, 4583)","('2024-05-12T09:05:28.730000Z', '2024-05-12T09:05:28.760000Z')",P,ROBS,"(1.0, 0.6718182)"
"(2024000544, 2902)","('2024-05-12T09:05:29.330000Z', '2024-05-12T09:05:29.420000Z')",S,MPRI,"(1.0, 0.39558768)"
"(2024000544, 2776)","('2024-05-12T09:05:30.570000Z', '2024-05-12T09:05:30.680000Z')",P,DRE,"(1.0, 0.24110618)"
"(2024000544, 4731)","('2024-05-12T09:05:30.700000Z', '2024-05-12T09:05:30.710000Z')",P,DOSS,"(1.0, 0.6919913)"
"(2024000544, 3960)","('2024-05-12T09:05:31.350000Z', '2024-05-12T09:05:31.330000Z')",P,ABSI,"(1.0, 0.34426174)"
"(2024000544, 2946)","('2024-05-12T09:05:31.520000Z', '2024-05-12T09:05:31.600000Z')",P,SABO,"(1.0, 0.22235529)"
"(2024000544, 4018)","('2024-05-12T09:05:31.580000Z', '2024-05-12T09:05:31.650000Z')",P,CADS,"(1.0, 0.61866766)"
"(2024000544, 4803)","('2024-05-12T09:05:32.910000Z', '2024-05-12T09:05:33.070000Z')",S,ZIAN,"(1.0, 0.60594743)"
"(2024000544, 2110)","('2024-05-12T09:05:33.200000Z', '2024-05-12T09:05:33.280000Z')",S,ABTA,"(1.0, 0.6658649)"
"(2024000544, 4687)","('2024-05-12T09:05:33.770000Z', '2024-05-12T09:05:33.770000Z')",P,VOJS,"(1.0, 0.54799926)"
"(2024000544, 4604)","('2024-05-12T09:05:37.650000Z', '2024-05-12T09:05:37.950000Z')",P,SKDS,"(1.0, 0.5362894)"
"(2024000544, 4784)","('2024-05-12T09:05:38.310000Z', '2024-05-12T09:05:38.530000Z')",S,PANI,"(1.0, 0.44034752)"
"(2024000544, 2801)","('2024-05-12T09:05:38.340000Z', '2024-05-12T09:05:38.030000Z')",P,GARG,"(1.0, 0.53947204)"
"(2024000544, 3974)","('2024-05-12T09:05:38.360000Z', '2024-05-12T09:05:38.530000Z')",S,KOSI,"(1.0, 0.6188392)"
"(2024000544, 3961)","('2024-05-12T09:05:43.880000Z', '2024-05-12T09:05:44.040000Z')",S,ABSI,"(1.0, 0.61774105)"
"(2024000545, 2276)","('2024-05-12T09:09:20.370000Z', '2024-05-12T09:09:20.360000Z')",P,APGO,"(1.0, 0.89705527)"
"(2024000545, 2765)","('2024-05-12T09:09:20.980000Z', '2024-05-12T09:09:20.980000Z')",P,CSO,"(1.0, 0.88747257)"
"(2024000545, 2707)","('2024-05-12T09:09:21.380000Z', '2024-05-12T09:09:21.380000Z')",P,CIMO,"(1.0, 0.8818523)"
"(2024000545, 2886)","('2024-05-12T09:09:21.650000Z', '2024-05-12T09:09:21.710000Z')",P,MLN,"(1.0, 0.6709548)"
"(2024000545, 2675)","('2024-05-12T09:09:21.800000Z', '2024-05-12T09:09:21.810000Z')",P,CAE,"(1.0, 0.8171354)"
"(2024000545, 2277)","('2024-05-12T09:09:22.060000Z', '2024-05-12T09:09:22.060000Z')",S,APGO,"(1.0, 0.86075246)"
"(2024000545, 2042)","('2024-05-12T09:09:22.110000Z', '2024-05-12T09:09:22.260000Z')",P,POLC,"(1.0, 0.7214239)"
"(2024000545, 1901)","('2024-05-12T09:09:23.240000Z', '2024-05-12T09:09:23.290000Z')",P,STAL,"(1.0, 0.610396)"
"(2024000545, 2766)","('2024-05-12T09:09:23.270000Z', '2024-05-12T09:09:23.270000Z')",S,CSO,"(1.0, 0.79187363)"
"(2024000545, 2978)","('2024-05-12T09:09:23.280000Z', '2024-05-12T09:09:23.330000Z')",P,VARN,"(1.0, 0.57309854)"
"(2024000545, 2708)","('2024-05-12T09:09:23.830000Z', '2024-05-12T09:09:23.840000Z')",S,CIMO,"(1.0, 0.8165937)"
"(2024000545, 2887)","('2024-05-12T09:09:24.650000Z', '2024-05-12T09:09:24.720000Z')",S,MLN,"(1.0, 0.5263859)"
"(2024000545, 2043)","('2024-05-12T09:09:25.770000Z', '2024-05-12T09:09:25.840000Z')",S,POLC,"(1.0, 0.5266852)"
"(2024000545, 1902)","('2024-05-12T09:09:27.210000Z', '2024-05-12T09:09:27.330000Z')",S,STAL,"(1.0, 0.6230473)"
"(2024000545, 4804)","('2024-05-12T09:09:29.910000Z', '2024-05-12T09:09:29.940000Z')",P,ZIAN,"(1.0, 0.84173363)"
"(2024000545, 3975)","('2024-05-12T09:09:33.190000Z', '2024-05-12T09:09:33.220000Z')",P,KOSI,"(1.0, 0.86668307)"
"(2024000545, 4733)","('2024-05-12T09:09:35.330000Z', '2024-05-12T09:09:35.030000Z')",P,DOSS,"(1.0, 0.46914682)"
"(2024000545, 2778)","('2024-05-12T09:09:35.380000Z', '2024-05-12T09:09:35.020000Z')",P,DRE,"(1.0, 0.4343711)"
"(2024000545, 3962)","('2024-05-12T09:09:36.210000Z', '2024-05-12T09:09:36.000000Z')",P,ABSI,"(1.0, 0.86350036)"
"(2024000545, 4020)","('2024-05-12T09:09:36.380000Z', '2024-05-12T09:09:35.990000Z')",P,CADS,"(1.0, 0.4339872)"
"(2024000545, 2949)","('2024-05-12T09:09:36.800000Z', '2024-05-12T09:09:36.980000Z')",P,SABO,"(1.0, 0.42543572)"
"(2024000545, 4689)","('2024-05-12T09:09:38.600000Z', '2024-05-12T09:09:38.560000Z')",P,VOJS,"(1.0, 0.511209)"
"(2024000545, 4606)","('2024-05-12T09:09:42.400000Z', '2024-05-12T09:09:42.390000Z')",P,SKDS,"(1.0, 0.6508294)"
"(2024000545, 3976)","('2024-05-12T09:09:43.000000Z', '2024-05-12T09:09:43.170000Z')",S,KOSI,"(1.0, 0.6201586)"
"(2024000545, 3963)","('2024-05-12T09:09:48.760000Z', '2024-05-12T09:09:48.730000Z')",S,ABSI,"(1.0, 0.4950279)"
"(2024000546, 3123)","('2024-05-12T20:54:56.110000Z', '2024-05-12T20:54:56.130000Z')",P,GEPF,"(1.0, 0.8902138)"
"(2024000546, 2660)","('2024-05-12T20:54:56.140000Z', '2024-05-12T20:54:56.140000Z')",P,BOO,"(1.0, 0.88638747)"
"(2024000546, 2310)","('2024-05-12T20:54:56.780000Z', '2024-05-12T20:54:56.770000Z')",P,BAD,"(1.0, 0.86767006)"
"(2024000546, 3124)","('2024-05-12T20:54:57.210000Z', '2024-05-12T20:54:57.210000Z')",S,GEPF,"(1.0, 0.8501267)"
"(2024000546, 2661)","('2024-05-12T20:54:57.250000Z', '2024-05-12T20:54:57.270000Z')",S,BOO,"(1.0, 0.849545)"
"(2024000546, 2311)","('2024-05-12T20:54:58.610000Z', '2024-05-12T20:54:58.530000Z')",S,BAD,"(1.0, 0.75025094)"
"(2024000546, 4588)","('2024-05-12T20:54:59.130000Z', '2024-05-12T20:54:59.080000Z')",P,ROBS,"(1.0, 0.82676536)"
"(2024000546, 2925)","('2024-05-12T20:54:59.440000Z', '2024-05-12T20:54:59.510000Z')",P,PLRO,"(1.0, 0.5530828)"
"(2024000546, 2841)","('2024-05-12T20:55:00.250000Z', '2024-05-12T20:55:00.330000Z')",P,LSR,"(1.0, 0.5474337)"
"(2024000546, 2937)","('2024-05-12T20:55:00.460000Z', '2024-05-12T20:55:00.240000Z')",P,PRED,"(1.0, 0.32036966)"
"(2024000546, 2217)","('2024-05-12T20:55:00.910000Z', '2024-05-12T20:55:01.000000Z')",P,ACOM,"(1.0, 0.6733423)"
"(2024000546, 4589)","('2024-05-12T20:55:02.920000Z', '2024-05-12T20:55:02.850000Z')",S,ROBS,"(1.0, 0.5058323)"
"(2024000546, 2926)","('2024-05-12T20:55:03.640000Z', '2024-05-12T20:55:03.800000Z')",S,PLRO,"(1.0, 0.68803877)"
"(2024000546, 2842)","('2024-05-12T20:55:05.160000Z', '2024-05-12T20:55:05.220000Z')",S,LSR,"(1.0, 0.4485687)"
"(2024000546, 2938)","('2024-05-12T20:55:05.220000Z', '2024-05-12T20:55:05.190000Z')",S,PRED,"(1.0, 0.5000814)"
"(2024000546, 2218)","('2024-05-12T20:55:06.070000Z', '2024-05-12T20:55:06.240000Z')",S,ACOM,"(1.0, 0.555946)"
"(2024000547, 2793)","('2024-05-12T22:41:52.600000Z', '2024-05-12T22:41:52.620000Z')",P,FUSE,"(1.0, 0.8690152)"
"(2024000547, 2729)","('2024-05-12T22:41:52.760000Z', '2024-05-12T22:41:52.760000Z')",P,CLUD,"(1.0, 0.88415873)"
"(2024000547, 2907)","('2024-05-12T22:41:52.990000Z', '2024-05-12T22:41:52.960000Z')",P,MPRI,"(1.0, 0.84864724)"
"(2024000547, 2662)","('2024-05-12T22:41:53.010000Z', '2024-05-12T22:41:53.010000Z')",P,BOO,"(1.0, 0.8937518)"
"(2024000547, 2070)","('2024-05-12T22:41:53.280000Z', '2024-05-12T22:41:53.340000Z')",P,PURA,"(1.0, 0.75917023)"
"(2024000547, 1907)","('2024-05-12T22:41:53.410000Z', '2024-05-12T22:41:53.420000Z')",P,STAL,"(1.0, 0.8293937)"
"(2024000547, 3125)","('2024-05-12T22:41:53.800000Z', '2024-05-12T22:41:53.850000Z')",P,GEPF,"(1.0, 0.62342674)"
"(2024000547, 2669)","('2024-05-12T22:41:54.150000Z', '2024-05-12T22:41:54.140000Z')",P,BUA,"(1.0, 0.76010734)"
"(2024000547, 3002)","('2024-05-12T22:41:54.530000Z', '2024-05-12T22:41:54.550000Z')",P,ZOU,"(1.0, 0.7473591)"
"(2024000547, 2794)","('2024-05-12T22:41:54.620000Z', '2024-05-12T22:41:54.700000Z')",S,FUSE,"(1.0, 0.83078617)"
"(2024000547, 2730)","('2024-05-12T22:41:54.930000Z', '2024-05-12T22:41:54.980000Z')",S,CLUD,"(1.0, 0.7118734)"
"(2024000547, 2314)","('2024-05-12T22:41:55.020000Z', '2024-05-12T22:41:55.040000Z')",P,BAD,"(1.0, 0.658588)"
"(2024000547, 2756)","('2024-05-12T22:41:55.190000Z', '2024-05-12T22:41:55.180000Z')",P,CSM,"(1.0, 0.5807847)"
"(2024000547, 2663)","('2024-05-12T22:41:55.340000Z', '2024-05-12T22:41:55.450000Z')",S,BOO,"(1.0, 0.6621158)"
"(2024000547, 2927)","('2024-05-12T22:41:55.360000Z', '2024-05-12T22:41:55.420000Z')",P,PLRO,"(1.0, 0.6565441)"
"(2024000547, 2908)","('2024-05-12T22:41:55.410000Z', '2024-05-12T22:41:55.420000Z')",S,MPRI,"(1.0, 0.77522564)"
"(2024000547, 1721)","('2024-05-12T22:41:55.420000Z', '2024-05-12T22:41:55.440000Z')",P,FVI,"(1.0, 0.44124717)"
"(2024000547, 2895)","('2024-05-12T22:41:55.460000Z', '2024-05-12T22:41:55.470000Z')",P,MLN,"(1.0, 0.7383055)"
"(2024000547, 2071)","('2024-05-12T22:41:55.750000Z', '2024-05-12T22:41:55.890000Z')",S,PURA,"(1.0, 0.6060449)"
"(2024000547, 2715)","('2024-05-12T22:41:55.820000Z', '2024-05-12T22:41:55.890000Z')",P,CIMO,"(1.0, 0.7958158)"
"(2024000547, 1908)","('2024-05-12T22:41:56.270000Z', '2024-05-12T22:41:56.300000Z')",S,STAL,"(1.0, 0.76655936)"
"(2024000547, 3126)","('2024-05-12T22:41:56.790000Z', '2024-05-12T22:41:56.900000Z')",S,GEPF,"(1.0, 0.7328676)"
"(2024000547, 4590)","('2024-05-12T22:41:57.550000Z', '2024-05-12T22:41:57.570000Z')",P,ROBS,"(1.0, 0.70517683)"
"(2024000547, 2745)","('2024-05-12T22:41:57.590000Z', '2024-05-12T22:41:57.570000Z')",P,COLI,"(1.0, 0.53092235)"
"(2024000547, 2670)","('2024-05-12T22:41:57.740000Z', '2024-05-12T22:41:57.760000Z')",S,BUA,"(1.0, 0.5766682)"
"(2024000547, 2299)","('2024-05-12T22:41:57.840000Z', '2024-05-12T22:41:57.890000Z')",P,APGO,"(1.0, 0.7899778)"
"(2024000547, 2843)","('2024-05-12T22:41:58.400000Z', '2024-05-12T22:41:58.420000Z')",P,LSR,"(1.0, 0.7804341)"
"(2024000547, 3003)","('2024-05-12T22:41:58.420000Z', '2024-05-12T22:41:58.210000Z')",S,ZOU,"(1.0, 0.35080987)"
"(2024000547, 2939)","('2024-05-12T22:41:58.450000Z', '2024-05-12T22:41:58.480000Z')",P,PRED,"(1.0, 0.7758428)"
"(2024000547, 2046)","('2024-05-12T22:41:58.550000Z', '2024-05-12T22:41:58.450000Z')",P,POLC,"(1.0, 0.47150066)"
"(2024000547, 2757)","('2024-05-12T22:41:58.830000Z', '2024-05-12T22:41:58.900000Z')",S,CSM,"(1.0, 0.5685142)"
"(2024000547, 2219)","('2024-05-12T22:41:59.090000Z', '2024-05-12T22:41:59.150000Z')",P,ACOM,"(1.0, 0.57414454)"
"(2024000547, 2681)","('2024-05-12T22:41:59.170000Z', '2024-05-12T22:41:59.130000Z')",P,CAE,"(1.0, 0.6850378)"
"(2024000547, 2315)","('2024-05-12T22:41:59.310000Z', '2024-05-12T22:41:59.420000Z')",S,BAD,"(1.0, 0.4796682)"
"(2024000547, 1722)","('2024-05-12T22:41:59.350000Z', '2024-05-12T22:41:59.410000Z')",S,FVI,"(1.0, 0.60065305)"
"(2024000547, 2928)","('2024-05-12T22:41:59.580000Z', '2024-05-12T22:41:59.620000Z')",S,PLRO,"(1.0, 0.4691339)"
"(2024000547, 2118)","('2024-05-12T22:41:59.670000Z', '2024-05-12T22:41:59.600000Z')",P,ABTA,"(1.0, 0.72071373)"
"(2024000547, 2789)","('2024-05-12T22:41:59.760000Z', '2024-05-12T22:41:59.720000Z')",P,DRE,"(1.0, 0.51862377)"
"(2024000547, 4033)","('2024-05-12T22:42:00.450000Z', '2024-05-12T22:42:00.250000Z')",P,CADS,"(1.0, 0.58550537)"
"(2024000547, 2716)","('2024-05-12T22:42:00.660000Z', '2024-05-12T22:42:00.780000Z')",S,CIMO,"(1.0, 0.5763314)"
"(2024000547, 2171)","('2024-05-12T22:42:00.880000Z', '2024-05-12T22:42:01.080000Z')",P,MYKA,"(1.0, 0.5021751)"
"(2024000547, 2955)","('2024-05-12T22:42:01.610000Z', '2024-05-12T22:42:01.610000Z')",P,SABO,"(1.0, 0.49610937)"
"(2024000547, 4425)","('2024-05-12T22:42:03.430000Z', '2024-05-12T22:42:03.390000Z')",P,GORS,"(1.0, 0.4453037)"
"(2024000547, 4705)","('2024-05-12T22:42:03.560000Z', '2024-05-12T22:42:03.510000Z')",P,VOJS,"(1.0, 0.39503288)"
"(2024000547, 2746)","('2024-05-12T22:42:03.990000Z', '2024-05-12T22:42:04.000000Z')",S,COLI,"(1.0, 0.44967413)"
"(2024000547, 2300)","('2024-05-12T22:42:04.880000Z', '2024-05-12T22:42:04.710000Z')",S,APGO,"(1.0, 0.44637483)"
"(2024000547, 2139)","('2024-05-12T22:42:05.410000Z', '2024-05-12T22:42:05.000000Z')",P,KBA,"(1.0, 0.8944517)"
"(2024000547, 2940)","('2024-05-12T22:42:05.590000Z', '2024-05-12T22:42:05.690000Z')",S,PRED,"(1.0, 0.5543322)"
"(2024000547, 2844)","('2024-05-12T22:42:06.020000Z', '2024-05-12T22:42:05.630000Z')",S,LSR,"(1.0, 0.29242918)"
"(2024000547, 2119)","('2024-05-12T22:42:06.040000Z', '2024-05-12T22:42:06.080000Z')",S,ABTA,"(1.0, 0.55780727)"
"(2024000547, 4453)","('2024-05-12T22:42:06.550000Z', '2024-05-12T22:42:06.970000Z')",P,JAVS,"(1.0, 0.385222)"
"(2024000547, 4505)","('2024-05-12T22:42:10.950000Z', '2024-05-12T22:42:11.010000Z')",P,MOZS,"(1.0, 0.3227895)"
"(2024000547, 3969)","('2024-05-12T22:42:12.380000Z', '2024-05-12T22:42:12.040000Z')",P,ABSI,"(1.0, 0.16782454)"
"(2024000547, 4748)","('2024-05-12T22:42:14.670000Z', '2024-05-12T22:42:14.740000Z')",P,DOSS,"(1.0, 0.39832422)"
"(2024000547, 4480)","('2024-05-12T22:42:14.920000Z', '2024-05-12T22:42:14.970000Z')",P,KNDS,"(1.0, 0.42512724)"
"(2024000548, 3753)","('2024-05-13T05:57:56.570000Z', '2024-05-13T05:57:56.690000Z')",P,MOZS,"(1.0, 0.814594)"
"(2024000548, 3754)","('2024-05-13T05:58:00.490000Z', '2024-05-13T05:58:00.540000Z')",S,MOZS,"(1.0, 0.75738716)"
"(2024000548, 1669)","('2024-05-13T05:58:00.570000Z', '2024-05-13T05:58:00.570000Z')",P,ACOM,"(1.0, 0.5447549)"
"(2024000549, 4013)","('2024-05-13T17:31:06.880000Z', '2024-05-13T17:31:06.960000Z')",P,RONC,"(1.0, 0.881087)"
"(2024000549, 3446)","('2024-05-13T17:31:07.930000Z', '2024-05-13T17:31:08.000000Z')",P,LUSI,"(1.0, 0.928732)"
"(2024000549, 4014)","('2024-05-13T17:31:08.340000Z', '2024-05-13T17:31:08.420000Z')",S,RONC,"(1.0, 0.6086942)"
"(2024000549, 1133)","('2024-05-13T17:31:08.480000Z', '2024-05-13T17:31:08.490000Z')",P,MABI,"(1.0, 0.87250483)"
"(2024000549, 1146)","('2024-05-13T17:31:08.540000Z', '2024-05-13T17:31:08.540000Z')",P,MAGA,"(1.0, 0.83830637)"
"(2024000549, 1992)","('2024-05-13T17:31:08.630000Z', '2024-05-13T17:31:08.640000Z')",P,GAVI,"(1.0, 0.87218726)"
"(2024000549, 3978)","('2024-05-13T17:31:08.930000Z', '2024-05-13T17:31:09.000000Z')",P,GAGG,"(1.0, 0.9219678)"
"(2024000549, 1973)","('2024-05-13T17:31:09.600000Z', '2024-05-13T17:31:09.570000Z')",P,GARG,"(1.0, 0.74809384)"
"(2024000549, 3447)","('2024-05-13T17:31:10.470000Z', '2024-05-13T17:31:10.560000Z')",S,LUSI,"(1.0, 0.769814)"
"(2024000549, 1134)","('2024-05-13T17:31:10.880000Z', '2024-05-13T17:31:10.960000Z')",S,MABI,"(1.0, 0.86016876)"
"(2024000549, 1993)","('2024-05-13T17:31:11.360000Z', '2024-05-13T17:31:11.380000Z')",S,GAVI,"(1.0, 0.7664621)"
"(2024000549, 3966)","('2024-05-13T17:31:11.400000Z', '2024-05-13T17:31:11.300000Z')",P,DOSS,"(1.0, 0.3337073)"
"(2024000549, 3979)","('2024-05-13T17:31:12.210000Z', '2024-05-13T17:31:12.310000Z')",S,GAGG,"(1.0, 0.45842004)"
"(2024000549, 1147)","('2024-05-13T17:31:12.280000Z', '2024-05-13T17:31:12.330000Z')",S,MAGA,"(1.0, 0.54284996)"
"(2024000549, 1974)","('2024-05-13T17:31:13.720000Z', '2024-05-13T17:31:13.690000Z')",S,GARG,"(1.0, 0.49864784)"
"(2024000549, 3954)","('2024-05-13T17:31:13.980000Z', '2024-05-13T17:31:13.960000Z')",P,CARE,"(1.0, 0.82389313)"
"(2024000549, 3420)","('2024-05-13T17:31:22.100000Z', '2024-05-13T17:31:22.050000Z')",P,ABSI,"(1.0, 0.49709138)"
"(2024000549, 3421)","('2024-05-13T17:31:33.500000Z', '2024-05-13T17:31:33.640000Z')",S,ABSI,"(1.0, 0.30685657)"
"(2024000550, 3610)","('2024-05-13T19:43:22.180000Z', '2024-05-13T19:43:22.160000Z')",P,GBAS,"(1.0, 0.85987294)"
"(2024000550, 3688)","('2024-05-13T19:43:23.190000Z', '2024-05-13T19:43:23.140000Z')",P,JAVS,"(1.0, 0.65674615)"
"(2024000550, 3936)","('2024-05-13T19:43:23.520000Z', '2024-05-13T19:43:23.570000Z')",P,VOJS,"(1.0, 0.8503385)"
"(2024000550, 3611)","('2024-05-13T19:43:25.150000Z', '2024-05-13T19:43:25.160000Z')",S,GBAS,"(1.0, 0.6697448)"
"(2024000550, 3689)","('2024-05-13T19:43:27.160000Z', '2024-05-13T19:43:27.240000Z')",S,JAVS,"(1.0, 0.61557466)"
"(2024000550, 3937)","('2024-05-13T19:43:28.020000Z', '2024-05-13T19:43:28.100000Z')",S,VOJS,"(1.0, 0.473861)"
"(2024000551, 2004)","('2024-05-13T19:58:02.330000Z', '2024-05-13T19:58:02.340000Z')",P,IESO,"(1.0, 0.836008)"
"(2024000551, 2109)","('2024-05-13T19:58:02.390000Z', '2024-05-13T19:58:02.490000Z')",P,STIN,"(1.0, 0.85020596)"
"(2024000551, 2113)","('2024-05-13T19:58:06.390000Z', '2024-05-13T19:58:05.990000Z')",P,TLI,"(1.0, 0.7819107)"
"(2024000551, 773)","('2024-05-13T19:58:06.750000Z', '2024-05-13T19:58:06.760000Z')",P,ED06,"(1.0, 0.84534895)"
"(2024000551, 2110)","('2024-05-13T19:58:06.830000Z', '2024-05-13T19:58:07.230000Z')",S,STIN,"(1.0, 0.83741474)"
"(2024000551, 1887)","('2024-05-13T19:58:07.060000Z', '2024-05-13T19:58:07.000000Z')",P,CAE,"(1.0, 0.92389053)"
"(2024000551, 2005)","('2024-05-13T19:58:07.180000Z', '2024-05-13T19:58:07.250000Z')",S,IESO,"(1.0, 0.70223427)"
"(2024000551, 1571)","('2024-05-13T19:58:07.370000Z', '2024-05-13T19:58:07.440000Z')",P,POLC,"(1.0, 0.8437828)"
"(2024000551, 2073)","('2024-05-13T19:58:07.410000Z', '2024-05-13T19:58:07.390000Z')",P,MTLO,"(1.0, 0.75783)"
"(2024000551, 2129)","('2024-05-13T19:58:08.750000Z', '2024-05-13T19:58:08.990000Z')",P,VARN,"(1.0, 0.8262364)"
"(2024000551, 2049)","('2024-05-13T19:58:08.790000Z', '2024-05-13T19:58:08.980000Z')",P,MLN,"(1.0, 0.9051588)"
"(2024000551, 1738)","('2024-05-13T19:58:09.280000Z', '2024-05-13T19:58:09.260000Z')",P,APGO,"(1.0, 0.7668467)"
"(2024000551, 1413)","('2024-05-13T19:58:10.180000Z', '2024-05-13T19:58:10.010000Z')",P,STAL,"(1.0, 0.77523005)"
"(2024000551, 2058)","('2024-05-13T19:58:10.660000Z', '2024-05-13T19:58:10.880000Z')",P,MPRI,"(1.0, 0.56854093)"
"(2024000551, 1872)","('2024-05-13T19:58:10.740000Z', '2024-05-13T19:58:10.750000Z')",P,BUA,"(1.0, 0.8253508)"
"(2024000551, 2040)","('2024-05-13T19:58:10.820000Z', '2024-05-13T19:58:10.950000Z')",P,MGBU,"(1.0, 0.8625883)"
"(2024000551, 1520)","('2024-05-13T19:58:10.820000Z', '2024-05-13T19:58:10.990000Z')",P,TRI,"(1.0, 0.4304448)"
"(2024000551, 1925)","('2024-05-13T19:58:10.860000Z', '2024-05-13T19:58:10.960000Z')",P,COLI,"(1.0, 0.83697075)"
"(2024000551, 1937)","('2024-05-13T19:58:10.920000Z', '2024-05-13T19:58:10.980000Z')",P,CSO,"(1.0, 0.8710998)"
"(2024000551, 1899)","('2024-05-13T19:58:11.060000Z', '2024-05-13T19:58:11.010000Z')",P,CIMO,"(1.0, 0.85944575)"
"(2024000551, 2103)","('2024-05-13T19:58:11.220000Z', '2024-05-13T19:58:11.180000Z')",P,SABO,"(1.0, 0.73412496)"
"(2024000551, 1771)","('2024-05-13T19:58:11.260000Z', '2024-05-13T19:58:11.230000Z')",P,BAD,"(1.0, 0.7865668)"
"(2024000551, 1865)","('2024-05-13T19:58:11.650000Z', '2024-05-13T19:58:11.910000Z')",P,BOO,"(1.0, 0.6191601)"
"(2024000551, 3838)","('2024-05-13T19:58:12.800000Z', '2024-05-13T19:58:12.860000Z')",P,ROBS,"(1.0, 0.793285)"
"(2024000551, 1584)","('2024-05-13T19:58:12.840000Z', '2024-05-13T19:58:12.870000Z')",P,PURA,"(1.0, 0.6269031)"
"(2024000551, 1895)","('2024-05-13T19:58:12.970000Z', '2024-05-13T19:58:13.020000Z')",P,CEKR,"(1.0, 0.77995414)"
"(2024000551, 1911)","('2024-05-13T19:58:13.090000Z', '2024-05-13T19:58:13.240000Z')",P,CLUD,"(1.0, 0.6593634)"
"(2024000551, 1954)","('2024-05-13T19:58:13.230000Z', '2024-05-13T19:58:13.130000Z')",P,DRE,"(1.0, 0.74700874)"
"(2024000551, 3877)","('2024-05-13T19:58:13.330000Z', '2024-05-13T19:58:13.310000Z')",P,SKDS,"(1.0, 0.68067795)"
"(2024000551, 1069)","('2024-05-13T19:58:13.520000Z', '2024-05-13T19:58:13.700000Z')",P,CTI,"(1.0, 0.6654995)"
"(2024000551, 2114)","('2024-05-13T19:58:13.570000Z', '2024-05-13T19:58:13.790000Z')",S,TLI,"(1.0, 0.5039357)"
"(2024000551, 3940)","('2024-05-13T19:58:13.910000Z', '2024-05-13T19:58:13.890000Z')",P,VOJS,"(1.0, 0.9326591)"
"(2024000551, 774)","('2024-05-13T19:58:14.390000Z', '2024-05-13T19:58:14.500000Z')",S,ED06,"(1.0, 0.5182229)"
"(2024000551, 3484)","('2024-05-13T19:58:14.400000Z', '2024-05-13T19:58:14.390000Z')",P,CADS,"(1.0, 0.58776575)"
"(2024000551, 1930)","('2024-05-13T19:58:14.720000Z', '2024-05-13T19:58:14.740000Z')",P,CSM,"(1.0, 0.71464604)"
"(2024000551, 3690)","('2024-05-13T19:58:14.760000Z', '2024-05-13T19:58:14.830000Z')",P,JAVS,"(1.0, 0.7166762)"
"(2024000551, 1888)","('2024-05-13T19:58:14.910000Z', '2024-05-13T19:58:14.850000Z')",S,CAE,"(1.0, 0.33154917)"
"(2024000551, 2074)","('2024-05-13T19:58:15.280000Z', '2024-05-13T19:58:15.530000Z')",S,MTLO,"(1.0, 0.30450854)"
"(2024000551, 2133)","('2024-05-13T19:58:15.320000Z', '2024-05-13T19:58:15.390000Z')",P,ZOU,"(1.0, 0.6218633)"
"(2024000551, 1572)","('2024-05-13T19:58:15.360000Z', '2024-05-13T19:58:15.530000Z')",S,POLC,"(1.0, 0.65037185)"
"(2024000551, 2026)","('2024-05-13T19:58:15.600000Z', '2024-05-13T19:58:15.580000Z')",P,MARN,"(1.0, 0.58537453)"
"(2024000551, 2090)","('2024-05-13T19:58:15.640000Z', '2024-05-13T19:58:15.730000Z')",P,PRED,"(1.0, 0.55550355)"
"(2024000551, 2077)","('2024-05-13T19:58:15.760000Z', '2024-05-13T19:58:15.810000Z')",P,PLRO,"(1.0, 0.67338353)"
"(2024000551, 2012)","('2024-05-13T19:58:16.310000Z', '2024-05-13T19:58:16.370000Z')",P,LSR,"(1.0, 0.72479326)"
"(2024000551, 1689)","('2024-05-13T19:58:16.600000Z', '2024-05-13T19:58:16.620000Z')",P,AFL,"(1.0, 0.73961264)"
"(2024000551, 3968)","('2024-05-13T19:58:16.640000Z', '2024-05-13T19:58:16.680000Z')",P,DOSS,"(1.0, 0.6574092)"
"(2024000551, 4008)","('2024-05-13T19:58:16.760000Z', '2024-05-13T19:58:16.790000Z')",P,PANI,"(1.0, 0.43021998)"
"(2024000551, 4024)","('2024-05-13T19:58:16.800000Z', '2024-05-13T19:58:16.840000Z')",P,ZIAN,"(1.0, 0.73035204)"
"(2024000551, 1674)","('2024-05-13T19:58:17.060000Z', '2024-05-13T19:58:17.260000Z')",P,ACOM,"(1.0, 0.455484)"
"(2024000551, 3739)","('2024-05-13T19:58:17.300000Z', '2024-05-13T19:58:17.410000Z')",P,KNDS,"(1.0, 0.49596083)"
"(2024000551, 3567)","('2024-05-13T19:58:17.450000Z', '2024-05-13T19:58:17.860000Z')",P,CEY,"(1.0, 0.30006945)"
"(2024000551, 3666)","('2024-05-13T19:58:17.590000Z', '2024-05-13T19:58:17.630000Z')",P,GORS,"(1.0, 0.50374204)"
"(2024000551, 2050)","('2024-05-13T19:58:17.820000Z', '2024-05-13T19:58:17.950000Z')",S,MLN,"(1.0, 0.58728915)"
"(2024000551, 3615)","('2024-05-13T19:58:18.790000Z', '2024-05-13T19:58:18.700000Z')",P,GBAS,"(1.0, 0.57641435)"
"(2024000551, 1612)","('2024-05-13T19:58:18.890000Z', '2024-05-13T19:58:18.970000Z')",P,ABTA,"(1.0, 0.7333434)"
"(2024000551, 3435)","('2024-05-13T19:58:20.260000Z', '2024-05-13T19:58:20.380000Z')",P,KOSI,"(1.0, 0.3053196)"
"(2024000551, 3758)","('2024-05-13T19:58:21.890000Z', '2024-05-13T19:58:21.760000Z')",P,MOZS,"(1.0, 0.32666394)"
"(2024000551, 1425)","('2024-05-13T19:58:22.330000Z', '2024-05-13T19:58:22.130000Z')",S,TEOL,"(1.0, 0.30067337)"
"(2024000551, 3422)","('2024-05-13T19:58:23.290000Z', '2024-05-13T19:58:23.300000Z')",P,ABSI,"(1.0, 0.7192133)"
"(2024000552, 2120)","('2024-05-13T20:50:09.330000Z', '2024-05-13T20:50:09.330000Z')",P,TRES,"(1.0, 0.81466454)"
"(2024000552, 1854)","('2024-05-13T20:50:09.530000Z', '2024-05-13T20:50:09.540000Z')",P,BALD,"(1.0, 0.79801685)"
"(2024000552, 1978)","('2024-05-13T20:50:10.180000Z', '2024-05-13T20:50:10.210000Z')",P,GARG,"(1.0, 0.799252)"
"(2024000552, 2028)","('2024-05-13T20:50:10.760000Z', '2024-05-13T20:50:10.950000Z')",P,MARN,"(1.0, 0.8407938)"
"(2024000552, 1154)","('2024-05-13T20:50:11.080000Z', '2024-05-13T20:50:11.050000Z')",P,MAGA,"(1.0, 0.8790816)"
"(2024000552, 1996)","('2024-05-13T20:50:12.740000Z', '2024-05-13T20:50:12.790000Z')",P,GAZZ,"(1.0, 0.7871523)"
"(2024000552, 3970)","('2024-05-13T20:50:13.430000Z', '2024-05-13T20:50:13.410000Z')",P,DOSS,"(1.0, 0.70577925)"
"(2024000552, 2121)","('2024-05-13T20:50:13.490000Z', '2024-05-13T20:50:13.610000Z')",S,TRES,"(1.0, 0.60818344)"
"(2024000552, 1855)","('2024-05-13T20:50:13.660000Z', '2024-05-13T20:50:13.670000Z')",S,BALD,"(1.0, 0.57655764)"
"(2024000552, 3451)","('2024-05-13T20:50:13.670000Z', '2024-05-13T20:50:13.710000Z')",P,LUSI,"(1.0, 0.6906596)"
"(2024000552, 1994)","('2024-05-13T20:50:14.080000Z', '2024-05-13T20:50:14.030000Z')",P,GAVI,"(1.0, 0.7057314)"
"(2024000552, 4016)","('2024-05-13T20:50:14.190000Z', '2024-05-13T20:50:14.170000Z')",P,RONC,"(1.0, 0.76808923)"
"(2024000552, 1979)","('2024-05-13T20:50:14.720000Z', '2024-05-13T20:50:14.850000Z')",S,GARG,"(1.0, 0.5760869)"
"(2024000552, 1426)","('2024-05-13T20:50:15.490000Z', '2024-05-13T20:50:15.480000Z')",P,TEOL,"(1.0, 0.7811209)"
"(2024000552, 3984)","('2024-05-13T20:50:15.720000Z', '2024-05-13T20:50:15.800000Z')",P,GAGG,"(1.0, 0.62239903)"
"(2024000552, 1135)","('2024-05-13T20:50:15.730000Z', '2024-05-13T20:50:15.720000Z')",P,MABI,"(1.0, 0.8414687)"
"(2024000552, 2029)","('2024-05-13T20:50:15.930000Z', '2024-05-13T20:50:16.010000Z')",S,MARN,"(1.0, 0.6558872)"
"(2024000552, 1897)","('2024-05-13T20:50:16.080000Z', '2024-05-13T20:50:16.070000Z')",P,CEKR,"(1.0, 0.7146453)"
"(2024000552, 1155)","('2024-05-13T20:50:16.580000Z', '2024-05-13T20:50:16.610000Z')",S,MAGA,"(1.0, 0.71637833)"
"(2024000552, 4010)","('2024-05-13T20:50:16.880000Z', '2024-05-13T20:50:16.910000Z')",P,PANI,"(1.0, 0.78906673)"
"(2024000552, 1267)","('2024-05-13T20:50:18.590000Z', '2024-05-13T20:50:18.700000Z')",P,RAVA,"(1.0, 0.7149018)"
"(2024000552, 2042)","('2024-05-13T20:50:18.620000Z', '2024-05-13T20:50:18.740000Z')",P,MGBU,"(1.0, 0.6707213)"
"(2024000552, 1071)","('2024-05-13T20:50:18.940000Z', '2024-05-13T20:50:18.980000Z')",P,CTI,"(1.0, 0.7054133)"
"(2024000552, 1073)","('2024-05-13T20:50:19.770000Z', '2024-05-13T20:50:19.870000Z')",P,CTL8,"(1.0, 0.6551444)"
"(2024000552, 3971)","('2024-05-13T20:50:20.320000Z', '2024-05-13T20:50:20.320000Z')",S,DOSS,"(1.0, 0.45817465)"
"(2024000552, 3452)","('2024-05-13T20:50:20.740000Z', '2024-05-13T20:50:20.760000Z')",S,LUSI,"(1.0, 0.5569425)"
"(2024000552, 3996)","('2024-05-13T20:50:21.370000Z', '2024-05-13T20:50:21.620000Z')",P,OZOL,"(1.0, 0.72200644)"
"(2024000552, 2075)","('2024-05-13T20:50:21.590000Z', '2024-05-13T20:50:21.550000Z')",P,MTLO,"(1.0, 0.63449764)"
"(2024000552, 4026)","('2024-05-13T20:50:21.600000Z', '2024-05-13T20:50:21.570000Z')",P,ZIAN,"(1.0, 0.7241577)"
"(2024000552, 1995)","('2024-05-13T20:50:21.820000Z', '2024-05-13T20:50:21.750000Z')",S,GAVI,"(1.0, 0.5680974)"
"(2024000552, 3956)","('2024-05-13T20:50:21.910000Z', '2024-05-13T20:50:21.880000Z')",P,CARE,"(1.0, 0.70830864)"
"(2024000552, 4017)","('2024-05-13T20:50:22.260000Z', '2024-05-13T20:50:22.310000Z')",S,RONC,"(1.0, 0.52959067)"
"(2024000552, 775)","('2024-05-13T20:50:22.470000Z', '2024-05-13T20:50:22.570000Z')",P,ED06,"(1.0, 0.27068236)"
"(2024000552, 989)","('2024-05-13T20:50:23.100000Z', '2024-05-13T20:50:23.170000Z')",P,APPI,"(1.0, 0.67632115)"
"(2024000552, 3437)","('2024-05-13T20:50:23.400000Z', '2024-05-13T20:50:23.440000Z')",P,KOSI,"(1.0, 0.5656405)"
"(2024000552, 1022)","('2024-05-13T20:50:23.430000Z', '2024-05-13T20:50:23.430000Z')",P,BRMO,"(1.0, 0.45675814)"
"(2024000552, 3426)","('2024-05-13T20:50:23.800000Z', '2024-05-13T20:50:23.820000Z')",P,BOSI,"(1.0, 0.24889395)"
"(2024000552, 1427)","('2024-05-13T20:50:24.280000Z', '2024-05-13T20:50:24.360000Z')",S,TEOL,"(1.0, 0.62184924)"
"(2024000552, 1709)","('2024-05-13T20:50:24.790000Z', '2024-05-13T20:50:24.930000Z')",P,AGOR,"(1.0, 0.25745937)"
"(2024000552, 1889)","('2024-05-13T20:50:25.300000Z', '2024-05-13T20:50:25.350000Z')",P,CAE,"(1.0, 0.42199215)"
"(2024000552, 1742)","('2024-05-13T20:50:26.130000Z', '2024-05-13T20:50:25.990000Z')",P,APGO,"(1.0, 0.30833632)"
"(2024000552, 1939)","('2024-05-13T20:50:26.920000Z', '2024-05-13T20:50:26.480000Z')",P,CSO,"(1.0, 0.10376707)"
"(2024000552, 3424)","('2024-05-13T20:50:26.970000Z', '2024-05-13T20:50:26.910000Z')",P,ABSI,"(1.0, 0.5868043)"
"(2024000552, 1914)","('2024-05-13T20:50:32.970000Z', '2024-05-13T20:50:32.950000Z')",P,CLUD,"(1.0, 0.4892238)"
"(2024000553, 1961)","('2024-05-13T21:12:29.290000Z', '2024-05-13T21:12:29.300000Z')",P,FUSE,"(1.0, 0.9181251)"
"(2024000553, 1916)","('2024-05-13T21:12:30.780000Z', '2024-05-13T21:12:30.770000Z')",P,CLUD,"(1.0, 0.8627917)"
"(2024000553, 2082)","('2024-05-13T21:12:32.350000Z', '2024-05-13T21:12:32.440000Z')",P,PLRO,"(1.0, 0.60174567)"
"(2024000553, 1917)","('2024-05-13T21:12:32.620000Z', '2024-05-13T21:12:32.650000Z')",S,CLUD,"(1.0, 0.75940955)"
"(2024000553, 2083)","('2024-05-13T21:12:35.360000Z', '2024-05-13T21:12:35.470000Z')",S,PLRO,"(1.0, 0.31347728)"
"(2024000554, 1924)","('2024-05-14T00:27:46.930000Z', '2024-05-14T00:27:46.950000Z')",P,APGO,"(1.0, 0.88886195)"
"(2024000554, 2096)","('2024-05-14T00:27:47.530000Z', '2024-05-14T00:27:47.540000Z')",P,CSO,"(1.0, 0.8609898)"
"(2024000554, 2078)","('2024-05-14T00:27:47.940000Z', '2024-05-14T00:27:47.920000Z')",P,CIMO,"(1.0, 0.7352061)"
"(2024000554, 1925)","('2024-05-14T00:27:48.600000Z', '2024-05-14T00:27:48.630000Z')",S,APGO,"(1.0, 0.8230102)"
"(2024000554, 2097)","('2024-05-14T00:27:49.830000Z', '2024-05-14T00:27:49.820000Z')",S,CSO,"(1.0, 0.773307)"
"(2024000554, 1761)","('2024-05-14T00:27:49.840000Z', '2024-05-14T00:27:49.850000Z')",P,STAL,"(1.0, 0.28929585)"
"(2024000554, 2079)","('2024-05-14T00:27:50.420000Z', '2024-05-14T00:27:50.410000Z')",S,CIMO,"(1.0, 0.7521179)"
"(2024000554, 1762)","('2024-05-14T00:27:53.550000Z', '2024-05-14T00:27:53.880000Z')",S,STAL,"(1.0, 0.17939724)"
"(2024000555, 1926)","('2024-05-14T00:30:16.430000Z', '2024-05-14T00:30:16.420000Z')",P,APGO,"(1.0, 0.8904132)"
"(2024000555, 2098)","('2024-05-14T00:30:17.050000Z', '2024-05-14T00:30:17.060000Z')",P,CSO,"(1.0, 0.8327805)"
"(2024000555, 2080)","('2024-05-14T00:30:17.700000Z', '2024-05-14T00:30:17.460000Z')",P,CIMO,"(1.0, 0.83309966)"
"(2024000555, 2072)","('2024-05-14T00:30:17.860000Z', '2024-05-14T00:30:17.860000Z')",P,CAE,"(1.0, 0.57169026)"
"(2024000555, 1927)","('2024-05-14T00:30:18.110000Z', '2024-05-14T00:30:18.150000Z')",S,APGO,"(1.0, 0.8708508)"
"(2024000555, 2141)","('2024-05-14T00:30:18.120000Z', '2024-05-14T00:30:18.050000Z')",P,MLN,"(1.0, 0.595541)"
"(2024000555, 2099)","('2024-05-14T00:30:19.210000Z', '2024-05-14T00:30:19.350000Z')",S,CSO,"(1.0, 0.75823414)"
"(2024000555, 2081)","('2024-05-14T00:30:19.990000Z', '2024-05-14T00:30:19.930000Z')",S,CIMO,"(1.0, 0.7968053)"
"(2024000555, 2142)","('2024-05-14T00:30:20.840000Z', '2024-05-14T00:30:20.840000Z')",S,MLN,"(1.0, 0.59138566)"
"(2024000555, 2073)","('2024-05-14T00:30:20.990000Z', '2024-05-14T00:30:21.040000Z')",S,CAE,"(1.0, 0.33554178)"
"(2024000556, 3654)","('2024-05-14T03:14:22.270000Z', '2024-05-14T03:14:22.270000Z')",P,MOZS,"(1.0, 0.7273806)"
"(2024000556, 3792)","('2024-05-14T03:14:22.510000Z', '2024-05-14T03:14:22.530000Z')",P,VOJS,"(1.0, 0.6428944)"
"(2024000556, 3655)","('2024-05-14T03:14:25.630000Z', '2024-05-14T03:14:25.670000Z')",S,MOZS,"(1.0, 0.6133716)"
"(2024000556, 3793)","('2024-05-14T03:14:26.650000Z', '2024-05-14T03:14:26.900000Z')",S,VOJS,"(1.0, 0.6288727)"
"(2024000557, 3841)","('2024-05-14T06:54:27.640000Z', '2024-05-14T06:54:27.640000Z')",P,RONC,"(1.0, 0.8657472)"
"(2024000557, 3339)","('2024-05-14T06:54:28.750000Z', '2024-05-14T06:54:28.800000Z')",P,LUSI,"(1.0, 0.8439083)"
"(2024000557, 3842)","('2024-05-14T06:54:29.160000Z', '2024-05-14T06:54:29.240000Z')",S,RONC,"(1.0, 0.4723666)"
"(2024000557, 1528)","('2024-05-14T06:54:29.240000Z', '2024-05-14T06:54:29.250000Z')",P,MABI,"(1.0, 0.8536584)"
"(2024000557, 1530)","('2024-05-14T06:54:29.340000Z', '2024-05-14T06:54:29.310000Z')",P,MAGA,"(1.0, 0.81018555)"
"(2024000557, 2110)","('2024-05-14T06:54:29.390000Z', '2024-05-14T06:54:29.390000Z')",P,GAVI,"(1.0, 0.7733971)"
"(2024000557, 3340)","('2024-05-14T06:54:31.300000Z', '2024-05-14T06:54:31.330000Z')",S,LUSI,"(1.0, 0.7603494)"
"(2024000557, 1529)","('2024-05-14T06:54:31.720000Z', '2024-05-14T06:54:31.740000Z')",S,MABI,"(1.0, 0.85784674)"
"(2024000557, 2111)","('2024-05-14T06:54:32.100000Z', '2024-05-14T06:54:32.120000Z')",S,GAVI,"(1.0, 0.75271016)"
"(2024000557, 1531)","('2024-05-14T06:54:32.780000Z', '2024-05-14T06:54:33.090000Z')",S,MAGA,"(1.0, 0.5898188)"
"(2024000558, 3074)","('2024-05-15T04:22:42.620000Z', '2024-05-15T04:22:42.640000Z')",P,CADS,"(1.0, 0.9025633)"
"(2024000558, 3075)","('2024-05-15T04:22:43.550000Z', '2024-05-15T04:22:43.560000Z')",S,CADS,"(1.0, 0.8847536)"
"(2024000558, 1862)","('2024-05-15T04:22:43.910000Z', '2024-05-15T04:22:43.910000Z')",P,DRE,"(1.0, 0.8788999)"
"(2024000558, 3321)","('2024-05-15T04:22:44.620000Z', '2024-05-15T04:22:44.650000Z')",P,ROBS,"(1.0, 0.73902124)"
"(2024000558, 1964)","('2024-05-15T04:22:45.380000Z', '2024-05-15T04:22:45.330000Z')",P,PRED,"(1.0, 0.6060561)"
"(2024000558, 3244)","('2024-05-15T04:22:45.390000Z', '2024-05-15T04:22:45.310000Z')",P,GORS,"(1.0, 0.5715357)"
"(2024000558, 1863)","('2024-05-15T04:22:45.760000Z', '2024-05-15T04:22:45.920000Z')",S,DRE,"(1.0, 0.81301796)"
"(2024000558, 1896)","('2024-05-15T04:22:46.560000Z', '2024-05-15T04:22:46.360000Z')",P,LSR,"(1.0, 0.44546795)"
"(2024000558, 3322)","('2024-05-15T04:22:47.050000Z', '2024-05-15T04:22:47.180000Z')",S,ROBS,"(1.0, 0.7459735)"
"(2024000558, 1770)","('2024-05-15T04:22:47.710000Z', '2024-05-15T04:22:47.620000Z')",P,ACOM,"(1.0, 0.41918966)"
"(2024000558, 1965)","('2024-05-15T04:22:48.610000Z', '2024-05-15T04:22:48.650000Z')",S,PRED,"(1.0, 0.3130293)"
"(2024000558, 1897)","('2024-05-15T04:22:50.240000Z', '2024-05-15T04:22:50.570000Z')",S,LSR,"(1.0, 0.22336595)"
"(2024000559, 3323)","('2024-05-15T04:44:42.530000Z', '2024-05-15T04:44:42.520000Z')",P,ROBS,"(1.0, 0.89175993)"
"(2024000559, 3076)","('2024-05-15T04:44:42.850000Z', '2024-05-15T04:44:42.880000Z')",P,CADS,"(1.0, 0.8873639)"
"(2024000559, 1864)","('2024-05-15T04:44:43.150000Z', '2024-05-15T04:44:42.820000Z')",P,DRE,"(1.0, 0.21915096)"
"(2024000559, 1967)","('2024-05-15T04:44:43.590000Z', '2024-05-15T04:44:43.200000Z')",P,PRED,"(1.0, 0.6615363)"
"(2024000559, 3324)","('2024-05-15T04:44:44.130000Z', '2024-05-15T04:44:44.180000Z')",S,ROBS,"(1.0, 0.8589526)"
"(2024000559, 3077)","('2024-05-15T04:44:44.790000Z', '2024-05-15T04:44:44.830000Z')",S,CADS,"(1.0, 0.8642838)"
"(2024000559, 1865)","('2024-05-15T04:44:45.320000Z', '2024-05-15T04:44:45.430000Z')",S,DRE,"(1.0, 0.7266552)"
"(2024000559, 1968)","('2024-05-15T04:44:45.610000Z', '2024-05-15T04:44:45.560000Z')",S,PRED,"(1.0, 0.7380239)"
"(2024000559, 3246)","('2024-05-15T04:44:45.640000Z', '2024-05-15T04:44:45.530000Z')",P,GORS,"(1.0, 0.5971494)"
"(2024000559, 3247)","('2024-05-15T04:44:49.820000Z', '2024-05-15T04:44:49.950000Z')",S,GORS,"(1.0, 0.23174363)"
"(2024000560, 1894)","('2024-05-16T00:02:45.700000Z', '2024-05-16T00:02:45.710000Z')",P,PRED,"(1.0, 0.8911007)"
"(2024000560, 1789)","('2024-05-16T00:02:46.220000Z', '2024-05-16T00:02:46.200000Z')",P,LSR,"(1.0, 0.79759955)"
"(2024000560, 1546)","('2024-05-16T00:02:46.550000Z', '2024-05-16T00:02:46.670000Z')",P,ACOM,"(1.0, 0.6507086)"
"(2024000560, 1537)","('2024-05-16T00:02:46.560000Z', '2024-05-16T00:02:46.560000Z')",P,MYKA,"(1.0, 0.874291)"
"(2024000560, 1895)","('2024-05-16T00:02:47.580000Z', '2024-05-16T00:02:47.560000Z')",S,PRED,"(1.0, 0.84952337)"
"(2024000560, 3318)","('2024-05-16T00:02:48.170000Z', '2024-05-16T00:02:48.180000Z')",P,CADS,"(1.0, 0.8237528)"
"(2024000560, 3518)","('2024-05-16T00:02:48.190000Z', '2024-05-16T00:02:48.140000Z')",P,GORS,"(1.0, 0.8074615)"
"(2024000560, 1790)","('2024-05-16T00:02:48.470000Z', '2024-05-16T00:02:48.530000Z')",S,LSR,"(1.0, 0.76059455)"
"(2024000560, 3669)","('2024-05-16T00:02:48.520000Z', '2024-05-16T00:02:48.490000Z')",P,ROBS,"(1.0, 0.85282147)"
"(2024000560, 1538)","('2024-05-16T00:02:48.900000Z', '2024-05-16T00:02:48.890000Z')",S,MYKA,"(1.0, 0.77096426)"
"(2024000560, 1547)","('2024-05-16T00:02:49.130000Z', '2024-05-16T00:02:49.400000Z')",S,ACOM,"(1.0, 0.7494318)"
"(2024000560, 1738)","('2024-05-16T00:02:49.280000Z', '2024-05-16T00:02:49.210000Z')",P,DRE,"(1.0, 0.71237206)"
"(2024000560, 1884)","('2024-05-16T00:02:51.200000Z', '2024-05-16T00:02:51.230000Z')",P,PLRO,"(1.0, 0.7462857)"
"(2024000560, 1597)","('2024-05-16T00:02:51.220000Z', '2024-05-16T00:02:51.050000Z')",P,BAD,"(1.0, 0.56118894)"
"(2024000560, 3720)","('2024-05-16T00:02:51.980000Z', '2024-05-16T00:02:51.980000Z')",P,VOJS,"(1.0, 0.8312559)"
"(2024000560, 3519)","('2024-05-16T00:02:52.020000Z', '2024-05-16T00:02:52.240000Z')",S,GORS,"(1.0, 0.7473027)"
"(2024000560, 3319)","('2024-05-16T00:02:52.300000Z', '2024-05-16T00:02:52.420000Z')",S,CADS,"(1.0, 0.7222983)"
"(2024000560, 1653)","('2024-05-16T00:02:52.320000Z', '2024-05-16T00:02:52.200000Z')",P,BOO,"(1.0, 0.3176913)"
"(2024000560, 3670)","('2024-05-16T00:02:53.170000Z', '2024-05-16T00:02:53.360000Z')",S,ROBS,"(1.0, 0.43387586)"
"(2024000560, 1739)","('2024-05-16T00:02:54.200000Z', '2024-05-16T00:02:54.280000Z')",S,DRE,"(1.0, 0.33338192)"
"(2024000560, 1885)","('2024-05-16T00:02:57.150000Z', '2024-05-16T00:02:57.100000Z')",S,PLRO,"(1.0, 0.2818994)"
"(2024000560, 1598)","('2024-05-16T00:02:57.760000Z', '2024-05-16T00:02:57.770000Z')",S,BAD,"(1.0, 0.28808737)"
"(2024000560, 3721)","('2024-05-16T00:02:59.250000Z', '2024-05-16T00:02:59.610000Z')",S,VOJS,"(1.0, 0.5240739)"
"(2024000561, 1748)","('2024-05-16T06:31:04.130000Z', '2024-05-16T06:31:04.140000Z')",P,FUSE,"(1.0, 0.9153169)"
"(2024000561, 1749)","('2024-05-16T06:31:04.630000Z', '2024-05-16T06:31:04.610000Z')",S,FUSE,"(1.0, 0.8711861)"
"(2024000561, 1703)","('2024-05-16T06:31:05.240000Z', '2024-05-16T06:31:05.160000Z')",P,CLUD,"(1.0, 0.7977279)"
"(2024000561, 1704)","('2024-05-16T06:31:06.380000Z', '2024-05-16T06:31:06.460000Z')",S,CLUD,"(1.0, 0.61890215)"
"(2024000561, 1956)","('2024-05-16T06:31:06.480000Z', '2024-05-16T06:31:06.490000Z')",P,ZOU,"(1.0, 0.8591482)"
"(2024000561, 1494)","('2024-05-16T06:31:06.970000Z', '2024-05-16T06:31:06.990000Z')",P,PURA,"(1.0, 0.87572426)"
"(2024000561, 1886)","('2024-05-16T06:31:07.360000Z', '2024-05-16T06:31:07.380000Z')",P,PLRO,"(1.0, 0.53720033)"
"(2024000561, 1957)","('2024-05-16T06:31:08.900000Z', '2024-05-16T06:31:09.000000Z')",S,ZOU,"(1.0, 0.83713335)"
"(2024000561, 1495)","('2024-05-16T06:31:09.550000Z', '2024-05-16T06:31:09.810000Z')",S,PURA,"(1.0, 0.74333423)"
"(2024000561, 1887)","('2024-05-16T06:31:10.140000Z', '2024-05-16T06:31:10.260000Z')",S,PLRO,"(1.0, 0.7713115)"
"(2024000562, 2860)","('2024-05-17T09:21:48.600000Z', '2024-05-17T09:21:48.580000Z')",P,CADS,"(1.0, 0.91608953)"
"(2024000562, 2861)","('2024-05-17T09:21:49.490000Z', '2024-05-17T09:21:49.500000Z')",S,CADS,"(1.0, 0.8869511)"
"(2024000562, 1573)","('2024-05-17T09:21:50.070000Z', '2024-05-17T09:21:50.070000Z')",P,DRE,"(1.0, 0.8552625)"
"(2024000562, 3192)","('2024-05-17T09:21:50.940000Z', '2024-05-17T09:21:50.940000Z')",P,ROBS,"(1.0, 0.6542476)"
"(2024000562, 3116)","('2024-05-17T09:21:51.010000Z', '2024-05-17T09:21:50.960000Z')",P,GORS,"(1.0, 0.63648033)"
"(2024000562, 1574)","('2024-05-17T09:21:52.150000Z', '2024-05-17T09:21:52.210000Z')",S,DRE,"(1.0, 0.8278637)"
"(2024000562, 3248)","('2024-05-17T09:21:52.660000Z', '2024-05-17T09:21:52.580000Z')",P,VOJS,"(1.0, 0.75372446)"
"(2024000562, 3193)","('2024-05-17T09:21:53.630000Z', '2024-05-17T09:21:53.840000Z')",S,ROBS,"(1.0, 0.63109845)"
"(2024000562, 1439)","('2024-05-17T09:21:53.660000Z', '2024-05-17T09:21:53.630000Z')",P,ACOM,"(1.0, 0.20022061)"
"(2024000562, 3117)","('2024-05-17T09:21:53.870000Z', '2024-05-17T09:21:53.880000Z')",S,GORS,"(1.0, 0.73423976)"
"(2024000562, 1479)","('2024-05-17T09:21:54.970000Z', '2024-05-17T09:21:54.920000Z')",P,BAD,"(1.0, 0.55339336)"
"(2024000562, 1480)","('2024-05-17T09:22:00.580000Z', '2024-05-17T09:22:00.730000Z')",S,BAD,"(1.0, 0.4998322)"
"(2024000563, 3630)","('2024-05-18T12:31:24.950000Z', '2024-05-18T12:31:24.940000Z')",P,LJU,"(1.0, 0.8499043)"
"(2024000563, 3559)","('2024-05-18T12:31:25.940000Z', '2024-05-18T12:31:25.930000Z')",P,GBAS,"(1.0, 0.85474956)"
"(2024000563, 3755)","('2024-05-18T12:31:26.210000Z', '2024-05-18T12:31:26.250000Z')",P,VNDS,"(1.0, 0.83503133)"
"(2024000563, 3593)","('2024-05-18T12:31:27.280000Z', '2024-05-18T12:31:27.240000Z')",P,GORS,"(1.0, 0.7412686)"
"(2024000563, 3631)","('2024-05-18T12:31:27.290000Z', '2024-05-18T12:31:27.330000Z')",S,LJU,"(1.0, 0.66739553)"
"(2024000563, 3773)","('2024-05-18T12:31:28.280000Z', '2024-05-18T12:31:28.330000Z')",P,VOJS,"(1.0, 0.45651573)"
"(2024000563, 3756)","('2024-05-18T12:31:29.560000Z', '2024-05-18T12:31:29.480000Z')",S,VNDS,"(1.0, 0.58347464)"
"(2024000563, 3560)","('2024-05-18T12:31:29.600000Z', '2024-05-18T12:31:29.920000Z')",S,GBAS,"(1.0, 0.60331166)"
"(2024000563, 2063)","('2024-05-18T12:31:31.250000Z', '2024-05-18T12:31:31.160000Z')",P,DRE,"(1.0, 0.57367635)"
"(2024000563, 3594)","('2024-05-18T12:31:31.670000Z', '2024-05-18T12:31:31.540000Z')",S,GORS,"(1.0, 0.6509452)"
"(2024000563, 3616)","('2024-05-18T12:31:33.520000Z', '2024-05-18T12:31:33.420000Z')",P,KNDS,"(1.0, 0.49209797)"
"(2024000563, 3774)","('2024-05-18T12:31:33.540000Z', '2024-05-18T12:31:33.870000Z')",S,VOJS,"(1.0, 0.3587303)"
"(2024000564, 3791)","('2024-05-18T16:53:55.760000Z', '2024-05-18T16:53:55.780000Z')",P,VARA,"(1.0, 0.84924126)"
"(2024000564, 2098)","('2024-05-18T16:53:56.120000Z', '2024-05-18T16:53:56.160000Z')",P,MARN,"(1.0, 0.83580816)"
"(2024000564, 3788)","('2024-05-18T16:53:56.560000Z', '2024-05-18T16:53:56.590000Z')",P,DOSS,"(1.0, 0.78658587)"
"(2024000564, 3241)","('2024-05-18T16:53:57.460000Z', '2024-05-18T16:53:57.400000Z')",P,LUSI,"(1.0, 0.77716553)"
"(2024000564, 3792)","('2024-05-18T16:53:57.720000Z', '2024-05-18T16:53:57.950000Z')",S,VARA,"(1.0, 0.80846095)"
"(2024000564, 2099)","('2024-05-18T16:53:58.410000Z', '2024-05-18T16:53:58.390000Z')",S,MARN,"(1.0, 0.6770871)"
"(2024000564, 3789)","('2024-05-18T16:53:59.340000Z', '2024-05-18T16:53:59.280000Z')",S,DOSS,"(1.0, 0.7688138)"
"(2024000564, 3242)","('2024-05-18T16:54:00.770000Z', '2024-05-18T16:54:00.710000Z')",S,LUSI,"(1.0, 0.74289036)"
"(2024000565, 3240)","('2024-05-19T04:29:36.250000Z', '2024-05-19T04:29:36.260000Z')",P,JAVS,"(1.0, 0.8220562)"
"(2024000565, 3385)","('2024-05-19T04:29:36.830000Z', '2024-05-19T04:29:36.850000Z')",P,SKDS,"(1.0, 0.88320225)"
"(2024000565, 2894)","('2024-05-19T04:29:38.490000Z', '2024-05-19T04:29:38.440000Z')",P,CEY,"(1.0, 0.5546298)"
"(2024000565, 3241)","('2024-05-19T04:29:38.910000Z', '2024-05-19T04:29:38.910000Z')",S,JAVS,"(1.0, 0.77111423)"
"(2024000565, 3456)","('2024-05-19T04:29:39.000000Z', '2024-05-19T04:29:38.990000Z')",P,VOJS,"(1.0, 0.8986953)"
"(2024000565, 3174)","('2024-05-19T04:29:39.630000Z', '2024-05-19T04:29:39.520000Z')",P,GBAS,"(1.0, 0.74778974)"
"(2024000565, 3386)","('2024-05-19T04:29:40.140000Z', '2024-05-19T04:29:40.180000Z')",S,SKDS,"(1.0, 0.77222687)"
"(2024000565, 2895)","('2024-05-19T04:29:42.520000Z', '2024-05-19T04:29:42.630000Z')",S,CEY,"(1.0, 0.35325822)"
"(2024000565, 3457)","('2024-05-19T04:29:43.980000Z', '2024-05-19T04:29:44.000000Z')",S,VOJS,"(1.0, 0.7015249)"
"(2024000565, 3175)","('2024-05-19T04:29:44.880000Z', '2024-05-19T04:29:45.000000Z')",S,GBAS,"(1.0, 0.77133757)"
"(2024000566, 1787)","('2024-05-19T05:10:26.810000Z', '2024-05-19T05:10:26.830000Z')",P,FUSE,"(1.0, 0.865763)"
"(2024000566, 1733)","('2024-05-19T05:10:26.820000Z', '2024-05-19T05:10:26.830000Z')",P,BOO,"(1.0, 0.8679803)"
"(2024000566, 1950)","('2024-05-19T05:10:27.420000Z', '2024-05-19T05:10:27.450000Z')",P,GEPF,"(1.0, 0.8770198)"
"(2024000566, 1832)","('2024-05-19T05:10:27.900000Z', '2024-05-19T05:10:27.920000Z')",P,MPRI,"(1.0, 0.82994074)"
"(2024000566, 1762)","('2024-05-19T05:10:28.020000Z', '2024-05-19T05:10:27.980000Z')",P,CLUD,"(1.0, 0.7933942)"
"(2024000566, 1745)","('2024-05-19T05:10:28.280000Z', '2024-05-19T05:10:28.260000Z')",P,BUA,"(1.0, 0.8570219)"
"(2024000566, 1734)","('2024-05-19T05:10:28.380000Z', '2024-05-19T05:10:28.430000Z')",S,BOO,"(1.0, 0.781032)"
"(2024000566, 1788)","('2024-05-19T05:10:28.440000Z', '2024-05-19T05:10:28.450000Z')",S,FUSE,"(1.0, 0.85709995)"
"(2024000566, 1481)","('2024-05-19T05:10:28.660000Z', '2024-05-19T05:10:28.680000Z')",P,BAD,"(1.0, 0.79707307)"
"(2024000566, 1880)","('2024-05-19T05:10:28.920000Z', '2024-05-19T05:10:28.940000Z')",P,ZOU,"(1.0, 0.7380706)"
"(2024000566, 1843)","('2024-05-19T05:10:28.940000Z', '2024-05-19T05:10:28.890000Z')",P,PLRO,"(1.0, 0.74339193)"
"(2024000566, 1334)","('2024-05-19T05:10:29.280000Z', '2024-05-19T05:10:29.280000Z')",P,PURA,"(1.0, 0.7435778)"
"(2024000566, 1951)","('2024-05-19T05:10:29.590000Z', '2024-05-19T05:10:29.630000Z')",S,GEPF,"(1.0, 0.7556319)"
"(2024000566, 1256)","('2024-05-19T05:10:29.660000Z', '2024-05-19T05:10:29.610000Z')",P,STAL,"(1.0, 0.6082941)"
"(2024000566, 1833)","('2024-05-19T05:10:30.490000Z', '2024-05-19T05:10:30.570000Z')",S,MPRI,"(1.0, 0.72110033)"
"(2024000566, 1763)","('2024-05-19T05:10:30.630000Z', '2024-05-19T05:10:30.770000Z')",S,CLUD,"(1.0, 0.3260609)"
"(2024000566, 1767)","('2024-05-19T05:10:30.900000Z', '2024-05-19T05:10:30.880000Z')",P,CSM,"(1.0, 0.22671193)"
"(2024000566, 3374)","('2024-05-19T05:10:31.010000Z', '2024-05-19T05:10:30.900000Z')",P,ROBS,"(1.0, 0.5902667)"
"(2024000566, 1746)","('2024-05-19T05:10:31.210000Z', '2024-05-19T05:10:31.200000Z')",S,BUA,"(1.0, 0.64145696)"
"(2024000566, 1765)","('2024-05-19T05:10:31.210000Z', '2024-05-19T05:10:31.210000Z')",P,COLI,"(1.0, 0.74217314)"
"(2024000566, 1805)","('2024-05-19T05:10:31.610000Z', '2024-05-19T05:10:31.600000Z')",P,LSR,"(1.0, 0.8273957)"
"(2024000566, 1848)","('2024-05-19T05:10:31.800000Z', '2024-05-19T05:10:31.710000Z')",P,PRED,"(1.0, 0.693594)"
"(2024000566, 1482)","('2024-05-19T05:10:31.970000Z', '2024-05-19T05:10:32.170000Z')",S,BAD,"(1.0, 0.5705547)"
"(2024000566, 1829)","('2024-05-19T05:10:32.090000Z', '2024-05-19T05:10:32.060000Z')",P,MLN,"(1.0, 0.62025344)"
"(2024000566, 1844)","('2024-05-19T05:10:32.120000Z', '2024-05-19T05:10:32.170000Z')",S,PLRO,"(1.0, 0.67926335)"
"(2024000566, 1431)","('2024-05-19T05:10:32.230000Z', '2024-05-19T05:10:32.200000Z')",P,ACOM,"(1.0, 0.61143214)"
"(2024000566, 1881)","('2024-05-19T05:10:32.310000Z', '2024-05-19T05:10:32.460000Z')",S,ZOU,"(1.0, 0.43217507)"
"(2024000566, 1335)","('2024-05-19T05:10:32.970000Z', '2024-05-19T05:10:33.130000Z')",S,PURA,"(1.0, 0.50586087)"
"(2024000566, 1781)","('2024-05-19T05:10:33.060000Z', '2024-05-19T05:10:32.930000Z')",P,DRE,"(1.0, 0.6670016)"
"(2024000566, 1257)","('2024-05-19T05:10:33.760000Z', '2024-05-19T05:10:33.930000Z')",S,STAL,"(1.0, 0.378802)"
"(2024000566, 1768)","('2024-05-19T05:10:35.700000Z', '2024-05-19T05:10:36.160000Z')",S,CSM,"(1.0, 0.24062729)"
"(2024000566, 1766)","('2024-05-19T05:10:36.280000Z', '2024-05-19T05:10:36.630000Z')",S,COLI,"(1.0, 0.54979587)"
"(2024000566, 1806)","('2024-05-19T05:10:37.020000Z', '2024-05-19T05:10:37.240000Z')",S,LSR,"(1.0, 0.4935161)"
"(2024000566, 1849)","('2024-05-19T05:10:37.170000Z', '2024-05-19T05:10:37.360000Z')",S,PRED,"(1.0, 0.2650862)"
"(2024000567, 2856)","('2024-05-19T06:08:21.850000Z', '2024-05-19T06:08:21.830000Z')",P,CADS,"(1.0, 0.76846254)"
"(2024000567, 2857)","('2024-05-19T06:08:22.780000Z', '2024-05-19T06:08:22.800000Z')",S,CADS,"(1.0, 0.8511718)"
"(2024000567, 1783)","('2024-05-19T06:08:22.830000Z', '2024-05-19T06:08:22.840000Z')",P,DRE,"(1.0, 0.85081995)"
"(2024000567, 3376)","('2024-05-19T06:08:23.340000Z', '2024-05-19T06:08:23.350000Z')",P,ROBS,"(1.0, 0.55644697)"
"(2024000567, 1784)","('2024-05-19T06:08:24.500000Z', '2024-05-19T06:08:24.510000Z')",S,DRE,"(1.0, 0.7734194)"
"(2024000567, 3377)","('2024-05-19T06:08:25.670000Z', '2024-05-19T06:08:25.730000Z')",S,ROBS,"(1.0, 0.47066265)"
"(2024000568, 1852)","('2024-05-19T20:04:38.630000Z', '2024-05-19T20:04:38.700000Z')",P,PRED,"(1.0, 0.8673206)"
"(2024000568, 1808)","('2024-05-19T20:04:39.140000Z', '2024-05-19T20:04:39.180000Z')",P,LSR,"(1.0, 0.7251311)"
"(2024000568, 1436)","('2024-05-19T20:04:39.550000Z', '2024-05-19T20:04:39.920000Z')",P,ACOM,"(1.0, 0.6463727)"
"(2024000568, 1405)","('2024-05-19T20:04:39.570000Z', '2024-05-19T20:04:39.530000Z')",P,MYKA,"(1.0, 0.86354)"
"(2024000568, 1853)","('2024-05-19T20:04:40.520000Z', '2024-05-19T20:04:40.530000Z')",S,PRED,"(1.0, 0.8633652)"
"(2024000568, 3236)","('2024-05-19T20:04:41.140000Z', '2024-05-19T20:04:41.220000Z')",P,GORS,"(1.0, 0.66345763)"
"(2024000568, 2867)","('2024-05-19T20:04:41.260000Z', '2024-05-19T20:04:41.180000Z')",P,CADS,"(1.0, 0.73796535)"
"(2024000568, 1809)","('2024-05-19T20:04:41.410000Z', '2024-05-19T20:04:41.480000Z')",S,LSR,"(1.0, 0.72654134)"
"(2024000568, 1406)","('2024-05-19T20:04:41.840000Z', '2024-05-19T20:04:41.860000Z')",S,MYKA,"(1.0, 0.8268654)"
"(2024000568, 1437)","('2024-05-19T20:04:42.140000Z', '2024-05-19T20:04:42.360000Z')",S,ACOM,"(1.0, 0.76517504)"
"(2024000568, 1785)","('2024-05-19T20:04:42.180000Z', '2024-05-19T20:04:42.210000Z')",P,DRE,"(1.0, 0.6578222)"
"(2024000568, 1368)","('2024-05-19T20:04:43.560000Z', '2024-05-19T20:04:43.580000Z')",P,VINO,"(1.0, 0.6440474)"
"(2024000568, 3237)","('2024-05-19T20:04:45.200000Z', '2024-05-19T20:04:45.210000Z')",S,GORS,"(1.0, 0.70940673)"
"(2024000568, 2868)","('2024-05-19T20:04:45.370000Z', '2024-05-19T20:04:45.370000Z')",S,CADS,"(1.0, 0.7194739)"
"(2024000568, 1786)","('2024-05-19T20:04:46.770000Z', '2024-05-19T20:04:47.220000Z')",S,DRE,"(1.0, 0.5038507)"
"(2024000569, 2029)","('2024-05-20T18:56:20.620000Z', '2024-05-20T18:56:20.590000Z')",P,BAD,"(1.0, 0.5154338)"
"(2024000569, 2030)","('2024-05-20T18:56:21.830000Z', '2024-05-20T18:56:21.850000Z')",S,BAD,"(1.0, 0.74006665)"
"(2024000570, 2677)","('2024-05-21T02:52:02.410000Z', '2024-05-21T02:52:02.390000Z')",P,LJU,"(1.0, 0.13892755)"
"(2024000570, 2596)","('2024-05-21T02:52:02.450000Z', '2024-05-21T02:52:02.480000Z')",P,GBAS,"(1.0, 0.8653015)"
"(2024000570, 2680)","('2024-05-21T02:52:04.580000Z', '2024-05-21T02:52:04.550000Z')",P,MOZS,"(1.0, 0.18779293)"
"(2024000570, 2597)","('2024-05-21T02:52:04.840000Z', '2024-05-21T02:52:04.870000Z')",S,GBAS,"(1.0, 0.8570239)"
"(2024000570, 2378)","('2024-05-21T02:52:05.560000Z', '2024-05-21T02:52:05.540000Z')",P,CEY,"(1.0, 0.76518834)"
"(2024000570, 2651)","('2024-05-21T02:52:09.260000Z', '2024-05-21T02:52:09.320000Z')",P,KNDS,"(1.0, 0.34675643)"
"(2024000570, 2749)","('2024-05-21T02:52:09.560000Z', '2024-05-21T02:52:09.400000Z')",P,SKDS,"(1.0, 0.43808243)"
"(2024000570, 2379)","('2024-05-21T02:52:09.980000Z', '2024-05-21T02:52:10.020000Z')",S,CEY,"(1.0, 0.68064773)"
"(2024000570, 2652)","('2024-05-21T02:52:18.000000Z', '2024-05-21T02:52:18.000000Z')",S,KNDS,"(1.0, 0.45362714)"
"(2024000570, 2750)","('2024-05-21T02:52:18.330000Z', '2024-05-21T02:52:18.370000Z')",S,SKDS,"(1.0, 0.6286829)"
"(2024000571, 1163)","('2024-05-21T03:42:08.510000Z', '2024-05-21T03:42:08.470000Z')",P,CLUD,"(1.0, 0.84807515)"
"(2024000571, 1190)","('2024-05-21T03:42:09.520000Z', '2024-05-21T03:42:09.420000Z')",P,FUSE,"(1.0, 0.50059295)"
"(2024000571, 1164)","('2024-05-21T03:42:09.520000Z', '2024-05-21T03:42:09.420000Z')",S,CLUD,"(1.0, 0.55421966)"
"(2024000571, 1299)","('2024-05-21T03:42:09.650000Z', '2024-05-21T03:42:09.600000Z')",P,ZOU,"(1.0, 0.7512476)"
"(2024000571, 985)","('2024-05-21T03:42:10.590000Z', '2024-05-21T03:42:10.560000Z')",P,PURA,"(1.0, 0.7169043)"
"(2024000571, 1300)","('2024-05-21T03:42:10.940000Z', '2024-05-21T03:42:10.980000Z')",S,ZOU,"(1.0, 0.5082677)"
"(2024000571, 1276)","('2024-05-21T03:42:11.260000Z', '2024-05-21T03:42:11.250000Z')",P,PLRO,"(1.0, 0.58725965)"
"(2024000571, 930)","('2024-05-21T03:42:12.650000Z', '2024-05-21T03:42:12.660000Z')",P,STAL,"(1.0, 0.7169095)"
"(2024000571, 986)","('2024-05-21T03:42:12.960000Z', '2024-05-21T03:42:13.010000Z')",S,PURA,"(1.0, 0.59947)"
"(2024000571, 1277)","('2024-05-21T03:42:14.510000Z', '2024-05-21T03:42:14.430000Z')",S,PLRO,"(1.0, 0.66946626)"
"(2024000571, 931)","('2024-05-21T03:42:17.190000Z', '2024-05-21T03:42:17.250000Z')",S,STAL,"(1.0, 0.6234625)"
"(2024000572, 3299)","('2024-05-22T02:47:53.580000Z', '2024-05-22T02:47:53.590000Z')",P,CADS,"(1.0, 0.9035618)"
"(2024000572, 3300)","('2024-05-22T02:47:54.350000Z', '2024-05-22T02:47:54.420000Z')",S,CADS,"(1.0, 0.8767689)"
"(2024000572, 2071)","('2024-05-22T02:47:55.070000Z', '2024-05-22T02:47:55.090000Z')",P,DRE,"(1.0, 0.8376422)"
"(2024000572, 3749)","('2024-05-22T02:47:56.270000Z', '2024-05-22T02:47:56.210000Z')",P,GORS,"(1.0, 0.13995577)"
"(2024000572, 2072)","('2024-05-22T02:47:57.240000Z', '2024-05-22T02:47:57.230000Z')",S,DRE,"(1.0, 0.8304089)"
"(2024000572, 3976)","('2024-05-22T02:47:57.790000Z', '2024-05-22T02:47:57.760000Z')",P,VOJS,"(1.0, 0.5209477)"
"(2024000572, 3750)","('2024-05-22T02:47:58.800000Z', '2024-05-22T02:47:58.870000Z')",S,GORS,"(1.0, 0.20423262)"
"(2024000572, 3977)","('2024-05-22T02:48:02.320000Z', '2024-05-22T02:48:02.420000Z')",S,VOJS,"(1.0, 0.24395576)"
"(2024000573, 3697)","('2024-05-22T05:45:42.980000Z', '2024-05-22T05:45:42.980000Z')",P,GBAS,"(1.0, 0.88170266)"
"(2024000573, 3765)","('2024-05-22T05:45:45.070000Z', '2024-05-22T05:45:45.070000Z')",P,JAVS,"(1.0, 0.49036893)"
"(2024000573, 3698)","('2024-05-22T05:45:45.360000Z', '2024-05-22T05:45:45.370000Z')",S,GBAS,"(1.0, 0.8355185)"
"(2024000573, 3766)","('2024-05-22T05:45:49.460000Z', '2024-05-22T05:45:49.460000Z')",S,JAVS,"(1.0, 0.69118625)"
"(2024000573, 2075)","('2024-05-22T05:45:49.780000Z', '2024-05-22T05:45:49.690000Z')",P,DRE,"(1.0, 0.18551978)"
"(2024000574, 1295)","('2024-05-22T17:27:53.490000Z', '2024-05-22T17:27:53.500000Z')",P,BRMO,"(1.0, 0.8611908)"
"(2024000574, 1296)","('2024-05-22T17:27:55.790000Z', '2024-05-22T17:27:55.840000Z')",S,BRMO,"(1.0, 0.8286585)"
"(2024000574, 4001)","('2024-05-22T17:27:56.080000Z', '2024-05-22T17:27:56.080000Z')",P,CARE,"(1.0, 0.8496894)"
"(2024000574, 1388)","('2024-05-22T17:27:56.170000Z', '2024-05-22T17:27:56.070000Z')",P,MABI,"(1.0, 0.23730187)"
"(2024000574, 1389)","('2024-05-22T17:28:00.220000Z', '2024-05-22T17:28:00.420000Z')",S,MABI,"(1.0, 0.7044036)"
"(2024000574, 4018)","('2024-05-22T17:28:00.340000Z', '2024-05-22T17:28:00.330000Z')",P,GAGG,"(1.0, 0.5383506)"
"(2024000574, 4002)","('2024-05-22T17:28:00.430000Z', '2024-05-22T17:28:00.490000Z')",S,CARE,"(1.0, 0.6386315)"
"(2024000574, 3292)","('2024-05-22T17:28:01.580000Z', '2024-05-22T17:28:01.320000Z')",P,LUSI,"(1.0, 0.26760432)"
"(2024000574, 1395)","('2024-05-22T17:28:01.920000Z', '2024-05-22T17:28:02.020000Z')",P,MAGA,"(1.0, 0.41872835)"
"(2024000574, 4020)","('2024-05-22T17:28:07.920000Z', '2024-05-22T17:28:08.000000Z')",S,GAGG,"(1.0, 0.47928134)"
"(2024000574, 3293)","('2024-05-22T17:28:09.800000Z', '2024-05-22T17:28:09.900000Z')",S,LUSI,"(1.0, 0.47632235)"
"(2024000574, 1396)","('2024-05-22T17:28:09.890000Z', '2024-05-22T17:28:10.060000Z')",S,MAGA,"(1.0, 0.29669535)"
"(2024000575, 2006)","('2024-05-22T20:32:23.230000Z', '2024-05-22T20:32:23.280000Z')",P,BALD,"(1.0, 0.86090523)"
"(2024000575, 2105)","('2024-05-22T20:32:23.500000Z', '2024-05-22T20:32:23.470000Z')",P,GARG,"(1.0, 0.8567343)"
"(2024000575, 1399)","('2024-05-22T20:32:24.110000Z', '2024-05-22T20:32:24.090000Z')",P,MAGA,"(1.0, 0.86410767)"
"(2024000575, 2007)","('2024-05-22T20:32:24.310000Z', '2024-05-22T20:32:24.360000Z')",S,BALD,"(1.0, 0.84593093)"
"(2024000575, 2106)","('2024-05-22T20:32:24.870000Z', '2024-05-22T20:32:24.980000Z')",S,GARG,"(1.0, 0.8155601)"
"(2024000575, 1400)","('2024-05-22T20:32:26.140000Z', '2024-05-22T20:32:26.160000Z')",S,MAGA,"(1.0, 0.8078714)"
"(2024000576, 3820)","('2024-05-22T22:05:07.930000Z', '2024-05-22T22:05:07.970000Z')",P,LJU,"(1.0, 0.876648)"
"(2024000576, 3833)","('2024-05-22T22:05:08.450000Z', '2024-05-22T22:05:08.460000Z')",P,MOZS,"(1.0, 0.72608626)"
"(2024000576, 3719)","('2024-05-22T22:05:08.670000Z', '2024-05-22T22:05:08.670000Z')",P,GBAS,"(1.0, 0.82790065)"
"(2024000576, 3821)","('2024-05-22T22:05:10.250000Z', '2024-05-22T22:05:10.280000Z')",S,LJU,"(1.0, 0.7854303)"
"(2024000576, 3788)","('2024-05-22T22:05:10.730000Z', '2024-05-22T22:05:10.610000Z')",P,JAVS,"(1.0, 0.6430664)"
"(2024000576, 3991)","('2024-05-22T22:05:11.200000Z', '2024-05-22T22:05:11.140000Z')",P,VOJS,"(1.0, 0.2866867)"
"(2024000576, 3720)","('2024-05-22T22:05:11.890000Z', '2024-05-22T22:05:11.890000Z')",S,GBAS,"(1.0, 0.686921)"
"(2024000576, 3647)","('2024-05-22T22:05:12.460000Z', '2024-05-22T22:05:12.440000Z')",P,CEY,"(1.0, 0.7784498)"
"(2024000576, 2088)","('2024-05-22T22:05:14.060000Z', '2024-05-22T22:05:13.770000Z')",P,DRE,"(1.0, 0.35121953)"
"(2024000576, 3762)","('2024-05-22T22:05:14.820000Z', '2024-05-22T22:05:14.900000Z')",S,GORS,"(1.0, 0.25831416)"
"(2024000576, 3789)","('2024-05-22T22:05:15.190000Z', '2024-05-22T22:05:15.390000Z')",S,JAVS,"(1.0, 0.3824708)"
"(2024000576, 3992)","('2024-05-22T22:05:16.550000Z', '2024-05-22T22:05:16.430000Z')",S,VOJS,"(1.0, 0.29988793)"
"(2024000576, 2089)","('2024-05-22T22:05:21.780000Z', '2024-05-22T22:05:21.790000Z')",S,DRE,"(1.0, 0.33651617)"
"(2024000577, 7547)","('2024-05-23T00:32:08.680000Z', '2024-05-23T00:32:08.760000Z')",P,STAL,"(1.0, 0.8365841)"
"(2024000577, 8057)","('2024-05-23T00:32:09.320000Z', '2024-05-23T00:32:09.340000Z')",P,MLN,"(1.0, 0.8528237)"
"(2024000577, 7548)","('2024-05-23T00:32:10.170000Z', '2024-05-23T00:32:10.240000Z')",S,STAL,"(1.0, 0.2792103)"
"(2024000577, 7918)","('2024-05-23T00:32:10.200000Z', '2024-05-23T00:32:10.010000Z')",P,CIMO,"(1.0, 0.7930296)"
"(2024000577, 8058)","('2024-05-23T00:32:11.080000Z', '2024-05-23T00:32:11.140000Z')",S,MLN,"(1.0, 0.8452557)"
"(2024000577, 7684)","('2024-05-23T00:32:11.180000Z', '2024-05-23T00:32:11.030000Z')",P,PURA,"(1.0, 0.76646525)"
"(2024000577, 7959)","('2024-05-23T00:32:11.350000Z', '2024-05-23T00:32:11.420000Z')",P,CSO,"(1.0, 0.54130423)"
"(2024000577, 7800)","('2024-05-23T00:32:11.480000Z', '2024-05-23T00:32:11.490000Z')",P,APGO,"(1.0, 0.8561154)"
"(2024000577, 7677)","('2024-05-23T00:32:12.430000Z', '2024-05-23T00:32:12.080000Z')",P,POLC,"(1.0, 0.29159275)"
"(2024000577, 7953)","('2024-05-23T00:32:12.550000Z', '2024-05-23T00:32:12.680000Z')",P,CSM,"(1.0, 0.46908748)"
"(2024000577, 7900)","('2024-05-23T00:32:12.620000Z', '2024-05-23T00:32:12.620000Z')",P,CAE,"(1.0, 0.7151123)"
"(2024000577, 8085)","('2024-05-23T00:32:12.630000Z', '2024-05-23T00:32:12.740000Z')",P,MPRI,"(1.0, 0.23097214)"
"(2024000577, 7919)","('2024-05-23T00:32:12.660000Z', '2024-05-23T00:32:12.770000Z')",S,CIMO,"(1.0, 0.6731369)"
"(2024000577, 7924)","('2024-05-23T00:32:12.920000Z', '2024-05-23T00:32:12.880000Z')",P,CLUD,"(1.0, 0.7512522)"
"(2024000577, 7983)","('2024-05-23T00:32:13.820000Z', '2024-05-23T00:32:13.630000Z')",P,FUSE,"(1.0, 0.35218403)"
"(2024000577, 7879)","('2024-05-23T00:32:14.030000Z', '2024-05-23T00:32:14.180000Z')",P,BOO,"(1.0, 0.6501196)"
"(2024000577, 7685)","('2024-05-23T00:32:14.360000Z', '2024-05-23T00:32:14.440000Z')",S,PURA,"(1.0, 0.66940236)"
"(2024000577, 7801)","('2024-05-23T00:32:15.060000Z', '2024-05-23T00:32:15.150000Z')",S,APGO,"(1.0, 0.7413451)"
"(2024000577, 7821)","('2024-05-23T00:32:15.630000Z', '2024-05-23T00:32:15.690000Z')",P,BAD,"(1.0, 0.626615)"
"(2024000577, 7697)","('2024-05-23T00:32:16.330000Z', '2024-05-23T00:32:16.060000Z')",P,VINO,"(1.0, 0.7372796)"
"(2024000577, 7880)","('2024-05-23T00:32:20.060000Z', '2024-05-23T00:32:20.160000Z')",S,BOO,"(1.0, 0.694751)"
"(2024000577, 7822)","('2024-05-23T00:32:23.130000Z', '2024-05-23T00:32:23.280000Z')",S,BAD,"(1.0, 0.5111275)"
"(2024000577, 7698)","('2024-05-23T00:32:23.730000Z', '2024-05-23T00:32:23.860000Z')",S,VINO,"(1.0, 0.5615095)"
"(2024000578, 7247)","('2024-05-23T00:54:49.280000Z', '2024-05-23T00:54:49.240000Z')",P,BRMO,"(1.0, 0.864408)"
"(2024000578, 7248)","('2024-05-23T00:54:50.970000Z', '2024-05-23T00:54:51.060000Z')",S,BRMO,"(1.0, 0.82209104)"
"(2024000578, 9977)","('2024-05-23T00:54:51.400000Z', '2024-05-23T00:54:51.340000Z')",P,CARE,"(1.0, 0.8433073)"
"(2024000578, 9978)","('2024-05-23T00:54:54.370000Z', '2024-05-23T00:54:54.350000Z')",S,CARE,"(1.0, 0.75186235)"
"(2024000578, 10002)","('2024-05-23T00:54:55.560000Z', '2024-05-23T00:54:55.540000Z')",P,OZOL,"(1.0, 0.7547881)"
"(2024000578, 9249)","('2024-05-23T00:54:58.400000Z', '2024-05-23T00:54:58.440000Z')",P,ABSI,"(1.0, 0.5894771)"
"(2024000578, 10003)","('2024-05-23T00:55:01.440000Z', '2024-05-23T00:55:01.510000Z')",S,OZOL,"(1.0, 0.68544406)"
"(2024000578, 9250)","('2024-05-23T00:55:07.790000Z', '2024-05-23T00:55:07.400000Z')",S,ABSI,"(1.0, 0.26917183)"
"(2024000579, 8150)","('2024-05-23T04:22:24.210000Z', '2024-05-23T04:22:24.140000Z')",P,ZOU,"(1.0, 0.7829097)"
"(2024000579, 7926)","('2024-05-23T04:22:24.650000Z', '2024-05-23T04:22:24.580000Z')",P,CLUD,"(1.0, 0.86500204)"
"(2024000579, 8106)","('2024-05-23T04:22:24.960000Z', '2024-05-23T04:22:24.980000Z')",P,PLRO,"(1.0, 0.8209037)"
"(2024000579, 8151)","('2024-05-23T04:22:25.400000Z', '2024-05-23T04:22:25.410000Z')",S,ZOU,"(1.0, 0.7022668)"
"(2024000579, 7927)","('2024-05-23T04:22:26.240000Z', '2024-05-23T04:22:26.230000Z')",S,CLUD,"(1.0, 0.77866167)"
"(2024000579, 8107)","('2024-05-23T04:22:26.730000Z', '2024-05-23T04:22:26.770000Z')",S,PLRO,"(1.0, 0.7403038)"
"(2024000580, 9685)","('2024-05-23T06:14:51.770000Z', '2024-05-23T06:14:51.770000Z')",P,GBAS,"(1.0, 0.86893237)"
"(2024000580, 9799)","('2024-05-23T06:14:51.970000Z', '2024-05-23T06:14:51.980000Z')",P,LJU,"(1.0, 0.83129245)"
"(2024000580, 9747)","('2024-05-23T06:14:53.780000Z', '2024-05-23T06:14:53.950000Z')",P,JAVS,"(1.0, 0.19515954)"
"(2024000580, 9686)","('2024-05-23T06:14:53.960000Z', '2024-05-23T06:14:54.050000Z')",S,GBAS,"(1.0, 0.5392278)"
"(2024000580, 9800)","('2024-05-23T06:14:54.240000Z', '2024-05-23T06:14:54.320000Z')",S,LJU,"(1.0, 0.6818458)"
"(2024000580, 9964)","('2024-05-23T06:14:54.760000Z', '2024-05-23T06:14:54.850000Z')",P,VOJS,"(1.0, 0.6534063)"
"(2024000580, 9736)","('2024-05-23T06:14:55.600000Z', '2024-05-23T06:14:55.640000Z')",P,GORS,"(1.0, 0.24414606)"
"(2024000580, 9276)","('2024-05-23T06:14:56.920000Z', '2024-05-23T06:14:56.950000Z')",P,CADS,"(1.0, 0.27525663)"
"(2024000580, 9748)","('2024-05-23T06:14:57.370000Z', '2024-05-23T06:14:57.480000Z')",S,JAVS,"(1.0, 0.2053662)"
"(2024000580, 7969)","('2024-05-23T06:14:57.950000Z', '2024-05-23T06:14:57.930000Z')",P,DRE,"(1.0, 0.24431448)"
"(2024000580, 9965)","('2024-05-23T06:14:59.990000Z', '2024-05-23T06:15:00.010000Z')",S,VOJS,"(1.0, 0.50563407)"
"(2024000580, 9737)","('2024-05-23T06:15:00.790000Z', '2024-05-23T06:15:00.840000Z')",S,GORS,"(1.0, 0.29567394)"
"(2024000580, 9277)","('2024-05-23T06:15:03.900000Z', '2024-05-23T06:15:03.890000Z')",S,CADS,"(1.0, 0.48531148)"
"(2024000580, 7970)","('2024-05-23T06:15:06.470000Z', '2024-05-23T06:15:06.530000Z')",S,DRE,"(1.0, 0.2686233)"
"(2024000581, 9691)","('2024-05-23T06:26:30.680000Z', '2024-05-23T06:26:30.820000Z')",P,GBAS,"(1.0, 0.8271654)"
"(2024000581, 9803)","('2024-05-23T06:26:30.790000Z', '2024-05-23T06:26:30.810000Z')",P,LJU,"(1.0, 0.85771906)"
"(2024000581, 9944)","('2024-05-23T06:26:32.640000Z', '2024-05-23T06:26:32.640000Z')",P,VNDS,"(1.0, 0.81339794)"
"(2024000581, 9750)","('2024-05-23T06:26:32.870000Z', '2024-05-23T06:26:32.880000Z')",P,JAVS,"(1.0, 0.82956576)"
"(2024000581, 9813)","('2024-05-23T06:26:32.910000Z', '2024-05-23T06:26:32.900000Z')",P,MOZS,"(1.0, 0.5960249)"
"(2024000581, 9804)","('2024-05-23T06:26:33.020000Z', '2024-05-23T06:26:33.040000Z')",S,LJU,"(1.0, 0.84327286)"
"(2024000581, 9692)","('2024-05-23T06:26:33.200000Z', '2024-05-23T06:26:33.210000Z')",S,GBAS,"(1.0, 0.81916034)"
"(2024000581, 9348)","('2024-05-23T06:26:33.920000Z', '2024-05-23T06:26:33.920000Z')",P,CEY,"(1.0, 0.7783059)"
"(2024000581, 9738)","('2024-05-23T06:26:34.680000Z', '2024-05-23T06:26:35.000000Z')",P,GORS,"(1.0, 0.61061496)"
"(2024000581, 9278)","('2024-05-23T06:26:36.550000Z', '2024-05-23T06:26:36.510000Z')",P,CADS,"(1.0, 0.5363231)"
"(2024000581, 9751)","('2024-05-23T06:26:37.300000Z', '2024-05-23T06:26:37.310000Z')",S,JAVS,"(1.0, 0.730562)"
"(2024000581, 9772)","('2024-05-23T06:26:37.400000Z', '2024-05-23T06:26:37.010000Z')",P,KNDS,"(1.0, 0.6407923)"
"(2024000581, 7971)","('2024-05-23T06:26:37.520000Z', '2024-05-23T06:26:37.410000Z')",P,DRE,"(1.0, 0.75950277)"
"(2024000581, 9349)","('2024-05-23T06:26:38.370000Z', '2024-05-23T06:26:38.350000Z')",S,CEY,"(1.0, 0.70074916)"
"(2024000581, 9773)","('2024-05-23T06:26:45.260000Z', '2024-05-23T06:26:45.260000Z')",S,KNDS,"(1.0, 0.3747711)"
"(2024000581, 7972)","('2024-05-23T06:26:45.860000Z', '2024-05-23T06:26:45.890000Z')",S,DRE,"(1.0, 0.5204006)"
"(2024000582, 7920)","('2024-05-23T10:13:16.020000Z', '2024-05-23T10:13:15.980000Z')",P,CIMO,"(1.0, 0.8802881)"
"(2024000582, 7556)","('2024-05-23T10:13:16.130000Z', '2024-05-23T10:13:16.150000Z')",P,STAL,"(1.0, 0.81381625)"
"(2024000582, 8059)","('2024-05-23T10:13:17.320000Z', '2024-05-23T10:13:17.340000Z')",P,MLN,"(1.0, 0.840672)"
"(2024000582, 7961)","('2024-05-23T10:13:17.430000Z', '2024-05-23T10:13:17.450000Z')",P,CSO,"(1.0, 0.866669)"
"(2024000582, 7921)","('2024-05-23T10:13:17.880000Z', '2024-05-23T10:13:17.880000Z')",S,CIMO,"(1.0, 0.8513203)"
"(2024000582, 7955)","('2024-05-23T10:13:18.100000Z', '2024-05-23T10:13:18.130000Z')",P,CSM,"(1.0, 0.5850629)"
"(2024000582, 7809)","('2024-05-23T10:13:18.320000Z', '2024-05-23T10:13:18.310000Z')",P,APGO,"(1.0, 0.7288701)"
"(2024000582, 7962)","('2024-05-23T10:13:20.350000Z', '2024-05-23T10:13:20.410000Z')",S,CSO,"(1.0, 0.85690176)"
"(2024000582, 8060)","('2024-05-23T10:13:20.580000Z', '2024-05-23T10:13:20.540000Z')",S,MLN,"(1.0, 0.5741931)"
"(2024000582, 7956)","('2024-05-23T10:13:21.290000Z', '2024-05-23T10:13:21.300000Z')",S,CSM,"(1.0, 0.3448679)"
"(2024000582, 7810)","('2024-05-23T10:13:22.320000Z', '2024-05-23T10:13:22.270000Z')",S,APGO,"(1.0, 0.65217704)"
"(2024000583, 7985)","('2024-05-23T10:31:03.040000Z', '2024-05-23T10:31:03.040000Z')",P,FUSE,"(1.0, 0.8880338)"
"(2024000583, 7881)","('2024-05-23T10:31:03.150000Z', '2024-05-23T10:31:03.160000Z')",P,BOO,"(1.0, 0.87210745)"
"(2024000583, 8420)","('2024-05-23T10:31:03.820000Z', '2024-05-23T10:31:03.810000Z')",P,GEPF,"(1.0, 0.6438442)"
"(2024000583, 7936)","('2024-05-23T10:31:04.430000Z', '2024-05-23T10:31:04.400000Z')",P,CLUD,"(1.0, 0.8441446)"
"(2024000583, 8088)","('2024-05-23T10:31:04.560000Z', '2024-05-23T10:31:04.590000Z')",P,MPRI,"(1.0, 0.7447344)"
"(2024000583, 7986)","('2024-05-23T10:31:04.620000Z', '2024-05-23T10:31:04.660000Z')",S,FUSE,"(1.0, 0.8229127)"
"(2024000583, 8108)","('2024-05-23T10:31:04.680000Z', '2024-05-23T10:31:04.780000Z')",P,PLRO,"(1.0, 0.8150143)"
"(2024000583, 7896)","('2024-05-23T10:31:04.720000Z', '2024-05-23T10:31:04.720000Z')",P,BUA,"(1.0, 0.75966233)"
"(2024000583, 7882)","('2024-05-23T10:31:04.810000Z', '2024-05-23T10:31:04.840000Z')",S,BOO,"(1.0, 0.8273736)"
"(2024000583, 7823)","('2024-05-23T10:31:04.900000Z', '2024-05-23T10:31:05.000000Z')",P,BAD,"(1.0, 0.93055046)"
"(2024000583, 7706)","('2024-05-23T10:31:04.920000Z', '2024-05-23T10:31:04.910000Z')",P,VINO,"(1.0, 0.85327214)"
"(2024000583, 8154)","('2024-05-23T10:31:05.030000Z', '2024-05-23T10:31:05.000000Z')",P,ZOU,"(1.0, 0.9341274)"
"(2024000583, 7688)","('2024-05-23T10:31:05.860000Z', '2024-05-23T10:31:05.990000Z')",P,PURA,"(1.0, 0.85206354)"
"(2024000583, 8421)","('2024-05-23T10:31:05.930000Z', '2024-05-23T10:31:05.980000Z')",S,GEPF,"(1.0, 0.70717764)"
"(2024000583, 7558)","('2024-05-23T10:31:06.300000Z', '2024-05-23T10:31:06.000000Z')",P,STAL,"(1.0, 0.59296936)"
"(2024000583, 7277)","('2024-05-23T10:31:06.860000Z', '2024-05-23T10:31:06.980000Z')",P,FVI,"(1.0, 0.88339466)"
"(2024000583, 9881)","('2024-05-23T10:31:07.060000Z', '2024-05-23T10:31:07.000000Z')",P,ROBS,"(1.0, 0.9125831)"
"(2024000583, 7937)","('2024-05-23T10:31:07.150000Z', '2024-05-23T10:31:07.170000Z')",S,CLUD,"(1.0, 0.8088954)"
"(2024000583, 8041)","('2024-05-23T10:31:07.240000Z', '2024-05-23T10:31:07.300000Z')",P,LSR,"(1.0, 0.7740385)"
"(2024000583, 7944)","('2024-05-23T10:31:07.430000Z', '2024-05-23T10:31:07.450000Z')",P,COLI,"(1.0, 0.8141779)"
"(2024000583, 8117)","('2024-05-23T10:31:07.440000Z', '2024-05-23T10:31:07.520000Z')",P,PRED,"(1.0, 0.7338683)"
"(2024000583, 8089)","('2024-05-23T10:31:07.530000Z', '2024-05-23T10:31:07.630000Z')",S,MPRI,"(1.0, 0.47028685)"
"(2024000583, 8110)","('2024-05-23T10:31:07.690000Z', '2024-05-23T10:31:07.680000Z')",S,PLRO,"(1.0, 0.7683609)"
"(2024000583, 7957)","('2024-05-23T10:31:07.750000Z', '2024-05-23T10:31:07.980000Z')",P,CSM,"(1.0, 0.63202274)"
"(2024000583, 7774)","('2024-05-23T10:31:07.920000Z', '2024-05-23T10:31:08.000000Z')",P,ACOM,"(1.0, 0.91459095)"
"(2024000583, 7897)","('2024-05-23T10:31:08.130000Z', '2024-05-23T10:31:08.180000Z')",S,BUA,"(1.0, 0.5492134)"
"(2024000583, 7707)","('2024-05-23T10:31:08.170000Z', '2024-05-23T10:31:08.170000Z')",S,VINO,"(1.0, 0.65576017)"
"(2024000583, 7824)","('2024-05-23T10:31:08.200000Z', '2024-05-23T10:31:08.210000Z')",S,BAD,"(1.0, 0.6692114)"
"(2024000583, 8155)","('2024-05-23T10:31:08.400000Z', '2024-05-23T10:31:08.380000Z')",S,ZOU,"(1.0, 0.72302806)"
"(2024000583, 8061)","('2024-05-23T10:31:08.910000Z', '2024-05-23T10:31:08.960000Z')",P,MLN,"(1.0, 0.794537)"
"(2024000583, 7975)","('2024-05-23T10:31:09.280000Z', '2024-05-23T10:31:09.310000Z')",P,DRE,"(1.0, 0.79368514)"
"(2024000583, 9280)","('2024-05-23T10:31:09.680000Z', '2024-05-23T10:31:10.000000Z')",P,CADS,"(1.0, 0.7912609)"
"(2024000583, 7745)","('2024-05-23T10:31:09.690000Z', '2024-05-23T10:31:09.880000Z')",P,MYKA,"(1.0, 0.55775416)"
"(2024000583, 7689)","('2024-05-23T10:31:09.860000Z', '2024-05-23T10:31:09.830000Z')",S,PURA,"(1.0, 0.4947492)"
"(2024000583, 7559)","('2024-05-23T10:31:10.770000Z', '2024-05-23T10:31:10.890000Z')",S,STAL,"(1.0, 0.5619535)"
"(2024000583, 7811)","('2024-05-23T10:31:11.160000Z', '2024-05-23T10:31:11.230000Z')",P,APGO,"(1.0, 0.71409035)"
"(2024000583, 7718)","('2024-05-23T10:31:11.270000Z', '2024-05-23T10:31:11.290000Z')",P,ABTA,"(1.0, 0.6979114)"
"(2024000583, 7278)","('2024-05-23T10:31:11.490000Z', '2024-05-23T10:31:11.500000Z')",S,FVI,"(1.0, 0.7517619)"
"(2024000583, 9882)","('2024-05-23T10:31:12.110000Z', '2024-05-23T10:31:12.130000Z')",S,ROBS,"(1.0, 0.63119847)"
"(2024000583, 8042)","('2024-05-23T10:31:12.720000Z', '2024-05-23T10:31:12.740000Z')",S,LSR,"(1.0, 0.541151)"
"(2024000583, 7958)","('2024-05-23T10:31:12.850000Z', '2024-05-23T10:31:12.910000Z')",S,CSM,"(1.0, 0.44807762)"
"(2024000583, 7945)","('2024-05-23T10:31:13.160000Z', '2024-05-23T10:31:13.130000Z')",S,COLI,"(1.0, 0.5113667)"
"(2024000583, 7775)","('2024-05-23T10:31:13.460000Z', '2024-05-23T10:31:13.550000Z')",S,ACOM,"(1.0, 0.6487006)"
"(2024000584, 9809)","('2024-05-23T17:26:40.980000Z', '2024-05-23T17:26:40.970000Z')",P,LJU,"(1.0, 0.86559176)"
"(2024000584, 9709)","('2024-05-23T17:26:41.010000Z', '2024-05-23T17:26:41.020000Z')",P,GBAS,"(1.0, 0.9003457)"
"(2024000584, 9766)","('2024-05-23T17:26:43.100000Z', '2024-05-23T17:26:43.140000Z')",P,JAVS,"(1.0, 0.688567)"
"(2024000584, 9810)","('2024-05-23T17:26:43.210000Z', '2024-05-23T17:26:43.240000Z')",S,LJU,"(1.0, 0.81136554)"
"(2024000584, 9710)","('2024-05-23T17:26:43.400000Z', '2024-05-23T17:26:43.380000Z')",S,GBAS,"(1.0, 0.84210896)"
"(2024000584, 9767)","('2024-05-23T17:26:47.420000Z', '2024-05-23T17:26:47.490000Z')",S,JAVS,"(1.0, 0.71922034)"
"(2024000585, 9988)","('2024-05-23T21:04:37.050000Z', '2024-05-23T21:04:37.000000Z')",P,DOSS,"(1.0, 0.9219953)"
"(2024000585, 10021)","('2024-05-23T21:04:37.890000Z', '2024-05-23T21:04:37.970000Z')",P,PANI,"(1.0, 0.8920477)"
"(2024000585, 7916)","('2024-05-23T21:04:38.040000Z', '2024-05-23T21:04:38.000000Z')",P,CEKR,"(1.0, 0.9237298)"
"(2024000585, 8049)","('2024-05-23T21:04:39.230000Z', '2024-05-23T21:04:39.230000Z')",P,MARN,"(1.0, 0.8363313)"
"(2024000585, 9989)","('2024-05-23T21:04:39.310000Z', '2024-05-23T21:04:39.480000Z')",S,DOSS,"(1.0, 0.774627)"
"(2024000585, 9268)","('2024-05-23T21:04:39.400000Z', '2024-05-23T21:04:39.420000Z')",P,LUSI,"(1.0, 0.7151096)"
"(2024000585, 7255)","('2024-05-23T21:04:39.710000Z', '2024-05-23T21:04:39.620000Z')",P,CTI,"(1.0, 0.62715375)"
"(2024000585, 10025)","('2024-05-23T21:04:39.990000Z', '2024-05-23T21:04:40.010000Z')",P,VARA,"(1.0, 0.89567626)"
"(2024000585, 10000)","('2024-05-23T21:04:40.240000Z', '2024-05-23T21:04:40.260000Z')",P,GAGG,"(1.0, 0.8998067)"
"(2024000585, 10022)","('2024-05-23T21:04:40.830000Z', '2024-05-23T21:04:40.930000Z')",S,PANI,"(1.0, 0.7452583)"
"(2024000585, 7917)","('2024-05-23T21:04:40.970000Z', '2024-05-23T21:04:41.120000Z')",S,CEKR,"(1.0, 0.78357416)"
"(2024000585, 10027)","('2024-05-23T21:04:42.050000Z', '2024-05-23T21:04:42.040000Z')",P,ZIAN,"(1.0, 0.8654266)"
"(2024000585, 8050)","('2024-05-23T21:04:43.060000Z', '2024-05-23T21:04:43.240000Z')",S,MARN,"(1.0, 0.69043744)"
"(2024000585, 9269)","('2024-05-23T21:04:43.500000Z', '2024-05-23T21:04:43.510000Z')",S,LUSI,"(1.0, 0.72350067)"
"(2024000585, 7256)","('2024-05-23T21:04:43.550000Z', '2024-05-23T21:04:43.580000Z')",S,CTI,"(1.0, 0.7084836)"
"(2024000585, 10026)","('2024-05-23T21:04:44.590000Z', '2024-05-23T21:04:44.670000Z')",S,VARA,"(1.0, 0.6930117)"
"(2024000585, 10001)","('2024-05-23T21:04:44.890000Z', '2024-05-23T21:04:44.960000Z')",S,GAGG,"(1.0, 0.6692281)"
"(2024000585, 9256)","('2024-05-23T21:04:49.540000Z', '2024-05-23T21:04:49.560000Z')",P,ABSI,"(1.0, 0.7872172)"
"(2024000585, 9257)","('2024-05-23T21:05:00.370000Z', '2024-05-23T21:05:00.520000Z')",S,ABSI,"(1.0, 0.50845975)"
"(2024000586, 15342)","('2024-05-24T15:10:48.670000Z', '2024-05-24T15:10:48.590000Z')",P,JAVS,"(1.0, 0.46477672)"
"(2024000586, 15251)","('2024-05-24T15:10:48.960000Z', '2024-05-24T15:10:48.940000Z')",P,GBAS,"(1.0, 0.8201355)"
"(2024000586, 15252)","('2024-05-24T15:10:51.250000Z', '2024-05-24T15:10:51.510000Z')",S,GBAS,"(1.0, 0.4132948)"
"(2024000586, 15593)","('2024-05-24T15:10:51.720000Z', '2024-05-24T15:10:51.740000Z')",P,VOJS,"(1.0, 0.14481027)"
"(2024000586, 15383)","('2024-05-24T15:10:53.460000Z', '2024-05-24T15:10:53.720000Z')",P,KNDS,"(1.0, 0.1295618)"
"(2024000586, 15526)","('2024-05-24T15:10:53.520000Z', '2024-05-24T15:10:53.480000Z')",P,SKDS,"(1.0, 0.15929252)"
"(2024000587, 17336)","('2024-05-25T04:44:28.040000Z', '2024-05-25T04:44:28.110000Z')",P,MOZS,"(1.0, 0.8615007)"
"(2024000587, 17284)","('2024-05-25T04:44:30.120000Z', '2024-05-25T04:44:30.130000Z')",P,GORS,"(1.0, 0.68835914)"
"(2024000587, 17285)","('2024-05-25T04:44:34.390000Z', '2024-05-25T04:44:34.590000Z')",S,GORS,"(1.0, 0.37269098)"
"(2024000587, 17299)","('2024-05-25T04:44:35.950000Z', '2024-05-25T04:44:36.010000Z')",P,JAVS,"(1.0, 0.88138574)"
"(2024000587, 15449)","('2024-05-25T04:44:36.240000Z', '2024-05-25T04:44:36.040000Z')",P,ACOM,"(1.0, 0.6498535)"
"(2024000588, 15399)","('2024-05-25T06:57:53.840000Z', '2024-05-25T06:57:53.830000Z')",P,PURA,"(1.0, 0.8614824)"
"(2024000588, 15746)","('2024-05-25T06:57:54.170000Z', '2024-05-25T06:57:54.190000Z')",P,CLUD,"(1.0, 0.8316249)"
"(2024000588, 15297)","('2024-05-25T06:57:54.290000Z', '2024-05-25T06:57:54.320000Z')",P,STAL,"(1.0, 0.87222975)"
"(2024000588, 15400)","('2024-05-25T06:57:55.380000Z', '2024-05-25T06:57:55.450000Z')",S,PURA,"(1.0, 0.82545364)"
"(2024000588, 15760)","('2024-05-25T06:57:55.980000Z', '2024-05-25T06:57:55.930000Z')",P,CSM,"(1.0, 0.6025501)"
"(2024000588, 15850)","('2024-05-25T06:57:56.730000Z', '2024-05-25T06:57:56.640000Z')",P,MLN,"(1.0, 0.19253403)"
"(2024000589, 16860)","('2024-05-25T18:22:25.230000Z', '2024-05-25T18:22:25.230000Z')",P,CADS,"(1.0, 0.8853614)"
"(2024000589, 16861)","('2024-05-25T18:22:26.130000Z', '2024-05-25T18:22:26.150000Z')",S,CADS,"(1.0, 0.8693413)"
"(2024000589, 15773)","('2024-05-25T18:22:26.160000Z', '2024-05-25T18:22:26.270000Z')",P,DRE,"(1.0, 0.8211131)"
"(2024000589, 17505)","('2024-05-25T18:22:27.790000Z', '2024-05-25T18:22:27.830000Z')",P,VOJS,"(1.0, 0.58259827)"
"(2024000589, 17506)","('2024-05-25T18:22:31.390000Z', '2024-05-25T18:22:31.410000Z')",S,VOJS,"(1.0, 0.3053277)"
"(2024000590, 15762)","('2024-05-25T21:03:50.490000Z', '2024-05-25T21:03:50.490000Z')",P,CSM,"(1.0, 0.9036248)"
"(2024000590, 15406)","('2024-05-25T21:03:51.010000Z', '2024-05-25T21:03:51.010000Z')",P,PURA,"(1.0, 0.8837077)"
"(2024000590, 15763)","('2024-05-25T21:03:51.530000Z', '2024-05-25T21:03:51.570000Z')",S,CSM,"(1.0, 0.84001726)"
"(2024000590, 15750)","('2024-05-25T21:03:52.590000Z', '2024-05-25T21:03:52.660000Z')",P,CLUD,"(1.0, 0.7131944)"
"(2024000590, 15302)","('2024-05-25T21:03:53.230000Z', '2024-05-25T21:03:53.270000Z')",P,STAL,"(1.0, 0.645268)"
"(2024000590, 15421)","('2024-05-25T21:03:55.300000Z', '2024-05-25T21:03:55.290000Z')",P,ABTA,"(1.0, 0.7691203)"
"(2024000590, 15303)","('2024-05-25T21:03:56.490000Z', '2024-05-25T21:03:56.490000Z')",S,STAL,"(1.0, 0.4041425)"
"(2024000590, 15422)","('2024-05-25T21:03:59.400000Z', '2024-05-25T21:03:59.480000Z')",S,ABTA,"(1.0, 0.48917127)"
"(2024000591, 16664)","('2024-05-26T05:41:35.440000Z', '2024-05-26T05:41:35.480000Z')",P,BALD,"(1.0, 0.88916767)"
"(2024000591, 16853)","('2024-05-26T05:41:35.670000Z', '2024-05-26T05:41:35.640000Z')",P,GARG,"(1.0, 0.83362263)"
"(2024000591, 16098)","('2024-05-26T05:41:36.300000Z', '2024-05-26T05:41:36.300000Z')",P,MAGA,"(1.0, 0.74952734)"
"(2024000591, 16665)","('2024-05-26T05:41:36.450000Z', '2024-05-26T05:41:36.520000Z')",S,BALD,"(1.0, 0.86860245)"
"(2024000591, 18570)","('2024-05-26T05:41:36.950000Z', '2024-05-26T05:41:37.000000Z')",P,VARA,"(1.0, 0.84516966)"
"(2024000591, 16854)","('2024-05-26T05:41:37.050000Z', '2024-05-26T05:41:37.150000Z')",S,GARG,"(1.0, 0.8300887)"
"(2024000591, 16099)","('2024-05-26T05:41:38.270000Z', '2024-05-26T05:41:38.360000Z')",S,MAGA,"(1.0, 0.72638136)"
"(2024000591, 18568)","('2024-05-26T05:41:39.460000Z', '2024-05-26T05:41:39.440000Z')",P,RONC,"(1.0, 0.82058746)"
"(2024000591, 18571)","('2024-05-26T05:41:39.460000Z', '2024-05-26T05:41:39.510000Z')",S,VARA,"(1.0, 0.6038359)"
"(2024000591, 18569)","('2024-05-26T05:41:43.910000Z', '2024-05-26T05:41:44.070000Z')",S,RONC,"(1.0, 0.5991357)"
"(2024000592, 16801)","('2024-05-26T08:36:52.610000Z', '2024-05-26T08:36:52.630000Z')",P,COLI,"(1.0, 0.8798364)"
"(2024000592, 16615)","('2024-05-26T08:36:54.190000Z', '2024-05-26T08:36:54.220000Z')",P,BAD,"(1.0, 0.85839576)"
"(2024000592, 16511)","('2024-05-26T08:36:54.270000Z', '2024-05-26T08:36:54.260000Z')",P,VINO,"(1.0, 0.8670421)"
"(2024000592, 18452)","('2024-05-26T08:36:54.310000Z', '2024-05-26T08:36:54.280000Z')",P,ROBS,"(1.0, 0.8180209)"
"(2024000592, 16802)","('2024-05-26T08:36:54.320000Z', '2024-05-26T08:36:54.320000Z')",S,COLI,"(1.0, 0.85367835)"
"(2024000592, 16830)","('2024-05-26T08:36:54.900000Z', '2024-05-26T08:36:54.930000Z')",P,DRE,"(1.0, 0.77850986)"
"(2024000592, 16939)","('2024-05-26T08:36:54.900000Z', '2024-05-26T08:36:54.950000Z')",P,SABO,"(1.0, 0.76660687)"
"(2024000592, 16777)","('2024-05-26T08:36:55.220000Z', '2024-05-26T08:36:55.210000Z')",P,BUA,"(1.0, 0.51755977)"
"(2024000592, 17954)","('2024-05-26T08:36:56.140000Z', '2024-05-26T08:36:56.130000Z')",P,CADS,"(1.0, 0.843095)"
"(2024000592, 16762)","('2024-05-26T08:36:56.180000Z', '2024-05-26T08:36:56.180000Z')",P,BOO,"(1.0, 0.68726075)"
"(2024000592, 16900)","('2024-05-26T08:36:56.980000Z', '2024-05-26T08:36:56.960000Z')",P,MPRI,"(1.0, 0.7208751)"
"(2024000592, 16616)","('2024-05-26T08:36:57.280000Z', '2024-05-26T08:36:57.270000Z')",S,BAD,"(1.0, 0.81829894)"
"(2024000592, 16512)","('2024-05-26T08:36:57.410000Z', '2024-05-26T08:36:57.410000Z')",S,VINO,"(1.0, 0.77629787)"
"(2024000592, 16930)","('2024-05-26T08:36:57.490000Z', '2024-05-26T08:36:57.460000Z')",P,PRED,"(1.0, 0.61362875)"
"(2024000592, 18453)","('2024-05-26T08:36:57.550000Z', '2024-05-26T08:36:57.500000Z')",S,ROBS,"(1.0, 0.5606375)"
"(2024000592, 16869)","('2024-05-26T08:36:58.120000Z', '2024-05-26T08:36:57.990000Z')",P,LSR,"(1.0, 0.7458783)"
"(2024000592, 16831)","('2024-05-26T08:36:58.620000Z', '2024-05-26T08:36:58.610000Z')",S,DRE,"(1.0, 0.6679964)"
"(2024000592, 16940)","('2024-05-26T08:36:58.670000Z', '2024-05-26T08:36:58.780000Z')",S,SABO,"(1.0, 0.6192583)"
"(2024000592, 17955)","('2024-05-26T08:37:00.870000Z', '2024-05-26T08:37:00.900000Z')",S,CADS,"(1.0, 0.63599986)"
"(2024000592, 16763)","('2024-05-26T08:37:01.070000Z', '2024-05-26T08:37:01.360000Z')",S,BOO,"(1.0, 0.24992046)"
"(2024000593, 16803)","('2024-05-26T08:45:07.190000Z', '2024-05-26T08:45:07.190000Z')",P,COLI,"(1.0, 0.8842313)"
"(2024000593, 16804)","('2024-05-26T08:45:08.830000Z', '2024-05-26T08:45:08.860000Z')",S,COLI,"(1.0, 0.84507257)"
"(2024000593, 16513)","('2024-05-26T08:45:08.840000Z', '2024-05-26T08:45:08.850000Z')",P,VINO,"(1.0, 0.7615529)"
"(2024000593, 18454)","('2024-05-26T08:45:08.880000Z', '2024-05-26T08:45:08.900000Z')",P,ROBS,"(1.0, 0.86805075)"
"(2024000593, 16832)","('2024-05-26T08:45:09.600000Z', '2024-05-26T08:45:09.640000Z')",P,DRE,"(1.0, 0.8427436)"
"(2024000593, 16514)","('2024-05-26T08:45:11.950000Z', '2024-05-26T08:45:11.960000Z')",S,VINO,"(1.0, 0.7245406)"
"(2024000593, 18455)","('2024-05-26T08:45:12.100000Z', '2024-05-26T08:45:12.060000Z')",S,ROBS,"(1.0, 0.69256335)"
"(2024000593, 16833)","('2024-05-26T08:45:13.130000Z', '2024-05-26T08:45:13.220000Z')",S,DRE,"(1.0, 0.6691904)"
"(2024000594, 16847)","('2024-05-26T13:08:00.860000Z', '2024-05-26T13:08:00.870000Z')",P,FUSE,"(1.0, 0.8823756)"
"(2024000594, 16795)","('2024-05-26T13:08:01.760000Z', '2024-05-26T13:08:01.720000Z')",P,CLUD,"(1.0, 0.8574413)"
"(2024000594, 16959)","('2024-05-26T13:08:02.100000Z', '2024-05-26T13:08:02.100000Z')",P,ZOU,"(1.0, 0.87766236)"
"(2024000594, 16848)","('2024-05-26T13:08:02.150000Z', '2024-05-26T13:08:02.170000Z')",S,FUSE,"(1.0, 0.8535957)"
"(2024000594, 16764)","('2024-05-26T13:08:02.220000Z', '2024-05-26T13:08:02.200000Z')",P,BOO,"(1.0, 0.80766326)"
"(2024000594, 16928)","('2024-05-26T13:08:02.220000Z', '2024-05-26T13:08:02.210000Z')",P,PLRO,"(1.0, 0.8370913)"
"(2024000594, 16796)","('2024-05-26T13:08:03.740000Z', '2024-05-26T13:08:03.780000Z')",S,CLUD,"(1.0, 0.7126223)"
"(2024000594, 16620)","('2024-05-26T13:08:04.230000Z', '2024-05-26T13:08:04.220000Z')",P,BAD,"(1.0, 0.75704217)"
"(2024000594, 16929)","('2024-05-26T13:08:04.440000Z', '2024-05-26T13:08:04.450000Z')",S,PLRO,"(1.0, 0.6577433)"
"(2024000594, 16960)","('2024-05-26T13:08:04.470000Z', '2024-05-26T13:08:04.470000Z')",S,ZOU,"(1.0, 0.5799646)"
"(2024000594, 16765)","('2024-05-26T13:08:04.800000Z', '2024-05-26T13:08:04.860000Z')",S,BOO,"(1.0, 0.28109145)"
"(2024000594, 16621)","('2024-05-26T13:08:08.450000Z', '2024-05-26T13:08:08.270000Z')",S,BAD,"(1.0, 0.43434963)"
"(2024000595, 16498)","('2024-05-26T14:23:32.420000Z', '2024-05-26T14:23:32.410000Z')",P,PURA,"(1.0, 0.5485401)"
"(2024000595, 16797)","('2024-05-26T14:23:32.840000Z', '2024-05-26T14:23:32.860000Z')",P,CLUD,"(1.0, 0.88466996)"
"(2024000595, 16256)","('2024-05-26T14:23:32.960000Z', '2024-05-26T14:23:32.980000Z')",P,STAL,"(1.0, 0.8450173)"
"(2024000595, 16849)","('2024-05-26T14:23:33.460000Z', '2024-05-26T14:23:33.430000Z')",P,FUSE,"(1.0, 0.31752983)"
"(2024000595, 16499)","('2024-05-26T14:23:34.010000Z', '2024-05-26T14:23:34.020000Z')",S,PURA,"(1.0, 0.3592132)"
"(2024000595, 16766)","('2024-05-26T14:23:34.320000Z', '2024-05-26T14:23:34.320000Z')",P,BOO,"(1.0, 0.46431684)"
"(2024000595, 16798)","('2024-05-26T14:23:34.530000Z', '2024-05-26T14:23:34.720000Z')",S,CLUD,"(1.0, 0.6833267)"
"(2024000595, 16257)","('2024-05-26T14:23:34.900000Z', '2024-05-26T14:23:35.020000Z')",S,STAL,"(1.0, 0.77913064)"
"(2024000595, 16850)","('2024-05-26T14:23:35.820000Z', '2024-05-26T14:23:35.930000Z')",S,FUSE,"(1.0, 0.689293)"
"(2024000595, 16622)","('2024-05-26T14:23:36.720000Z', '2024-05-26T14:23:36.760000Z')",P,BAD,"(1.0, 0.7482772)"
"(2024000595, 16767)","('2024-05-26T14:23:37.520000Z', '2024-05-26T14:23:37.560000Z')",S,BOO,"(1.0, 0.7600444)"
"(2024000595, 16822)","('2024-05-26T14:23:37.610000Z', '2024-05-26T14:23:37.550000Z')",S,CSM,"(1.0, 0.52480304)"
"(2024000595, 16895)","('2024-05-26T14:23:39.870000Z', '2024-05-26T14:23:40.270000Z')",S,MLN,"(1.0, 0.23575856)"
"(2024000596, 16941)","('2024-05-26T18:54:39.640000Z', '2024-05-26T18:54:39.600000Z')",P,SABO,"(1.0, 0.8113161)"
"(2024000596, 16807)","('2024-05-26T18:54:40.450000Z', '2024-05-26T18:54:40.500000Z')",P,COLI,"(1.0, 0.85122985)"
"(2024000596, 16836)","('2024-05-26T18:54:40.680000Z', '2024-05-26T18:54:40.650000Z')",P,DRE,"(1.0, 0.88277423)"
"(2024000596, 18467)","('2024-05-26T18:54:41.340000Z', '2024-05-26T18:54:41.340000Z')",P,ROBS,"(1.0, 0.86933196)"
"(2024000596, 18523)","('2024-05-26T18:54:41.670000Z', '2024-05-26T18:54:42.120000Z')",P,VOJS,"(1.0, 0.35394487)"
"(2024000596, 16942)","('2024-05-26T18:54:41.710000Z', '2024-05-26T18:54:41.670000Z')",S,SABO,"(1.0, 0.78884757)"
"(2024000596, 16521)","('2024-05-26T18:54:42.340000Z', '2024-05-26T18:54:42.460000Z')",P,VINO,"(1.0, 0.7268094)"
"(2024000596, 16808)","('2024-05-26T18:54:43.340000Z', '2024-05-26T18:54:43.360000Z')",S,COLI,"(1.0, 0.79696447)"
"(2024000596, 16837)","('2024-05-26T18:54:43.620000Z', '2024-05-26T18:54:43.630000Z')",S,DRE,"(1.0, 0.8182254)"
"(2024000596, 16934)","('2024-05-26T18:54:44.570000Z', '2024-05-26T18:54:44.540000Z')",P,PRED,"(1.0, 0.7204853)"
"(2024000596, 18346)","('2024-05-26T18:54:45.160000Z', '2024-05-26T18:54:45.030000Z')",P,GORS,"(1.0, 0.5228638)"
"(2024000596, 16522)","('2024-05-26T18:54:47.180000Z', '2024-05-26T18:54:47.180000Z')",S,VINO,"(1.0, 0.51437414)"
"(2024000597, 16943)","('2024-05-26T19:28:53.400000Z', '2024-05-26T19:28:53.360000Z')",P,SABO,"(1.0, 0.11934826)"
"(2024000597, 16809)","('2024-05-26T19:28:54.340000Z', '2024-05-26T19:28:54.360000Z')",P,COLI,"(1.0, 0.8699222)"
"(2024000597, 16838)","('2024-05-26T19:28:54.490000Z', '2024-05-26T19:28:54.510000Z')",P,DRE,"(1.0, 0.8731101)"
"(2024000597, 16944)","('2024-05-26T19:28:55.480000Z', '2024-05-26T19:28:55.520000Z')",S,SABO,"(1.0, 0.53115255)"
"(2024000597, 17961)","('2024-05-26T19:28:55.810000Z', '2024-05-26T19:28:55.790000Z')",P,CADS,"(1.0, 0.53679293)"
"(2024000597, 16523)","('2024-05-26T19:28:56.400000Z', '2024-05-26T19:28:56.380000Z')",P,VINO,"(1.0, 0.77845216)"
"(2024000597, 16810)","('2024-05-26T19:28:57.180000Z', '2024-05-26T19:28:57.240000Z')",S,COLI,"(1.0, 0.79951155)"
"(2024000597, 16839)","('2024-05-26T19:28:57.480000Z', '2024-05-26T19:28:57.490000Z')",S,DRE,"(1.0, 0.8193913)"
"(2024000597, 16524)","('2024-05-26T19:29:00.950000Z', '2024-05-26T19:29:01.070000Z')",S,VINO,"(1.0, 0.699409)"
"(2024000598, 16875)","('2024-05-26T22:14:02.160000Z', '2024-05-26T22:14:02.170000Z')",P,LSR,"(1.0, 0.81830317)"
"(2024000598, 16938)","('2024-05-26T22:14:02.530000Z', '2024-05-26T22:14:02.490000Z')",P,PRED,"(1.0, 0.27911916)"
"(2024000598, 16576)","('2024-05-26T22:14:02.750000Z', '2024-05-26T22:14:02.770000Z')",P,ACOM,"(1.0, 0.74328065)"
"(2024000598, 16876)","('2024-05-26T22:14:03.960000Z', '2024-05-26T22:14:03.970000Z')",S,LSR,"(1.0, 0.63380146)"
"(2024000598, 18472)","('2024-05-26T22:14:04.400000Z', '2024-05-26T22:14:04.380000Z')",P,ROBS,"(1.0, 0.6165848)"
"(2024000598, 16577)","('2024-05-26T22:14:05.150000Z', '2024-05-26T22:14:05.140000Z')",S,ACOM,"(1.0, 0.8064341)"
"(2024000598, 18473)","('2024-05-26T22:14:08.220000Z', '2024-05-26T22:14:08.250000Z')",S,ROBS,"(1.0, 0.5838438)"
"(2024000599, 13997)","('2024-05-27T01:58:54.480000Z', '2024-05-27T01:58:54.490000Z')",P,LJU,"(1.0, 0.85063183)"
"(2024000599, 13937)","('2024-05-27T01:58:54.830000Z', '2024-05-27T01:58:54.820000Z')",P,GBAS,"(1.0, 0.8289866)"
"(2024000599, 13998)","('2024-05-27T01:58:56.230000Z', '2024-05-27T01:58:56.290000Z')",S,LJU,"(1.0, 0.79405886)"
"(2024000599, 13938)","('2024-05-27T01:58:56.900000Z', '2024-05-27T01:58:56.940000Z')",S,GBAS,"(1.0, 0.76375276)"
"(2024000599, 13973)","('2024-05-27T01:58:57.660000Z', '2024-05-27T01:58:57.670000Z')",P,JAVS,"(1.0, 0.83166575)"
"(2024000599, 13637)","('2024-05-27T01:58:58.010000Z', '2024-05-27T01:58:57.930000Z')",P,CEY,"(1.0, 0.16914667)"
"(2024000599, 13974)","('2024-05-27T01:59:02.140000Z', '2024-05-27T01:59:02.310000Z')",S,JAVS,"(1.0, 0.53611946)"
"(2024000600, 12502)","('2024-05-27T06:46:12.380000Z', '2024-05-27T06:46:12.420000Z')",P,CIMO,"(1.0, 0.8919928)"
"(2024000600, 12611)","('2024-05-27T06:46:12.560000Z', '2024-05-27T06:46:12.560000Z')",P,MLN,"(1.0, 0.7437843)"
"(2024000600, 12414)","('2024-05-27T06:46:12.730000Z', '2024-05-27T06:46:12.780000Z')",P,APGO,"(1.0, 0.8885537)"
"(2024000600, 12562)","('2024-05-27T06:46:12.780000Z', '2024-05-27T06:46:12.790000Z')",P,CSO,"(1.0, 0.6831183)"
"(2024000600, 12204)","('2024-05-27T06:46:13.400000Z', '2024-05-27T06:46:13.470000Z')",P,STAL,"(1.0, 0.7491352)"
"(2024000600, 12503)","('2024-05-27T06:46:14.160000Z', '2024-05-27T06:46:14.180000Z')",S,CIMO,"(1.0, 0.8664512)"
"(2024000600, 12612)","('2024-05-27T06:46:14.620000Z', '2024-05-27T06:46:14.790000Z')",S,MLN,"(1.0, 0.2758651)"
"(2024000600, 12415)","('2024-05-27T06:46:14.760000Z', '2024-05-27T06:46:14.900000Z')",S,APGO,"(1.0, 0.7789411)"
"(2024000600, 12563)","('2024-05-27T06:46:14.860000Z', '2024-05-27T06:46:15.010000Z')",S,CSO,"(1.0, 0.34891182)"
"(2024000601, 12656)","('2024-05-27T14:16:39.110000Z', '2024-05-27T14:16:39.150000Z')",P,ZOU,"(1.0, 0.87809825)"
"(2024000601, 12624)","('2024-05-27T14:16:39.110000Z', '2024-05-27T14:16:39.200000Z')",P,PLRO,"(1.0, 0.48003206)"
"(2024000601, 11919)","('2024-05-27T14:16:40.370000Z', '2024-05-27T14:16:40.490000Z')",P,FVI,"(1.0, 0.8149266)"
"(2024000601, 12537)","('2024-05-27T14:16:40.910000Z', '2024-05-27T14:16:40.940000Z')",P,CLUD,"(1.0, 0.4606085)"
"(2024000601, 12657)","('2024-05-27T14:16:40.950000Z', '2024-05-27T14:16:41.070000Z')",S,ZOU,"(1.0, 0.81077605)"
"(2024000601, 12625)","('2024-05-27T14:16:41.060000Z', '2024-05-27T14:16:41.160000Z')",S,PLRO,"(1.0, 0.84371936)"
"(2024000601, 12391)","('2024-05-27T14:16:42.960000Z', '2024-05-27T14:16:42.980000Z')",P,ACOM,"(1.0, 0.57753456)"
"(2024000601, 11920)","('2024-05-27T14:16:43.190000Z', '2024-05-27T14:16:43.340000Z')",S,FVI,"(1.0, 0.6047839)"
"(2024000601, 12293)","('2024-05-27T14:16:43.240000Z', '2024-05-27T14:16:43.430000Z')",P,PURA,"(1.0, 0.22029662)"
"(2024000601, 12538)","('2024-05-27T14:16:43.740000Z', '2024-05-27T14:16:43.940000Z')",S,CLUD,"(1.0, 0.17594945)"
"(2024000601, 12311)","('2024-05-27T14:16:44.060000Z', '2024-05-27T14:16:44.430000Z')",P,VINO,"(1.0, 0.5979138)"
"(2024000601, 12339)","('2024-05-27T14:16:46.170000Z', '2024-05-27T14:16:46.360000Z')",P,KBA,"(1.0, 0.80000824)"
"(2024000601, 12294)","('2024-05-27T14:16:46.450000Z', '2024-05-27T14:16:46.650000Z')",S,PURA,"(1.0, 0.7184668)"
"(2024000601, 12312)","('2024-05-27T14:16:50.180000Z', '2024-05-27T14:16:50.290000Z')",S,VINO,"(1.0, 0.31285518)"
"(2024000601, 12340)","('2024-05-27T14:16:52.400000Z', '2024-05-27T14:16:52.800000Z')",S,KBA,"(1.0, 0.6124486)"
"(2024000602, 14170)","('2024-05-27T21:49:56.080000Z', '2024-05-27T21:49:56.080000Z')",P,VARA,"(1.0, 0.5209965)"
"(2024000602, 12467)","('2024-05-27T21:49:56.710000Z', '2024-05-27T21:49:56.690000Z')",P,BALD,"(1.0, 0.6751075)"
"(2024000602, 13601)","('2024-05-27T21:49:57.150000Z', '2024-05-27T21:49:57.230000Z')",P,LUSI,"(1.0, 0.86298203)"
"(2024000602, 12586)","('2024-05-27T21:49:58.040000Z', '2024-05-27T21:49:57.960000Z')",P,GARG,"(1.0, 0.10039029)"
"(2024000602, 11946)","('2024-05-27T21:49:58.530000Z', '2024-05-27T21:49:58.430000Z')",P,MAGA,"(1.0, 0.15730087)"
"(2024000602, 12468)","('2024-05-27T21:49:59.260000Z', '2024-05-27T21:49:59.610000Z')",S,BALD,"(1.0, 0.71839327)"
"(2024000602, 13602)","('2024-05-27T21:50:00.090000Z', '2024-05-27T21:50:00.290000Z')",S,LUSI,"(1.0, 0.79803807)"
"(2024000602, 12587)","('2024-05-27T21:50:01.530000Z', '2024-05-27T21:50:01.790000Z')",S,GARG,"(1.0, 0.105081044)"
"(2024000602, 11947)","('2024-05-27T21:50:02.310000Z', '2024-05-27T21:50:02.460000Z')",S,MAGA,"(1.0, 0.46275863)"
"(2024000603, 10921)","('2024-05-28T01:34:22.410000Z', '2024-05-28T01:34:22.490000Z')",P,DST2,"(1.0, 0.4061821)"
"(2024000603, 12775)","('2024-05-28T01:34:22.550000Z', '2024-05-28T01:34:22.560000Z')",P,SKDS,"(1.0, 0.72107273)"
"(2024000603, 10922)","('2024-05-28T01:34:24.140000Z', '2024-05-28T01:34:24.200000Z')",S,DST2,"(1.0, 0.7311494)"
"(2024000603, 12776)","('2024-05-28T01:34:24.580000Z', '2024-05-28T01:34:24.680000Z')",S,SKDS,"(1.0, 0.632183)"
"(2024000603, 12288)","('2024-05-28T01:34:27.420000Z', '2024-05-28T01:34:27.450000Z')",P,CEY,"(1.0, 0.6174249)"
"(2024000603, 12289)","('2024-05-28T01:34:33.560000Z', '2024-05-28T01:34:33.580000Z')",S,CEY,"(1.0, 0.3372631)"
"(2024000604, 10692)","('2024-05-28T11:05:42.030000Z', '2024-05-28T11:05:42.040000Z')",P,RAVA,"(1.0, 0.88021266)"
"(2024000604, 10693)","('2024-05-28T11:05:45.740000Z', '2024-05-28T11:05:45.790000Z')",S,RAVA,"(1.0, 0.79485947)"
"(2024000604, 10883)","('2024-05-28T11:05:50.830000Z', '2024-05-28T11:05:50.840000Z')",P,TEOL,"(1.0, 0.67683274)"
"(2024000604, 11205)","('2024-05-28T11:05:54.720000Z', '2024-05-28T11:05:54.260000Z')",P,MARN,"(1.0, 0.14376476)"
"(2024000604, 11170)","('2024-05-28T11:05:57.800000Z', '2024-05-28T11:05:58.050000Z')",P,GARG,"(1.0, 0.52608424)"
"(2024000604, 12916)","('2024-05-28T11:05:57.850000Z', '2024-05-28T11:05:57.940000Z')",P,VARA,"(1.0, 0.25640485)"
"(2024000604, 10636)","('2024-05-28T11:05:58.600000Z', '2024-05-28T11:05:58.620000Z')",P,MAGA,"(1.0, 0.12551694)"
"(2024000604, 11120)","('2024-05-28T11:05:58.830000Z', '2024-05-28T11:05:59.010000Z')",P,CEKR,"(1.0, 0.28112397)"
"(2024000604, 12888)","('2024-05-28T11:05:58.840000Z', '2024-05-28T11:05:58.830000Z')",P,DOSS,"(1.0, 0.24489318)"
"(2024000604, 10884)","('2024-05-28T11:05:59.940000Z', '2024-05-28T11:06:00.110000Z')",S,TEOL,"(1.0, 0.6217858)"
"(2024000604, 12254)","('2024-05-28T11:06:00.400000Z', '2024-05-28T11:06:00.430000Z')",P,LUSI,"(1.0, 0.67243415)"
"(2024000604, 12907)","('2024-05-28T11:06:01.380000Z', '2024-05-28T11:06:01.640000Z')",P,PANI,"(1.0, 0.40483996)"
"(2024000604, 11206)","('2024-05-28T11:06:05.280000Z', '2024-05-28T11:06:05.380000Z')",S,MARN,"(1.0, 0.35351995)"
"(2024000604, 12917)","('2024-05-28T11:06:12.020000Z', '2024-05-28T11:06:12.470000Z')",S,VARA,"(1.0, 0.26373467)"
"(2024000604, 11171)","('2024-05-28T11:06:12.080000Z', '2024-05-28T11:06:12.430000Z')",S,GARG,"(1.0, 0.22232927)"
"(2024000604, 12889)","('2024-05-28T11:06:12.200000Z', '2024-05-28T11:06:12.580000Z')",S,DOSS,"(1.0, 0.25452417)"
"(2024000604, 10637)","('2024-05-28T11:06:13.640000Z', '2024-05-28T11:06:13.530000Z')",S,MAGA,"(1.0, 0.11876853)"
"(2024000604, 12908)","('2024-05-28T11:06:17.840000Z', '2024-05-28T11:06:18.200000Z')",S,PANI,"(1.0, 0.37046236)"
"(2024000605, 11229)","('2024-05-28T14:52:24.520000Z', '2024-05-28T14:52:24.520000Z')",P,MTLO,"(1.0, 0.88946205)"
"(2024000605, 793)","('2024-05-28T14:52:25.790000Z', '2024-05-28T14:52:25.750000Z')",P,ED06,"(1.0, 0.56568587)"
"(2024000605, 11230)","('2024-05-28T14:52:25.870000Z', '2024-05-28T14:52:26.020000Z')",S,MTLO,"(1.0, 0.7849525)"
"(2024000605, 11256)","('2024-05-28T14:52:26.780000Z', '2024-05-28T14:52:26.780000Z')",P,VARN,"(1.0, 0.8340097)"
"(2024000605, 11214)","('2024-05-28T14:52:26.850000Z', '2024-05-28T14:52:26.870000Z')",P,MGBU,"(1.0, 0.723256)"
"(2024000605, 794)","('2024-05-28T14:52:28.120000Z', '2024-05-28T14:52:28.570000Z')",S,ED06,"(1.0, 0.30174026)"
"(2024000605, 11111)","('2024-05-28T14:52:29.470000Z', '2024-05-28T14:52:29.260000Z')",P,CAE,"(1.0, 0.59251803)"
"(2024000605, 11257)","('2024-05-28T14:52:30.020000Z', '2024-05-28T14:52:30.130000Z')",S,VARN,"(1.0, 0.7529722)"
"(2024000605, 11215)","('2024-05-28T14:52:30.100000Z', '2024-05-28T14:52:30.450000Z')",S,MGBU,"(1.0, 0.27873164)"
"(2024000605, 10602)","('2024-05-28T14:52:30.170000Z', '2024-05-28T14:52:29.770000Z')",P,CTI,"(1.0, 0.16511197)"
"(2024000605, 11020)","('2024-05-28T14:52:30.320000Z', '2024-05-28T14:52:30.350000Z')",P,APGO,"(1.0, 0.8147129)"
"(2024000605, 10936)","('2024-05-28T14:52:30.370000Z', '2024-05-28T14:52:30.220000Z')",P,POLC,"(1.0, 0.42442837)"
"(2024000605, 12910)","('2024-05-28T14:52:33.360000Z', '2024-05-28T14:52:33.390000Z')",P,PANI,"(1.0, 0.7517805)"
"(2024000605, 12924)","('2024-05-28T14:52:34.000000Z', '2024-05-28T14:52:33.990000Z')",P,ZIAN,"(1.0, 0.8006102)"
"(2024000605, 12892)","('2024-05-28T14:52:34.290000Z', '2024-05-28T14:52:34.270000Z')",P,DOSS,"(1.0, 0.259384)"
"(2024000605, 11112)","('2024-05-28T14:52:34.590000Z', '2024-05-28T14:52:34.980000Z')",S,CAE,"(1.0, 0.60013276)"
"(2024000605, 10937)","('2024-05-28T14:52:36.230000Z', '2024-05-28T14:52:36.600000Z')",S,POLC,"(1.0, 0.22022699)"
"(2024000605, 11021)","('2024-05-28T14:52:36.700000Z', '2024-05-28T14:52:36.940000Z')",S,APGO,"(1.0, 0.6265956)"
"(2024000605, 12920)","('2024-05-28T14:52:38.010000Z', '2024-05-28T14:52:38.000000Z')",P,VARA,"(1.0, 0.91350573)"
"(2024000605, 12911)","('2024-05-28T14:52:40.860000Z', '2024-05-28T14:52:41.020000Z')",S,PANI,"(1.0, 0.5025021)"
"(2024000605, 12905)","('2024-05-28T14:52:41.440000Z', '2024-05-28T14:52:40.990000Z')",P,OZOL,"(1.0, 0.65825987)"
"(2024000605, 12925)","('2024-05-28T14:52:41.690000Z', '2024-05-28T14:52:41.900000Z')",S,ZIAN,"(1.0, 0.63576657)"
"(2024000605, 12878)","('2024-05-28T14:52:44.080000Z', '2024-05-28T14:52:43.680000Z')",P,CARE,"(1.0, 0.11111606)"
"(2024000605, 11237)","('2024-05-28T14:52:46.140000Z', '2024-05-28T14:52:46.470000Z')",P,PRED,"(1.0, 0.645638)"
"(2024000605, 10995)","('2024-05-28T14:52:47.300000Z', '2024-05-28T14:52:47.260000Z')",P,ACOM,"(1.0, 0.22642413)"
"(2024000605, 12864)","('2024-05-28T14:52:47.530000Z', '2024-05-28T14:52:47.500000Z')",P,VOJS,"(1.0, 0.49355403)"
"(2024000605, 12791)","('2024-05-28T14:52:48.670000Z', '2024-05-28T14:52:48.610000Z')",P,SKDS,"(1.0, 0.4815118)"
"(2024000606, 11216)","('2024-05-28T14:58:50.200000Z', '2024-05-28T14:58:50.250000Z')",P,MLN,"(1.0, 0.62148315)"
"(2024000606, 11129)","('2024-05-28T14:58:50.810000Z', '2024-05-28T14:58:50.800000Z')",P,CIMO,"(1.0, 0.8757813)"
"(2024000606, 11022)","('2024-05-28T14:58:50.970000Z', '2024-05-28T14:58:50.970000Z')",P,APGO,"(1.0, 0.86789376)"
"(2024000606, 10882)","('2024-05-28T14:58:51.340000Z', '2024-05-28T14:58:51.240000Z')",P,STAL,"(1.0, 0.18405248)"
"(2024000606, 11217)","('2024-05-28T14:58:51.840000Z', '2024-05-28T14:58:51.920000Z')",S,MLN,"(1.0, 0.54797494)"
"(2024000606, 11113)","('2024-05-28T14:58:52.430000Z', '2024-05-28T14:58:52.460000Z')",P,CAE,"(1.0, 0.46259668)"
"(2024000606, 11130)","('2024-05-28T14:58:52.720000Z', '2024-05-28T14:58:52.780000Z')",S,CIMO,"(1.0, 0.8637514)"
"(2024000606, 11023)","('2024-05-28T14:58:53.030000Z', '2024-05-28T14:58:53.140000Z')",S,APGO,"(1.0, 0.78924567)"
"(2024000606, 10947)","('2024-05-28T14:58:53.420000Z', '2024-05-28T14:58:53.070000Z')",P,PURA,"(1.0, 0.60613644)"
"(2024000606, 11114)","('2024-05-28T14:58:55.550000Z', '2024-05-28T14:58:55.950000Z')",S,CAE,"(1.0, 0.100990914)"
"(2024000606, 10948)","('2024-05-28T14:58:58.360000Z', '2024-05-28T14:58:58.570000Z')",S,PURA,"(1.0, 0.5848715)"
"(2024000607, 12828)","('2024-05-29T02:14:08.450000Z', '2024-05-29T02:14:08.460000Z')",P,ROBS,"(1.0, 0.8840411)"
"(2024000607, 12419)","('2024-05-29T02:14:08.830000Z', '2024-05-29T02:14:08.840000Z')",P,CADS,"(1.0, 0.8581074)"
"(2024000607, 11346)","('2024-05-29T02:14:08.870000Z', '2024-05-29T02:14:08.800000Z')",P,PRED,"(1.0, 0.47540992)"
"(2024000607, 11259)","('2024-05-29T02:14:09.170000Z', '2024-05-29T02:14:09.090000Z')",P,DRE,"(1.0, 0.7289386)"
"(2024000607, 12829)","('2024-05-29T02:14:10.150000Z', '2024-05-29T02:14:10.230000Z')",S,ROBS,"(1.0, 0.87154204)"
"(2024000607, 11347)","('2024-05-29T02:14:10.870000Z', '2024-05-29T02:14:10.950000Z')",S,PRED,"(1.0, 0.47183123)"
"(2024000607, 12420)","('2024-05-29T02:14:10.970000Z', '2024-05-29T02:14:10.980000Z')",S,CADS,"(1.0, 0.850795)"
"(2024000607, 12713)","('2024-05-29T02:14:11.250000Z', '2024-05-29T02:14:11.270000Z')",P,GORS,"(1.0, 0.299662)"
"(2024000607, 11260)","('2024-05-29T02:14:11.570000Z', '2024-05-29T02:14:11.610000Z')",S,DRE,"(1.0, 0.5654569)"
"(2024000607, 12714)","('2024-05-29T02:14:15.580000Z', '2024-05-29T02:14:15.540000Z')",S,GORS,"(1.0, 0.5310848)"
"(2024000608, 10868)","('2024-05-29T08:12:02.050000Z', '2024-05-29T08:12:02.080000Z')",P,STAL,"(1.0, 0.7068672)"
"(2024000608, 11227)","('2024-05-29T08:12:02.790000Z', '2024-05-29T08:12:02.810000Z')",P,CIMO,"(1.0, 0.83507484)"
"(2024000608, 10949)","('2024-05-29T08:12:03.000000Z', '2024-05-29T08:12:03.020000Z')",P,PURA,"(1.0, 0.78893715)"
"(2024000608, 11228)","('2024-05-29T08:12:04.920000Z', '2024-05-29T08:12:05.020000Z')",S,CIMO,"(1.0, 0.7715943)"
"(2024000608, 11314)","('2024-05-29T08:12:06.230000Z', '2024-05-29T08:12:06.380000Z')",S,MLN,"(1.0, 0.26995647)"
"(2024000609, 10961)","('2024-05-29T22:36:45.790000Z', '2024-05-29T22:36:45.830000Z')",P,PURA,"(1.0, 0.8381071)"
"(2024000609, 11247)","('2024-05-29T22:36:46.110000Z', '2024-05-29T22:36:46.150000Z')",P,CLUD,"(1.0, 0.8445659)"
"(2024000609, 10879)","('2024-05-29T22:36:46.130000Z', '2024-05-29T22:36:46.200000Z')",P,STAL,"(1.0, 0.83434623)"
"(2024000609, 11270)","('2024-05-29T22:36:46.740000Z', '2024-05-29T22:36:46.600000Z')",P,FUSE,"(1.0, 0.13899857)"
"(2024000609, 11326)","('2024-05-29T22:36:47.110000Z', '2024-05-29T22:36:46.950000Z')",P,MPRI,"(1.0, 0.426374)"
"(2024000609, 10962)","('2024-05-29T22:36:47.360000Z', '2024-05-29T22:36:47.540000Z')",S,PURA,"(1.0, 0.78426087)"
"(2024000609, 11248)","('2024-05-29T22:36:47.930000Z', '2024-05-29T22:36:48.060000Z')",S,CLUD,"(1.0, 0.73902386)"
"(2024000609, 10880)","('2024-05-29T22:36:48.170000Z', '2024-05-29T22:36:48.250000Z')",S,STAL,"(1.0, 0.7633485)"
"(2024000609, 11327)","('2024-05-29T22:36:49.560000Z', '2024-05-29T22:36:49.760000Z')",S,MPRI,"(1.0, 0.5193408)"
"(2024000610, 12775)","('2024-05-30T00:58:45.710000Z', '2024-05-30T00:58:45.740000Z')",P,BOO,"(1.0, 0.8352929)"
"(2024000610, 13368)","('2024-05-30T00:58:45.750000Z', '2024-05-30T00:58:45.780000Z')",P,GEPF,"(1.0, 0.8120768)"
"(2024000610, 12687)","('2024-05-30T00:58:46.560000Z', '2024-05-30T00:58:46.570000Z')",P,BAD,"(1.0, 0.86847186)"
"(2024000610, 12776)","('2024-05-30T00:58:46.690000Z', '2024-05-30T00:58:46.720000Z')",S,BOO,"(1.0, 0.8637124)"
"(2024000610, 13369)","('2024-05-30T00:58:46.720000Z', '2024-05-30T00:58:46.850000Z')",S,GEPF,"(1.0, 0.7097515)"
"(2024000610, 12688)","('2024-05-30T00:58:48.290000Z', '2024-05-30T00:58:48.410000Z')",S,BAD,"(1.0, 0.8388559)"
"(2024000610, 14643)","('2024-05-30T00:58:48.910000Z', '2024-05-30T00:58:48.910000Z')",P,ROBS,"(1.0, 0.7016248)"
"(2024000610, 14644)","('2024-05-30T00:58:52.880000Z', '2024-05-30T00:58:53.220000Z')",S,ROBS,"(1.0, 0.18705116)"
"(2024000611, 12781)","('2024-05-30T01:05:06.600000Z', '2024-05-30T01:05:06.570000Z')",P,BOO,"(1.0, 0.84208137)"
"(2024000611, 13374)","('2024-05-30T01:05:06.660000Z', '2024-05-30T01:05:06.680000Z')",P,GEPF,"(1.0, 0.8999592)"
"(2024000611, 12695)","('2024-05-30T01:05:07.460000Z', '2024-05-30T01:05:07.500000Z')",P,BAD,"(1.0, 0.8074452)"
"(2024000611, 12587)","('2024-05-30T01:05:07.520000Z', '2024-05-30T01:05:07.470000Z')",P,VINO,"(1.0, 0.82126904)"
"(2024000611, 12782)","('2024-05-30T01:05:07.520000Z', '2024-05-30T01:05:07.610000Z')",S,BOO,"(1.0, 0.87043136)"
"(2024000611, 13375)","('2024-05-30T01:05:07.710000Z', '2024-05-30T01:05:07.790000Z')",S,GEPF,"(1.0, 0.82008725)"
"(2024000611, 12873)","('2024-05-30T01:05:08.340000Z', '2024-05-30T01:05:08.400000Z')",P,FUSE,"(1.0, 0.48054937)"
"(2024000611, 12954)","('2024-05-30T01:05:08.560000Z', '2024-05-30T01:05:08.670000Z')",P,MPRI,"(1.0, 0.8068138)"
"(2024000611, 12588)","('2024-05-30T01:05:09.210000Z', '2024-05-30T01:05:09.260000Z')",S,VINO,"(1.0, 0.8443046)"
"(2024000611, 12696)","('2024-05-30T01:05:09.240000Z', '2024-05-30T01:05:09.310000Z')",S,BAD,"(1.0, 0.849934)"
"(2024000611, 14645)","('2024-05-30T01:05:09.820000Z', '2024-05-30T01:05:09.820000Z')",P,ROBS,"(1.0, 0.8410699)"
"(2024000611, 12874)","('2024-05-30T01:05:10.710000Z', '2024-05-30T01:05:10.980000Z')",S,FUSE,"(1.0, 0.6205811)"
"(2024000611, 12955)","('2024-05-30T01:05:11.300000Z', '2024-05-30T01:05:11.510000Z')",S,MPRI,"(1.0, 0.6289903)"
"(2024000611, 14646)","('2024-05-30T01:05:13.730000Z', '2024-05-30T01:05:14.100000Z')",S,ROBS,"(1.0, 0.52889556)"
"(2024000611, 12841)","('2024-05-30T01:05:14.020000Z', '2024-05-30T01:05:14.390000Z')",S,COLI,"(1.0, 0.22513719)"
"(2024000612, 12785)","('2024-05-30T01:38:28.720000Z', '2024-05-30T01:38:28.710000Z')",P,BOO,"(1.0, 0.89202094)"
"(2024000612, 12591)","('2024-05-30T01:38:29.550000Z', '2024-05-30T01:38:29.550000Z')",P,VINO,"(1.0, 0.82145566)"
"(2024000612, 12703)","('2024-05-30T01:38:29.570000Z', '2024-05-30T01:38:29.570000Z')",P,BAD,"(1.0, 0.866085)"
"(2024000612, 12786)","('2024-05-30T01:38:29.690000Z', '2024-05-30T01:38:29.720000Z')",S,BOO,"(1.0, 0.8868774)"
"(2024000612, 12592)","('2024-05-30T01:38:31.250000Z', '2024-05-30T01:38:31.360000Z')",S,VINO,"(1.0, 0.79127127)"
"(2024000612, 12704)","('2024-05-30T01:38:31.400000Z', '2024-05-30T01:38:31.400000Z')",S,BAD,"(1.0, 0.8136066)"
"(2024000612, 14647)","('2024-05-30T01:38:35.880000Z', '2024-05-30T01:38:36.170000Z')",S,ROBS,"(1.0, 0.34561482)"
"(2024000612, 12983)","('2024-05-30T01:38:37.740000Z', '2024-05-30T01:38:37.930000Z')",S,PRED,"(1.0, 0.2953483)"
"(2024000613, 12559)","('2024-05-30T01:38:40.750000Z', '2024-05-30T01:38:40.820000Z')",P,PURA,"(1.0, 0.8522698)"
"(2024000613, 12451)","('2024-05-30T01:38:41.080000Z', '2024-05-30T01:38:41.050000Z')",P,STAL,"(1.0, 0.82933867)"
"(2024000613, 12837)","('2024-05-30T01:38:41.120000Z', '2024-05-30T01:38:41.100000Z')",P,CLUD,"(1.0, 0.891302)"
"(2024000613, 12875)","('2024-05-30T01:38:41.800000Z', '2024-05-30T01:38:41.660000Z')",P,FUSE,"(1.0, 0.7832771)"
"(2024000613, 12957)","('2024-05-30T01:38:41.910000Z', '2024-05-30T01:38:41.900000Z')",P,MPRI,"(1.0, 0.8678599)"
"(2024000613, 12560)","('2024-05-30T01:38:42.320000Z', '2024-05-30T01:38:42.540000Z')",S,PURA,"(1.0, 0.80429685)"
"(2024000613, 12787)","('2024-05-30T01:38:42.400000Z', '2024-05-30T01:38:42.400000Z')",P,BOO,"(1.0, 0.852972)"
"(2024000613, 12851)","('2024-05-30T01:38:42.680000Z', '2024-05-30T01:38:42.560000Z')",P,CSM,"(1.0, 0.71409994)"
"(2024000613, 12838)","('2024-05-30T01:38:43.000000Z', '2024-05-30T01:38:43.130000Z')",S,CLUD,"(1.0, 0.83393556)"
"(2024000613, 12452)","('2024-05-30T01:38:43.050000Z', '2024-05-30T01:38:43.170000Z')",S,STAL,"(1.0, 0.66805005)"
"(2024000613, 12830)","('2024-05-30T01:38:43.370000Z', '2024-05-30T01:38:43.180000Z')",P,CIMO,"(1.0, 0.6232533)"
"(2024000613, 13383)","('2024-05-30T01:38:43.370000Z', '2024-05-30T01:38:43.410000Z')",P,GEPF,"(1.0, 0.852953)"
"(2024000613, 12204)","('2024-05-30T01:38:43.400000Z', '2024-05-30T01:38:43.340000Z')",P,FVI,"(1.0, 0.6294863)"
"(2024000613, 13041)","('2024-05-30T01:38:43.470000Z', '2024-05-30T01:38:43.410000Z')",P,ZOU,"(1.0, 0.28231815)"
"(2024000613, 12808)","('2024-05-30T01:38:43.580000Z', '2024-05-30T01:38:43.510000Z')",P,BUA,"(1.0, 0.505134)"
"(2024000613, 12939)","('2024-05-30T01:38:43.660000Z', '2024-05-30T01:38:43.350000Z')",P,MLN,"(1.0, 0.6044927)"
"(2024000613, 12876)","('2024-05-30T01:38:44.040000Z', '2024-05-30T01:38:44.210000Z')",S,FUSE,"(1.0, 0.406006)"
"(2024000613, 12705)","('2024-05-30T01:38:44.610000Z', '2024-05-30T01:38:44.650000Z')",P,BAD,"(1.0, 0.8755176)"
"(2024000613, 12958)","('2024-05-30T01:38:44.970000Z', '2024-05-30T01:38:45.100000Z')",S,MPRI,"(1.0, 0.78444654)"
"(2024000613, 12862)","('2024-05-30T01:38:45.020000Z', '2024-05-30T01:38:44.950000Z')",P,CSO,"(1.0, 0.11527658)"
"(2024000613, 12789)","('2024-05-30T01:38:45.420000Z', '2024-05-30T01:38:45.670000Z')",S,BOO,"(1.0, 0.7925031)"
"(2024000613, 12852)","('2024-05-30T01:38:45.490000Z', '2024-05-30T01:38:45.700000Z')",S,CSM,"(1.0, 0.73981655)"
"(2024000613, 12680)","('2024-05-30T01:38:45.510000Z', '2024-05-30T01:38:45.490000Z')",P,APGO,"(1.0, 0.8142606)"
"(2024000613, 12547)","('2024-05-30T01:38:46.680000Z', '2024-05-30T01:38:46.560000Z')",P,POLC,"(1.0, 0.56909454)"
"(2024000613, 12831)","('2024-05-30T01:38:46.890000Z', '2024-05-30T01:38:47.080000Z')",S,CIMO,"(1.0, 0.6183584)"
"(2024000613, 13042)","('2024-05-30T01:38:46.900000Z', '2024-05-30T01:38:47.140000Z')",S,ZOU,"(1.0, 0.37725896)"
"(2024000613, 12810)","('2024-05-30T01:38:47.010000Z', '2024-05-30T01:38:47.060000Z')",P,CAE,"(1.0, 0.65282)"
"(2024000613, 12205)","('2024-05-30T01:38:47.100000Z', '2024-05-30T01:38:47.280000Z')",S,FVI,"(1.0, 0.75251484)"
"(2024000613, 12842)","('2024-05-30T01:38:47.210000Z', '2024-05-30T01:38:47.170000Z')",P,COLI,"(1.0, 0.6727822)"
"(2024000613, 12628)","('2024-05-30T01:38:47.240000Z', '2024-05-30T01:38:47.310000Z')",P,ABTA,"(1.0, 0.63329875)"
"(2024000613, 12940)","('2024-05-30T01:38:47.420000Z', '2024-05-30T01:38:47.650000Z')",S,MLN,"(1.0, 0.27687377)"
"(2024000613, 13385)","('2024-05-30T01:38:47.450000Z', '2024-05-30T01:38:47.540000Z')",S,GEPF,"(1.0, 0.71556455)"
"(2024000613, 13009)","('2024-05-30T01:38:47.700000Z', '2024-05-30T01:38:47.720000Z')",P,TLI,"(1.0, 0.7423201)"
"(2024000613, 12707)","('2024-05-30T01:38:49.960000Z', '2024-05-30T01:38:50.120000Z')",S,BAD,"(1.0, 0.6858733)"
"(2024000613, 12681)","('2024-05-30T01:38:51.140000Z', '2024-05-30T01:38:51.220000Z')",S,APGO,"(1.0, 0.6674421)"
"(2024000613, 12548)","('2024-05-30T01:38:52.980000Z', '2024-05-30T01:38:53.380000Z')",S,POLC,"(1.0, 0.48358512)"
"(2024000613, 12629)","('2024-05-30T01:38:53.350000Z', '2024-05-30T01:38:53.570000Z')",S,ABTA,"(1.0, 0.588018)"
"(2024000613, 12811)","('2024-05-30T01:38:54.280000Z', '2024-05-30T01:38:54.400000Z')",S,CAE,"(1.0, 0.47983357)"
"(2024000613, 12843)","('2024-05-30T01:38:54.740000Z', '2024-05-30T01:38:54.880000Z')",S,COLI,"(1.0, 0.6338088)"
"(2024000613, 13010)","('2024-05-30T01:38:55.290000Z', '2024-05-30T01:38:55.620000Z')",S,TLI,"(1.0, 0.53054106)"
"(2024000614, 14704)","('2024-05-30T02:15:43.440000Z', '2024-05-30T02:15:43.460000Z')",P,VOJS,"(1.0, 0.8782592)"
"(2024000614, 14506)","('2024-05-30T02:15:44.480000Z', '2024-05-30T02:15:44.440000Z')",P,JAVS,"(1.0, 0.7565889)"
"(2024000614, 14490)","('2024-05-30T02:15:44.500000Z', '2024-05-30T02:15:44.480000Z')",P,GORS,"(1.0, 0.742058)"
"(2024000614, 14271)","('2024-05-30T02:15:45.350000Z', '2024-05-30T02:15:45.420000Z')",P,CADS,"(1.0, 0.79265773)"
"(2024000614, 14441)","('2024-05-30T02:15:45.990000Z', '2024-05-30T02:15:45.850000Z')",P,GBAS,"(1.0, 0.75938475)"
"(2024000614, 14705)","('2024-05-30T02:15:46.080000Z', '2024-05-30T02:15:46.100000Z')",S,VOJS,"(1.0, 0.84404427)"
"(2024000614, 12995)","('2024-05-30T02:15:46.730000Z', '2024-05-30T02:15:46.730000Z')",P,SABO,"(1.0, 0.812333)"
"(2024000614, 14570)","('2024-05-30T02:15:46.850000Z', '2024-05-30T02:15:46.810000Z')",P,MOZS,"(1.0, 0.7628937)"
"(2024000614, 14507)","('2024-05-30T02:15:47.850000Z', '2024-05-30T02:15:47.990000Z')",S,JAVS,"(1.0, 0.20975834)"
"(2024000614, 14491)","('2024-05-30T02:15:47.920000Z', '2024-05-30T02:15:48.150000Z')",S,GORS,"(1.0, 0.4274079)"
"(2024000614, 14697)","('2024-05-30T02:15:48.480000Z', '2024-05-30T02:15:48.750000Z')",P,VNDS,"(1.0, 0.62699807)"
"(2024000614, 14316)","('2024-05-30T02:15:48.540000Z', '2024-05-30T02:15:48.700000Z')",P,CEY,"(1.0, 0.14253245)"
"(2024000614, 14272)","('2024-05-30T02:15:49.410000Z', '2024-05-30T02:15:49.590000Z')",S,CADS,"(1.0, 0.6438852)"
"(2024000614, 14442)","('2024-05-30T02:15:50.580000Z', '2024-05-30T02:15:50.670000Z')",S,GBAS,"(1.0, 0.5732245)"
"(2024000614, 12866)","('2024-05-30T02:15:50.860000Z', '2024-05-30T02:15:51.050000Z')",S,DRE,"(1.0, 0.44495285)"
"(2024000614, 12996)","('2024-05-30T02:15:52.000000Z', '2024-05-30T02:15:52.250000Z')",S,SABO,"(1.0, 0.51226187)"
"(2024000614, 14698)","('2024-05-30T02:15:54.720000Z', '2024-05-30T02:15:54.860000Z')",S,VNDS,"(1.0, 0.34018937)"
"(2024000614, 14317)","('2024-05-30T02:15:55.450000Z', '2024-05-30T02:15:55.720000Z')",S,CEY,"(1.0, 0.30888578)"
"(2024000615, 14523)","('2024-05-30T06:29:48.050000Z', '2024-05-30T06:29:48.040000Z')",P,KNDS,"(1.0, 0.89669734)"
"(2024000615, 14524)","('2024-05-30T06:29:50.280000Z', '2024-05-30T06:29:50.300000Z')",S,KNDS,"(1.0, 0.8050727)"
"(2024000615, 14660)","('2024-05-30T06:29:51.140000Z', '2024-05-30T06:29:51.110000Z')",P,SKDS,"(1.0, 0.8625787)"
"(2024000615, 14443)","('2024-05-30T06:29:51.150000Z', '2024-05-30T06:29:51.120000Z')",P,GBAS,"(1.0, 0.8224076)"
"(2024000615, 14508)","('2024-05-30T06:29:51.970000Z', '2024-05-30T06:29:51.940000Z')",P,JAVS,"(1.0, 0.7808017)"
"(2024000615, 12526)","('2024-05-30T06:29:53.430000Z', '2024-05-30T06:29:53.380000Z')",P,DST2,"(1.0, 0.8062236)"
"(2024000615, 14708)","('2024-05-30T06:29:55.360000Z', '2024-05-30T06:29:55.180000Z')",P,VOJS,"(1.0, 0.5213804)"
"(2024000615, 14444)","('2024-05-30T06:29:55.550000Z', '2024-05-30T06:29:55.570000Z')",S,GBAS,"(1.0, 0.6644185)"
"(2024000615, 14661)","('2024-05-30T06:29:56.140000Z', '2024-05-30T06:29:56.190000Z')",S,SKDS,"(1.0, 0.7417799)"
"(2024000615, 14509)","('2024-05-30T06:29:57.400000Z', '2024-05-30T06:29:57.630000Z')",S,JAVS,"(1.0, 0.5561803)"
"(2024000615, 12867)","('2024-05-30T06:29:59.290000Z', '2024-05-30T06:29:59.120000Z')",P,DRE,"(1.0, 0.58923626)"
"(2024000615, 14275)","('2024-05-30T06:29:59.430000Z', '2024-05-30T06:29:59.190000Z')",P,CADS,"(1.0, 0.14759006)"
"(2024000615, 12527)","('2024-05-30T06:30:00.340000Z', '2024-05-30T06:30:00.560000Z')",S,DST2,"(1.0, 0.6763876)"
"(2024000615, 14709)","('2024-05-30T06:30:04.190000Z', '2024-05-30T06:30:04.220000Z')",S,VOJS,"(1.0, 0.502432)"
"(2024000615, 12868)","('2024-05-30T06:30:10.840000Z', '2024-05-30T06:30:11.190000Z')",S,DRE,"(1.0, 0.42797732)"
"(2024000616, 12833)","('2024-05-30T08:37:52.310000Z', '2024-05-30T08:37:52.360000Z')",P,CIMO,"(1.0, 0.8822148)"
"(2024000616, 12463)","('2024-05-30T08:37:53.160000Z', '2024-05-30T08:37:53.210000Z')",P,STAL,"(1.0, 0.7544368)"
"(2024000616, 12567)","('2024-05-30T08:37:53.340000Z', '2024-05-30T08:37:53.360000Z')",P,PURA,"(1.0, 0.73359066)"
"(2024000616, 12863)","('2024-05-30T08:37:53.760000Z', '2024-05-30T08:37:53.750000Z')",P,CSO,"(1.0, 0.87449944)"
"(2024000616, 12854)","('2024-05-30T08:37:53.790000Z', '2024-05-30T08:37:53.880000Z')",P,CSM,"(1.0, 0.7994847)"
"(2024000616, 12834)","('2024-05-30T08:37:53.880000Z', '2024-05-30T08:37:54.090000Z')",S,CIMO,"(1.0, 0.8492671)"
"(2024000616, 12464)","('2024-05-30T08:37:55.560000Z', '2024-05-30T08:37:55.980000Z')",S,STAL,"(1.0, 0.37159488)"
"(2024000616, 12568)","('2024-05-30T08:37:55.920000Z', '2024-05-30T08:37:56.280000Z')",S,PURA,"(1.0, 0.50934803)"
"(2024000616, 12864)","('2024-05-30T08:37:56.500000Z', '2024-05-30T08:37:56.680000Z')",S,CSO,"(1.0, 0.8220514)"
"(2024000616, 12855)","('2024-05-30T08:37:56.680000Z', '2024-05-30T08:37:56.860000Z')",S,CSM,"(1.0, 0.6945422)"
"(2024000617, 14531)","('2024-05-30T13:10:27.450000Z', '2024-05-30T13:10:27.440000Z')",P,KNDS,"(1.0, 0.88471633)"
"(2024000617, 14368)","('2024-05-30T13:10:27.520000Z', '2024-05-30T13:10:27.510000Z')",P,CEY,"(1.0, 0.89235747)"
"(2024000617, 14532)","('2024-05-30T13:10:29.530000Z', '2024-05-30T13:10:29.690000Z')",S,KNDS,"(1.0, 0.7671054)"
"(2024000617, 14369)","('2024-05-30T13:10:29.630000Z', '2024-05-30T13:10:29.760000Z')",S,CEY,"(1.0, 0.792403)"
"(2024000617, 14666)","('2024-05-30T13:10:30.530000Z', '2024-05-30T13:10:30.460000Z')",P,SKDS,"(1.0, 0.84301925)"
"(2024000617, 14446)","('2024-05-30T13:10:30.550000Z', '2024-05-30T13:10:30.530000Z')",P,GBAS,"(1.0, 0.8093607)"
"(2024000617, 12523)","('2024-05-30T13:10:32.280000Z', '2024-05-30T13:10:32.260000Z')",P,TRI,"(1.0, 0.33140847)"
"(2024000617, 12529)","('2024-05-30T13:10:32.820000Z', '2024-05-30T13:10:32.800000Z')",P,DST2,"(1.0, 0.7605351)"
"(2024000617, 14715)","('2024-05-30T13:10:34.840000Z', '2024-05-30T13:10:35.000000Z')",P,VOJS,"(1.0, 0.8557265)"
"(2024000617, 14667)","('2024-05-30T13:10:35.280000Z', '2024-05-30T13:10:35.600000Z')",S,SKDS,"(1.0, 0.7080797)"
"(2024000617, 14497)","('2024-05-30T13:10:39.300000Z', '2024-05-30T13:10:38.980000Z')",P,GORS,"(1.0, 0.7673239)"
"(2024000617, 12530)","('2024-05-30T13:10:39.940000Z', '2024-05-30T13:10:39.980000Z')",S,DST2,"(1.0, 0.685768)"
"(2024000617, 14716)","('2024-05-30T13:10:43.530000Z', '2024-05-30T13:10:43.550000Z')",S,VOJS,"(1.0, 0.4776001)"
"(2024000618, 12794)","('2024-05-30T17:26:27.680000Z', '2024-05-30T17:26:27.640000Z')",P,BOO,"(1.0, 0.8470842)"
"(2024000618, 12619)","('2024-05-30T17:26:28.480000Z', '2024-05-30T17:26:28.470000Z')",P,VINO,"(1.0, 0.82735896)"
"(2024000618, 12720)","('2024-05-30T17:26:28.490000Z', '2024-05-30T17:26:28.520000Z')",P,BAD,"(1.0, 0.89216477)"
"(2024000618, 12795)","('2024-05-30T17:26:28.650000Z', '2024-05-30T17:26:28.670000Z')",S,BOO,"(1.0, 0.87159985)"
"(2024000618, 12620)","('2024-05-30T17:26:30.260000Z', '2024-05-30T17:26:30.280000Z')",S,VINO,"(1.0, 0.82635945)"
"(2024000618, 12721)","('2024-05-30T17:26:30.340000Z', '2024-05-30T17:26:30.310000Z')",S,BAD,"(1.0, 0.8450369)"
"(2024000619, 13821)","('2024-05-31T00:06:07.680000Z', '2024-05-31T00:06:07.680000Z')",P,ROBS,"(1.0, 0.89648163)"
"(2024000619, 12424)","('2024-05-31T00:06:08.150000Z', '2024-05-31T00:06:08.020000Z')",P,PRED,"(1.0, 0.74805033)"
"(2024000619, 13503)","('2024-05-31T00:06:08.160000Z', '2024-05-31T00:06:08.130000Z')",P,CADS,"(1.0, 0.79484516)"
"(2024000619, 12303)","('2024-05-31T00:06:08.430000Z', '2024-05-31T00:06:08.410000Z')",P,DRE,"(1.0, 0.7647889)"
"(2024000619, 13822)","('2024-05-31T00:06:09.460000Z', '2024-05-31T00:06:09.480000Z')",S,ROBS,"(1.0, 0.83569235)"
"(2024000619, 13504)","('2024-05-31T00:06:10.250000Z', '2024-05-31T00:06:10.220000Z')",S,CADS,"(1.0, 0.8308617)"
"(2024000619, 12304)","('2024-05-31T00:06:10.900000Z', '2024-05-31T00:06:10.960000Z')",S,DRE,"(1.0, 0.64945865)"
"(2024000620, 13732)","('2024-05-31T03:01:17.360000Z', '2024-05-31T03:01:17.350000Z')",P,KNDS,"(1.0, 0.87365687)"
"(2024000620, 13526)","('2024-05-31T03:01:17.400000Z', '2024-05-31T03:01:17.420000Z')",P,CEY,"(1.0, 0.88259304)"
"(2024000620, 13733)","('2024-05-31T03:01:19.580000Z', '2024-05-31T03:01:19.590000Z')",S,KNDS,"(1.0, 0.7883156)"
"(2024000620, 13527)","('2024-05-31T03:01:19.650000Z', '2024-05-31T03:01:19.660000Z')",S,CEY,"(1.0, 0.80952305)"
"(2024000620, 13845)","('2024-05-31T03:01:20.350000Z', '2024-05-31T03:01:20.390000Z')",P,SKDS,"(1.0, 0.85950017)"
"(2024000620, 13674)","('2024-05-31T03:01:20.410000Z', '2024-05-31T03:01:20.420000Z')",P,GBAS,"(1.0, 0.83184236)"
"(2024000620, 12044)","('2024-05-31T03:01:22.650000Z', '2024-05-31T03:01:22.680000Z')",P,DST2,"(1.0, 0.82667416)"
"(2024000620, 13766)","('2024-05-31T03:01:23.190000Z', '2024-05-31T03:01:23.050000Z')",P,LJU,"(1.0, 0.17873284)"
"(2024000620, 13880)","('2024-05-31T03:01:24.280000Z', '2024-05-31T03:01:24.250000Z')",P,VNDS,"(1.0, 0.607116)"
"(2024000620, 13894)","('2024-05-31T03:01:24.800000Z', '2024-05-31T03:01:24.570000Z')",P,VOJS,"(1.0, 0.5921848)"
"(2024000620, 13675)","('2024-05-31T03:01:24.950000Z', '2024-05-31T03:01:24.930000Z')",S,GBAS,"(1.0, 0.45941374)"
"(2024000620, 13846)","('2024-05-31T03:01:25.410000Z', '2024-05-31T03:01:25.500000Z')",S,SKDS,"(1.0, 0.71802574)"
"(2024000620, 12438)","('2024-05-31T03:01:26.680000Z', '2024-05-31T03:01:26.730000Z')",P,SABO,"(1.0, 0.56179726)"
"(2024000620, 13774)","('2024-05-31T03:01:27.780000Z', '2024-05-31T03:01:27.740000Z')",P,MOZS,"(1.0, 0.38431388)"
"(2024000620, 13509)","('2024-05-31T03:01:28.600000Z', '2024-05-31T03:01:28.220000Z')",P,CADS,"(1.0, 0.43025017)"
"(2024000620, 13767)","('2024-05-31T03:01:28.760000Z', '2024-05-31T03:01:28.800000Z')",S,LJU,"(1.0, 0.5054562)"
"(2024000620, 13689)","('2024-05-31T03:01:28.920000Z', '2024-05-31T03:01:29.010000Z')",P,GORS,"(1.0, 0.20046464)"
"(2024000620, 12045)","('2024-05-31T03:01:29.740000Z', '2024-05-31T03:01:29.870000Z')",S,DST2,"(1.0, 0.7522397)"
"(2024000620, 12286)","('2024-05-31T03:01:30.810000Z', '2024-05-31T03:01:30.880000Z')",P,COLI,"(1.0, 0.18917935)"
"(2024000620, 12073)","('2024-05-31T03:01:33.310000Z', '2024-05-31T03:01:33.440000Z')",P,VINO,"(1.0, 0.5114025)"
"(2024000620, 13895)","('2024-05-31T03:01:33.360000Z', '2024-05-31T03:01:33.510000Z')",S,VOJS,"(1.0, 0.40632322)"
"(2024000620, 13775)","('2024-05-31T03:01:37.180000Z', '2024-05-31T03:01:37.300000Z')",S,MOZS,"(1.0, 0.30559584)"
"(2024000620, 12439)","('2024-05-31T03:01:37.400000Z', '2024-05-31T03:01:37.320000Z')",S,SABO,"(1.0, 0.2058928)"
"(2024000620, 13690)","('2024-05-31T03:01:39.780000Z', '2024-05-31T03:01:39.680000Z')",S,GORS,"(1.0, 0.2490851)"
"(2024000620, 12306)","('2024-05-31T03:01:40.380000Z', '2024-05-31T03:01:40.430000Z')",S,DRE,"(1.0, 0.36309952)"
"(2024000620, 13510)","('2024-05-31T03:01:40.440000Z', '2024-05-31T03:01:40.610000Z')",S,CADS,"(1.0, 0.29094765)"
"(2024000620, 12287)","('2024-05-31T03:01:44.490000Z', '2024-05-31T03:01:44.620000Z')",S,COLI,"(1.0, 0.35631764)"
"(2024000620, 12074)","('2024-05-31T03:01:48.190000Z', '2024-05-31T03:01:48.250000Z')",S,VINO,"(1.0, 0.63648945)"
"(2024000620, 12147)","('2024-05-31T03:01:48.920000Z', '2024-05-31T03:01:48.780000Z')",S,BAD,"(1.0, 0.19204684)"
"(2024000621, 13513)","('2024-05-31T07:17:52.980000Z', '2024-05-31T07:17:52.980000Z')",P,CADS,"(1.0, 0.8638704)"
"(2024000621, 12307)","('2024-05-31T07:17:53.940000Z', '2024-05-31T07:17:53.840000Z')",P,DRE,"(1.0, 0.52568054)"
"(2024000621, 13693)","('2024-05-31T07:17:54.160000Z', '2024-05-31T07:17:54.120000Z')",P,GORS,"(1.0, 0.7017273)"
"(2024000621, 13514)","('2024-05-31T07:17:54.800000Z', '2024-05-31T07:17:54.790000Z')",S,CADS,"(1.0, 0.7347736)"
"(2024000621, 13826)","('2024-05-31T07:17:55.700000Z', '2024-05-31T07:17:55.600000Z')",P,ROBS,"(1.0, 0.54887116)"
"(2024000621, 13694)","('2024-05-31T07:17:56.810000Z', '2024-05-31T07:17:56.900000Z')",S,GORS,"(1.0, 0.8032284)"
"(2024000621, 12078)","('2024-05-31T07:17:58.600000Z', '2024-05-31T07:17:58.420000Z')",P,VINO,"(1.0, 0.1792139)"
"(2024000621, 12151)","('2024-05-31T07:17:59.120000Z', '2024-05-31T07:17:58.830000Z')",P,BAD,"(1.0, 0.1659866)"
"(2024000621, 13827)","('2024-05-31T07:18:00.020000Z', '2024-05-31T07:18:00.070000Z')",S,ROBS,"(1.0, 0.6931654)"
"(2024000621, 12079)","('2024-05-31T07:18:05.140000Z', '2024-05-31T07:18:05.310000Z')",S,VINO,"(1.0, 0.15501003)"
"(2024000622, 18178)","('2024-06-01T01:53:36.760000Z', '2024-06-01T01:53:36.770000Z')",P,CARE,"(1.0, 0.8878151)"
"(2024000622, 18179)","('2024-06-01T01:53:37.900000Z', '2024-06-01T01:53:37.890000Z')",S,CARE,"(1.0, 0.88219196)"
"(2024000622, 15717)","('2024-06-01T01:53:38.670000Z', '2024-06-01T01:53:38.670000Z')",P,BRMO,"(1.0, 0.8434259)"
"(2024000622, 18205)","('2024-06-01T01:53:41.020000Z', '2024-06-01T01:53:40.990000Z')",P,OZOL,"(1.0, 0.8211329)"
"(2024000622, 15718)","('2024-06-01T01:53:41.100000Z', '2024-06-01T01:53:41.050000Z')",S,BRMO,"(1.0, 0.80634516)"
"(2024000622, 15838)","('2024-06-01T01:53:41.680000Z', '2024-06-01T01:53:41.680000Z')",P,MABI,"(1.0, 0.8338018)"
"(2024000622, 18212)","('2024-06-01T01:53:43.030000Z', '2024-06-01T01:53:43.040000Z')",P,RONC,"(1.0, 0.7157005)"
"(2024000622, 15675)","('2024-06-01T01:53:43.180000Z', '2024-06-01T01:53:43.230000Z')",P,APPI,"(1.0, 0.77384406)"
"(2024000622, 18206)","('2024-06-01T01:53:45.360000Z', '2024-06-01T01:53:45.300000Z')",S,OZOL,"(1.0, 0.72924125)"
"(2024000622, 15839)","('2024-06-01T01:53:46.200000Z', '2024-06-01T01:53:46.150000Z')",S,MABI,"(1.0, 0.7976597)"
"(2024000622, 18213)","('2024-06-01T01:53:48.550000Z', '2024-06-01T01:53:48.590000Z')",S,RONC,"(1.0, 0.5037715)"
"(2024000622, 15676)","('2024-06-01T01:53:49.230000Z', '2024-06-01T01:53:49.190000Z')",S,APPI,"(1.0, 0.6633108)"
"(2024000623, 18863)","('2024-06-02T03:59:24.320000Z', '2024-06-02T03:59:24.340000Z')",P,CADS,"(1.0, 0.90847486)"
"(2024000623, 17722)","('2024-06-02T03:59:24.440000Z', '2024-06-02T03:59:24.450000Z')",P,DRE,"(1.0, 0.9077007)"
"(2024000623, 19590)","('2024-06-02T03:59:25.500000Z', '2024-06-02T03:59:25.510000Z')",P,VOJS,"(1.0, 0.86432505)"
"(2024000623, 18864)","('2024-06-02T03:59:25.920000Z', '2024-06-02T03:59:25.970000Z')",S,CADS,"(1.0, 0.8652249)"
"(2024000623, 19501)","('2024-06-02T03:59:26.030000Z', '2024-06-02T03:59:26.060000Z')",P,ROBS,"(1.0, 0.81571764)"
"(2024000623, 17723)","('2024-06-02T03:59:26.070000Z', '2024-06-02T03:59:26.240000Z')",S,DRE,"(1.0, 0.7573852)"
"(2024000623, 17856)","('2024-06-02T03:59:26.190000Z', '2024-06-02T03:59:26.120000Z')",P,SABO,"(1.0, 0.63130385)"
"(2024000623, 19330)","('2024-06-02T03:59:26.860000Z', '2024-06-02T03:59:26.800000Z')",P,GORS,"(1.0, 0.7704379)"
"(2024000623, 17844)","('2024-06-02T03:59:28.040000Z', '2024-06-02T03:59:28.060000Z')",P,PRED,"(1.0, 0.8268425)"
"(2024000623, 19591)","('2024-06-02T03:59:28.060000Z', '2024-06-02T03:59:28.230000Z')",S,VOJS,"(1.0, 0.75065273)"
"(2024000623, 17320)","('2024-06-02T03:59:28.580000Z', '2024-06-02T03:59:28.610000Z')",P,VINO,"(1.0, 0.74267167)"
"(2024000623, 19350)","('2024-06-02T03:59:28.760000Z', '2024-06-02T03:59:28.580000Z')",P,JAVS,"(1.0, 0.5154409)"
"(2024000623, 17779)","('2024-06-02T03:59:28.850000Z', '2024-06-02T03:59:28.960000Z')",P,LSR,"(1.0, 0.79399633)"
"(2024000623, 19502)","('2024-06-02T03:59:28.980000Z', '2024-06-02T03:59:29.270000Z')",S,ROBS,"(1.0, 0.70305014)"
"(2024000623, 17422)","('2024-06-02T03:59:29.020000Z', '2024-06-02T03:59:29.090000Z')",P,BAD,"(1.0, 0.8193649)"
"(2024000623, 17857)","('2024-06-02T03:59:29.540000Z', '2024-06-02T03:59:29.810000Z')",S,SABO,"(1.0, 0.616839)"
"(2024000623, 17373)","('2024-06-02T03:59:30.160000Z', '2024-06-02T03:59:30.240000Z')",P,ACOM,"(1.0, 0.7171533)"
"(2024000623, 19331)","('2024-06-02T03:59:30.180000Z', '2024-06-02T03:59:30.570000Z')",S,GORS,"(1.0, 0.6457239)"
"(2024000623, 18060)","('2024-06-02T03:59:30.380000Z', '2024-06-02T03:59:30.470000Z')",P,GEPF,"(1.0, 0.7613468)"
"(2024000623, 17611)","('2024-06-02T03:59:30.980000Z', '2024-06-02T03:59:30.840000Z')",P,BOO,"(1.0, 0.3461987)"
"(2024000623, 17351)","('2024-06-02T03:59:31.410000Z', '2024-06-02T03:59:31.410000Z')",P,MYKA,"(1.0, 0.28634286)"
"(2024000623, 19288)","('2024-06-02T03:59:31.920000Z', '2024-06-02T03:59:31.830000Z')",P,GBAS,"(1.0, 0.51576614)"
"(2024000623, 19403)","('2024-06-02T03:59:31.980000Z', '2024-06-02T03:59:32.000000Z')",P,MOZS,"(1.0, 0.7141629)"
"(2024000623, 17815)","('2024-06-02T03:59:32.580000Z', '2024-06-02T03:59:32.670000Z')",P,MPRI,"(1.0, 0.80451244)"
"(2024000623, 17845)","('2024-06-02T03:59:32.890000Z', '2024-06-02T03:59:33.080000Z')",S,PRED,"(1.0, 0.5298342)"
"(2024000623, 19390)","('2024-06-02T03:59:32.920000Z', '2024-06-02T03:59:32.930000Z')",P,LJU,"(1.0, 0.23527068)"
"(2024000623, 19521)","('2024-06-02T03:59:33.290000Z', '2024-06-02T03:59:33.480000Z')",P,SKDS,"(1.0, 0.40293488)"
"(2024000623, 18907)","('2024-06-02T03:59:34.020000Z', '2024-06-02T03:59:34.080000Z')",P,CEY,"(1.0, 0.63824815)"
"(2024000623, 17321)","('2024-06-02T03:59:34.220000Z', '2024-06-02T03:59:34.340000Z')",S,VINO,"(1.0, 0.66044325)"
"(2024000623, 17780)","('2024-06-02T03:59:34.680000Z', '2024-06-02T03:59:35.070000Z')",S,LSR,"(1.0, 0.6848276)"
"(2024000623, 17423)","('2024-06-02T03:59:34.740000Z', '2024-06-02T03:59:35.050000Z')",S,BAD,"(1.0, 0.6214477)"
"(2024000623, 17374)","('2024-06-02T03:59:36.720000Z', '2024-06-02T03:59:37.020000Z')",S,ACOM,"(1.0, 0.62762475)"
"(2024000623, 18061)","('2024-06-02T03:59:37.290000Z', '2024-06-02T03:59:37.720000Z')",S,GEPF,"(1.0, 0.48110896)"
"(2024000623, 17612)","('2024-06-02T03:59:38.030000Z', '2024-06-02T03:59:38.480000Z')",S,BOO,"(1.0, 0.3224898)"
"(2024000623, 17352)","('2024-06-02T03:59:38.190000Z', '2024-06-02T03:59:38.560000Z')",S,MYKA,"(1.0, 0.1907086)"
"(2024000623, 19404)","('2024-06-02T03:59:38.900000Z', '2024-06-02T03:59:39.310000Z')",S,MOZS,"(1.0, 0.69763374)"
"(2024000623, 19289)","('2024-06-02T03:59:39.680000Z', '2024-06-02T03:59:39.800000Z')",S,GBAS,"(1.0, 0.24980488)"
"(2024000623, 19522)","('2024-06-02T03:59:42.940000Z', '2024-06-02T03:59:43.260000Z')",S,SKDS,"(1.0, 0.4619347)"
"(2024000623, 18908)","('2024-06-02T03:59:43.170000Z', '2024-06-02T03:59:43.460000Z')",S,CEY,"(1.0, 0.43785322)"
"(2024000624, 17613)","('2024-06-02T07:31:20.030000Z', '2024-06-02T07:31:20.060000Z')",P,BOO,"(1.0, 0.8968294)"
"(2024000624, 18062)","('2024-06-02T07:31:20.510000Z', '2024-06-02T07:31:20.630000Z')",P,GEPF,"(1.0, 0.7047274)"
"(2024000624, 17614)","('2024-06-02T07:31:20.580000Z', '2024-06-02T07:31:20.710000Z')",S,BOO,"(1.0, 0.89486057)"
"(2024000624, 17819)","('2024-06-02T07:31:20.890000Z', '2024-06-02T07:31:20.900000Z')",P,MPRI,"(1.0, 0.8827368)"
"(2024000624, 17650)","('2024-06-02T07:31:21.220000Z', '2024-06-02T07:31:21.260000Z')",P,BUA,"(1.0, 0.81482273)"
"(2024000624, 17739)","('2024-06-02T07:31:21.440000Z', '2024-06-02T07:31:21.460000Z')",P,FUSE,"(1.0, 0.885994)"
"(2024000624, 18063)","('2024-06-02T07:31:21.790000Z', '2024-06-02T07:31:22.060000Z')",S,GEPF,"(1.0, 0.35724375)"
"(2024000624, 17425)","('2024-06-02T07:31:22.100000Z', '2024-06-02T07:31:22.160000Z')",P,BAD,"(1.0, 0.65690047)"
"(2024000624, 17820)","('2024-06-02T07:31:22.250000Z', '2024-06-02T07:31:22.350000Z')",S,MPRI,"(1.0, 0.8442833)"
"(2024000624, 17322)","('2024-06-02T07:31:22.330000Z', '2024-06-02T07:31:22.320000Z')",P,VINO,"(1.0, 0.7477683)"
"(2024000624, 17688)","('2024-06-02T07:31:22.860000Z', '2024-06-02T07:31:22.860000Z')",P,CLUD,"(1.0, 0.7865726)"
"(2024000624, 17651)","('2024-06-02T07:31:22.990000Z', '2024-06-02T07:31:23.170000Z')",S,BUA,"(1.0, 0.68267643)"
"(2024000624, 17740)","('2024-06-02T07:31:23.060000Z', '2024-06-02T07:31:23.520000Z')",S,FUSE,"(1.0, 0.7025627)"
"(2024000624, 17240)","('2024-06-02T07:31:23.640000Z', '2024-06-02T07:31:23.620000Z')",P,STAL,"(1.0, 0.20754422)"
"(2024000624, 17840)","('2024-06-02T07:31:24.060000Z', '2024-06-02T07:31:24.110000Z')",P,PLRO,"(1.0, 0.4817545)"
"(2024000624, 17426)","('2024-06-02T07:31:24.600000Z', '2024-06-02T07:31:24.730000Z')",S,BAD,"(1.0, 0.60147464)"
"(2024000624, 17323)","('2024-06-02T07:31:25.030000Z', '2024-06-02T07:31:25.160000Z')",S,VINO,"(1.0, 0.75780267)"
"(2024000624, 17689)","('2024-06-02T07:31:25.780000Z', '2024-06-02T07:31:26.080000Z')",S,CLUD,"(1.0, 0.7072434)"
"(2024000624, 17841)","('2024-06-02T07:31:28.460000Z', '2024-06-02T07:31:28.740000Z')",S,PLRO,"(1.0, 0.49449295)"
"(2024000625, 17848)","('2024-06-02T12:24:19.610000Z', '2024-06-02T12:24:19.610000Z')",P,PRED,"(1.0, 0.8726897)"
"(2024000625, 18869)","('2024-06-02T12:24:19.900000Z', '2024-06-02T12:24:19.910000Z')",P,CADS,"(1.0, 0.8631277)"
"(2024000625, 19507)","('2024-06-02T12:24:20.220000Z', '2024-06-02T12:24:20.240000Z')",P,ROBS,"(1.0, 0.80013436)"
"(2024000625, 17849)","('2024-06-02T12:24:21.540000Z', '2024-06-02T12:24:21.560000Z')",S,PRED,"(1.0, 0.82721543)"
"(2024000625, 19337)","('2024-06-02T12:24:21.650000Z', '2024-06-02T12:24:21.660000Z')",P,GORS,"(1.0, 0.84009707)"
"(2024000625, 18870)","('2024-06-02T12:24:22.150000Z', '2024-06-02T12:24:22.160000Z')",S,CADS,"(1.0, 0.77560145)"
"(2024000625, 19508)","('2024-06-02T12:24:22.720000Z', '2024-06-02T12:24:22.730000Z')",S,ROBS,"(1.0, 0.8365584)"
"(2024000625, 19338)","('2024-06-02T12:24:25.410000Z', '2024-06-02T12:24:25.440000Z')",S,GORS,"(1.0, 0.6889476)"
"(2024000626, 17850)","('2024-06-02T14:59:44.300000Z', '2024-06-02T14:59:44.320000Z')",P,PRED,"(1.0, 0.8854086)"
"(2024000626, 18881)","('2024-06-02T14:59:44.610000Z', '2024-06-02T14:59:44.610000Z')",P,CADS,"(1.0, 0.89869183)"
"(2024000626, 19512)","('2024-06-02T14:59:44.970000Z', '2024-06-02T14:59:44.970000Z')",P,ROBS,"(1.0, 0.87320507)"
"(2024000626, 17781)","('2024-06-02T14:59:45.170000Z', '2024-06-02T14:59:45.220000Z')",P,LSR,"(1.0, 0.8536675)"
"(2024000626, 17731)","('2024-06-02T14:59:45.370000Z', '2024-06-02T14:59:45.390000Z')",P,DRE,"(1.0, 0.8459858)"
"(2024000626, 17851)","('2024-06-02T14:59:46.280000Z', '2024-06-02T14:59:46.310000Z')",S,PRED,"(1.0, 0.8377347)"
"(2024000626, 19341)","('2024-06-02T14:59:46.380000Z', '2024-06-02T14:59:46.380000Z')",P,GORS,"(1.0, 0.8092742)"
"(2024000626, 17379)","('2024-06-02T14:59:46.470000Z', '2024-06-02T14:59:46.490000Z')",P,ACOM,"(1.0, 0.6074037)"
"(2024000626, 18882)","('2024-06-02T14:59:46.880000Z', '2024-06-02T14:59:46.890000Z')",S,CADS,"(1.0, 0.84041977)"
"(2024000626, 19513)","('2024-06-02T14:59:47.420000Z', '2024-06-02T14:59:47.430000Z')",S,ROBS,"(1.0, 0.836613)"
"(2024000626, 17431)","('2024-06-02T14:59:47.840000Z', '2024-06-02T14:59:47.800000Z')",P,BAD,"(1.0, 0.76142764)"
"(2024000626, 17732)","('2024-06-02T14:59:48.270000Z', '2024-06-02T14:59:48.370000Z')",S,DRE,"(1.0, 0.7390428)"
"(2024000626, 19602)","('2024-06-02T14:59:48.620000Z', '2024-06-02T14:59:48.640000Z')",P,VOJS,"(1.0, 0.84690136)"
"(2024000627, 17823)","('2024-06-02T15:01:51.700000Z', '2024-06-02T15:01:51.700000Z')",P,MPRI,"(1.0, 0.9007988)"
"(2024000627, 17245)","('2024-06-02T15:01:51.950000Z', '2024-06-02T15:01:51.960000Z')",P,STAL,"(1.0, 0.88126063)"
"(2024000627, 17824)","('2024-06-02T15:01:53.470000Z', '2024-06-02T15:01:53.480000Z')",S,MPRI,"(1.0, 0.85837036)"
"(2024000627, 17690)","('2024-06-02T15:01:53.610000Z', '2024-06-02T15:01:53.570000Z')",P,CLUD,"(1.0, 0.74120057)"
"(2024000627, 17246)","('2024-06-02T15:01:53.900000Z', '2024-06-02T15:01:53.880000Z')",S,STAL,"(1.0, 0.7403637)"
"(2024000627, 17805)","('2024-06-02T15:01:53.980000Z', '2024-06-02T15:01:54.040000Z')",P,MLN,"(1.0, 0.7826756)"
"(2024000627, 17334)","('2024-06-02T15:01:55.260000Z', '2024-06-02T15:01:55.210000Z')",P,VINO,"(1.0, 0.7733306)"
"(2024000627, 17806)","('2024-06-02T15:01:57.920000Z', '2024-06-02T15:01:57.880000Z')",S,MLN,"(1.0, 0.3786764)"
"(2024000627, 17335)","('2024-06-02T15:02:00.000000Z', '2024-06-02T15:02:00.060000Z')",S,VINO,"(1.0, 0.5834302)"
"(2024000628, 12879)","('2024-06-04T04:29:16.200000Z', '2024-06-04T04:29:16.160000Z')",P,FUSE,"(1.0, 0.7743061)"
"(2024000628, 12719)","('2024-06-04T04:29:16.290000Z', '2024-06-04T04:29:16.200000Z')",P,BOO,"(1.0, 0.4537137)"
"(2024000628, 12949)","('2024-06-04T04:29:16.440000Z', '2024-06-04T04:29:16.450000Z')",P,PLRO,"(1.0, 0.82353014)"
"(2024000628, 13013)","('2024-06-04T04:29:17.260000Z', '2024-06-04T04:29:17.270000Z')",P,ZOU,"(1.0, 0.79646075)"
"(2024000628, 12494)","('2024-06-04T04:29:17.330000Z', '2024-06-04T04:29:17.350000Z')",P,VINO,"(1.0, 0.76513046)"
"(2024000628, 12623)","('2024-06-04T04:29:17.480000Z', '2024-06-04T04:29:17.430000Z')",P,BAD,"(1.0, 0.6694227)"
"(2024000628, 12931)","('2024-06-04T04:29:17.640000Z', '2024-06-04T04:29:17.670000Z')",P,MPRI,"(1.0, 0.7690722)"
"(2024000628, 12880)","('2024-06-04T04:29:18.660000Z', '2024-06-04T04:29:18.680000Z')",S,FUSE,"(1.0, 0.73606193)"
"(2024000628, 12720)","('2024-06-04T04:29:18.990000Z', '2024-06-04T04:29:19.050000Z')",S,BOO,"(1.0, 0.66142315)"
"(2024000628, 12950)","('2024-06-04T04:29:19.080000Z', '2024-06-04T04:29:19.050000Z')",S,PLRO,"(1.0, 0.77832663)"
"(2024000628, 13014)","('2024-06-04T04:29:20.470000Z', '2024-06-04T04:29:20.440000Z')",S,ZOU,"(1.0, 0.7949864)"
"(2024000628, 12495)","('2024-06-04T04:29:21.020000Z', '2024-06-04T04:29:21.050000Z')",S,VINO,"(1.0, 0.66537386)"
"(2024000628, 12624)","('2024-06-04T04:29:21.370000Z', '2024-06-04T04:29:21.200000Z')",S,BAD,"(1.0, 0.41872263)"
"(2024000629, 14371)","('2024-06-04T07:54:34.780000Z', '2024-06-04T07:54:34.800000Z')",P,SKDS,"(1.0, 0.8949416)"
"(2024000629, 14244)","('2024-06-04T07:54:35.690000Z', '2024-06-04T07:54:35.680000Z')",P,KNDS,"(1.0, 0.81854326)"
"(2024000629, 14226)","('2024-06-04T07:54:36.050000Z', '2024-06-04T07:54:36.010000Z')",P,JAVS,"(1.0, 0.8971135)"
"(2024000629, 14372)","('2024-06-04T07:54:37.560000Z', '2024-06-04T07:54:37.490000Z')",S,SKDS,"(1.0, 0.81685156)"
"(2024000629, 14161)","('2024-06-04T07:54:37.580000Z', '2024-06-04T07:54:37.660000Z')",P,GBAS,"(1.0, 0.83729255)"
"(2024000629, 14245)","('2024-06-04T07:54:39.040000Z', '2024-06-04T07:54:39.060000Z')",S,KNDS,"(1.0, 0.681625)"
"(2024000629, 14227)","('2024-06-04T07:54:39.610000Z', '2024-06-04T07:54:40.070000Z')",S,JAVS,"(1.0, 0.2794175)"
"(2024000629, 14162)","('2024-06-04T07:54:42.310000Z', '2024-06-04T07:54:42.560000Z')",S,GBAS,"(1.0, 0.72023606)"
"(2024000630, 14361)","('2024-06-04T14:28:35.180000Z', '2024-06-04T14:28:35.160000Z')",P,ROBS,"(1.0, 0.9066547)"
"(2024000630, 12872)","('2024-06-04T14:28:35.250000Z', '2024-06-04T14:28:35.240000Z')",P,DRE,"(1.0, 0.9153861)"
"(2024000630, 13990)","('2024-06-04T14:28:36.160000Z', '2024-06-04T14:28:36.200000Z')",P,CADS,"(1.0, 0.8387407)"
"(2024000630, 12500)","('2024-06-04T14:28:36.780000Z', '2024-06-04T14:28:36.840000Z')",P,VINO,"(1.0, 0.8681783)"
"(2024000630, 14362)","('2024-06-04T14:28:37.100000Z', '2024-06-04T14:28:37.130000Z')",S,ROBS,"(1.0, 0.8494971)"
"(2024000630, 12873)","('2024-06-04T14:28:37.270000Z', '2024-06-04T14:28:37.280000Z')",S,DRE,"(1.0, 0.8614349)"
"(2024000630, 12967)","('2024-06-04T14:28:38.010000Z', '2024-06-04T14:28:38.010000Z')",P,PRED,"(1.0, 0.9154565)"
"(2024000630, 13991)","('2024-06-04T14:28:39.010000Z', '2024-06-04T14:28:39.010000Z')",S,CADS,"(1.0, 0.81745946)"
"(2024000630, 12501)","('2024-06-04T14:28:40.320000Z', '2024-06-04T14:28:40.300000Z')",S,VINO,"(1.0, 0.833002)"
"(2024000631, 14235)","('2024-06-04T15:16:51.310000Z', '2024-06-04T15:16:51.340000Z')",P,JAVS,"(1.0, 0.78271765)"
"(2024000631, 14096)","('2024-06-04T15:16:51.840000Z', '2024-06-04T15:16:51.890000Z')",P,CEY,"(1.0, 0.16883382)"
"(2024000631, 14379)","('2024-06-04T15:16:52.240000Z', '2024-06-04T15:16:52.280000Z')",P,SKDS,"(1.0, 0.8724721)"
"(2024000631, 14261)","('2024-06-04T15:16:53.300000Z', '2024-06-04T15:16:53.260000Z')",P,KNDS,"(1.0, 0.6600855)"
"(2024000631, 14236)","('2024-06-04T15:16:54.290000Z', '2024-06-04T15:16:54.270000Z')",S,JAVS,"(1.0, 0.76766)"
"(2024000631, 14380)","('2024-06-04T15:16:56.250000Z', '2024-06-04T15:16:56.230000Z')",S,SKDS,"(1.0, 0.69292444)"
"(2024000631, 14262)","('2024-06-04T15:16:58.140000Z', '2024-06-04T15:16:58.090000Z')",S,KNDS,"(1.0, 0.7018199)"
"(2024000632, 14500)","('2024-06-04T17:13:00.650000Z', '2024-06-04T17:13:00.640000Z')",P,VARA,"(1.0, 0.8791975)"
"(2024000632, 13972)","('2024-06-04T17:13:01.450000Z', '2024-06-04T17:13:01.460000Z')",P,LUSI,"(1.0, 0.7837125)"
"(2024000632, 14458)","('2024-06-04T17:13:01.530000Z', '2024-06-04T17:13:01.560000Z')",P,DOSS,"(1.0, 0.88261503)"
"(2024000632, 14501)","('2024-06-04T17:13:02.490000Z', '2024-06-04T17:13:02.550000Z')",S,VARA,"(1.0, 0.8097989)"
"(2024000632, 14469)","('2024-06-04T17:13:03.460000Z', '2024-06-04T17:13:03.610000Z')",P,GAGG,"(1.0, 0.68669856)"
"(2024000632, 13973)","('2024-06-04T17:13:03.940000Z', '2024-06-04T17:13:03.920000Z')",S,LUSI,"(1.0, 0.6998216)"
"(2024000632, 14482)","('2024-06-04T17:13:04.660000Z', '2024-06-04T17:13:04.590000Z')",P,PANI,"(1.0, 0.4021762)"
"(2024000632, 14470)","('2024-06-04T17:13:07.480000Z', '2024-06-04T17:13:07.470000Z')",S,GAGG,"(1.0, 0.72119784)"
"(2024000633, 12971)","('2024-06-04T23:28:08.070000Z', '2024-06-04T23:28:08.050000Z')",P,PRED,"(1.0, 0.8963414)"
"(2024000633, 14004)","('2024-06-04T23:28:08.380000Z', '2024-06-04T23:28:08.380000Z')",P,CADS,"(1.0, 0.87181795)"
"(2024000633, 14364)","('2024-06-04T23:28:08.730000Z', '2024-06-04T23:28:08.740000Z')",P,ROBS,"(1.0, 0.8761184)"
"(2024000633, 12875)","('2024-06-04T23:28:09.200000Z', '2024-06-04T23:28:09.160000Z')",P,DRE,"(1.0, 0.6149382)"
"(2024000633, 12972)","('2024-06-04T23:28:10.050000Z', '2024-06-04T23:28:10.020000Z')",S,PRED,"(1.0, 0.82876366)"
"(2024000633, 14005)","('2024-06-04T23:28:10.640000Z', '2024-06-04T23:28:10.660000Z')",S,CADS,"(1.0, 0.77689534)"
"(2024000633, 14365)","('2024-06-04T23:28:11.190000Z', '2024-06-04T23:28:11.200000Z')",S,ROBS,"(1.0, 0.83641136)"
"(2024000633, 14224)","('2024-06-04T23:28:13.780000Z', '2024-06-04T23:28:13.940000Z')",S,GORS,"(1.0, 0.6106518)"
"(2024000634, 11786)","('2024-06-05T02:15:59.690000Z', '2024-06-05T02:15:59.690000Z')",P,MABI,"(1.0, 0.9147596)"
"(2024000634, 13887)","('2024-06-05T02:16:00.190000Z', '2024-06-05T02:16:00.200000Z')",P,RONC,"(1.0, 0.8860454)"
"(2024000634, 11787)","('2024-06-05T02:16:00.680000Z', '2024-06-05T02:16:00.700000Z')",S,MABI,"(1.0, 0.87156427)"
"(2024000634, 13888)","('2024-06-05T02:16:01.530000Z', '2024-06-05T02:16:01.620000Z')",S,RONC,"(1.0, 0.8372412)"
"(2024000634, 12446)","('2024-06-05T02:16:02.020000Z', '2024-06-05T02:16:02.030000Z')",P,GAVI,"(1.0, 0.4054533)"
"(2024000634, 13875)","('2024-06-05T02:16:02.960000Z', '2024-06-05T02:16:02.980000Z')",P,GAGG,"(1.0, 0.83187824)"
"(2024000634, 13541)","('2024-06-05T02:16:03.090000Z', '2024-06-05T02:16:03.110000Z')",P,LUSI,"(1.0, 0.72410595)"
"(2024000634, 11790)","('2024-06-05T02:16:03.770000Z', '2024-06-05T02:16:03.720000Z')",P,MAGA,"(1.0, 0.6474836)"
"(2024000634, 12447)","('2024-06-05T02:16:04.520000Z', '2024-06-05T02:16:04.580000Z')",S,GAVI,"(1.0, 0.6789982)"
"(2024000634, 13876)","('2024-06-05T02:16:06.700000Z', '2024-06-05T02:16:06.760000Z')",S,GAGG,"(1.0, 0.7385213)"
"(2024000634, 13542)","('2024-06-05T02:16:06.840000Z', '2024-06-05T02:16:07.010000Z')",S,LUSI,"(1.0, 0.66920894)"
"(2024000634, 11791)","('2024-06-05T02:16:07.980000Z', '2024-06-05T02:16:08.050000Z')",S,MAGA,"(1.0, 0.43860206)"
"(2024000635, 13700)","('2024-06-05T03:13:25.300000Z', '2024-06-05T03:13:25.350000Z')",P,GORS,"(1.0, 0.8398023)"
"(2024000635, 13733)","('2024-06-05T03:13:25.400000Z', '2024-06-05T03:13:25.420000Z')",P,MOZS,"(1.0, 0.81960964)"
"(2024000635, 13701)","('2024-06-05T03:13:28.460000Z', '2024-06-05T03:13:28.450000Z')",S,GORS,"(1.0, 0.66574067)"
"(2024000635, 13734)","('2024-06-05T03:13:28.560000Z', '2024-06-05T03:13:28.650000Z')",S,MOZS,"(1.0, 0.7126141)"
"(2024000635, 13550)","('2024-06-05T03:13:28.920000Z', '2024-06-05T03:13:28.960000Z')",P,CADS,"(1.0, 0.69800395)"
"(2024000635, 12559)","('2024-06-05T03:13:30.100000Z', '2024-06-05T03:13:30.330000Z')",P,PRED,"(1.0, 0.49889302)"
"(2024000635, 12560)","('2024-06-05T03:13:37.450000Z', '2024-06-05T03:13:37.530000Z')",S,PRED,"(1.0, 0.36397496)"
"(2024000636, 12325)","('2024-06-05T04:27:33.690000Z', '2024-06-05T04:27:33.700000Z')",P,BOO,"(1.0, 0.86036015)"
"(2024000636, 12033)","('2024-06-05T04:27:34.680000Z', '2024-06-05T04:27:34.690000Z')",P,VINO,"(1.0, 0.89080364)"
"(2024000636, 12140)","('2024-06-05T04:27:34.740000Z', '2024-06-05T04:27:34.720000Z')",P,BAD,"(1.0, 0.8336523)"
"(2024000636, 12443)","('2024-06-05T04:27:34.830000Z', '2024-06-05T04:27:35.000000Z')",P,FUSE,"(1.0, 0.5331643)"
"(2024000636, 12346)","('2024-06-05T04:27:34.980000Z', '2024-06-05T04:27:35.000000Z')",P,BUA,"(1.0, 0.924326)"
"(2024000636, 12326)","('2024-06-05T04:27:35.040000Z', '2024-06-05T04:27:35.070000Z')",S,BOO,"(1.0, 0.86593825)"
"(2024000636, 12541)","('2024-06-05T04:27:35.450000Z', '2024-06-05T04:27:35.420000Z')",P,MPRI,"(1.0, 0.8530391)"
"(2024000636, 12554)","('2024-06-05T04:27:35.950000Z', '2024-06-05T04:27:36.000000Z')",P,PLRO,"(1.0, 0.9169713)"
"(2024000636, 12413)","('2024-06-05T04:27:36.340000Z', '2024-06-05T04:27:36.390000Z')",P,CLUD,"(1.0, 0.64564145)"
"(2024000636, 13791)","('2024-06-05T04:27:36.740000Z', '2024-06-05T04:27:36.710000Z')",P,ROBS,"(1.0, 0.84398955)"
"(2024000636, 12608)","('2024-06-05T04:27:36.880000Z', '2024-06-05T04:27:36.980000Z')",P,ZOU,"(1.0, 0.82958007)"
"(2024000636, 12034)","('2024-06-05T04:27:37.150000Z', '2024-06-05T04:27:37.160000Z')",S,VINO,"(1.0, 0.6091085)"
"(2024000636, 12419)","('2024-06-05T04:27:37.180000Z', '2024-06-05T04:27:37.180000Z')",P,COLI,"(1.0, 0.86630565)"
"(2024000636, 12142)","('2024-06-05T04:27:37.300000Z', '2024-06-05T04:27:37.270000Z')",S,BAD,"(1.0, 0.72110873)"
"(2024000636, 12469)","('2024-06-05T04:27:37.500000Z', '2024-06-05T04:27:37.490000Z')",P,LSR,"(1.0, 0.64403576)"
"(2024000636, 12561)","('2024-06-05T04:27:37.580000Z', '2024-06-05T04:27:37.490000Z')",P,PRED,"(1.0, 0.743436)"
"(2024000636, 12347)","('2024-06-05T04:27:38.110000Z', '2024-06-05T04:27:38.090000Z')",S,BUA,"(1.0, 0.682636)"
"(2024000636, 12542)","('2024-06-05T04:27:38.250000Z', '2024-06-05T04:27:38.260000Z')",S,MPRI,"(1.0, 0.7357007)"
"(2024000636, 12436)","('2024-06-05T04:27:38.980000Z', '2024-06-05T04:27:38.980000Z')",P,DRE,"(1.0, 0.89488095)"
"(2024000636, 12555)","('2024-06-05T04:27:39.480000Z', '2024-06-05T04:27:39.500000Z')",S,PLRO,"(1.0, 0.6905426)"
"(2024000636, 13552)","('2024-06-05T04:27:39.760000Z', '2024-06-05T04:27:39.790000Z')",P,CADS,"(1.0, 0.6316888)"
"(2024000636, 12414)","('2024-06-05T04:27:40.080000Z', '2024-06-05T04:27:40.100000Z')",S,CLUD,"(1.0, 0.6322868)"
"(2024000636, 13792)","('2024-06-05T04:27:40.730000Z', '2024-06-05T04:27:40.830000Z')",S,ROBS,"(1.0, 0.7469058)"
"(2024000636, 12609)","('2024-06-05T04:27:41.220000Z', '2024-06-05T04:27:41.250000Z')",S,ZOU,"(1.0, 0.5353384)"
"(2024000636, 12420)","('2024-06-05T04:27:42.020000Z', '2024-06-05T04:27:42.070000Z')",S,COLI,"(1.0, 0.7168385)"
"(2024000636, 12470)","('2024-06-05T04:27:42.050000Z', '2024-06-05T04:27:42.200000Z')",S,LSR,"(1.0, 0.6090486)"
"(2024000637, 12334)","('2024-06-05T17:25:03.170000Z', '2024-06-05T17:25:03.160000Z')",P,BOO,"(1.0, 0.82618946)"
"(2024000637, 12054)","('2024-06-05T17:25:03.710000Z', '2024-06-05T17:25:03.700000Z')",P,VINO,"(1.0, 0.8488232)"
"(2024000637, 12152)","('2024-06-05T17:25:03.850000Z', '2024-06-05T17:25:03.860000Z')",P,BAD,"(1.0, 0.858299)"
"(2024000637, 12335)","('2024-06-05T17:25:04.690000Z', '2024-06-05T17:25:04.740000Z')",S,BOO,"(1.0, 0.8579471)"
"(2024000637, 12055)","('2024-06-05T17:25:05.880000Z', '2024-06-05T17:25:05.920000Z')",S,VINO,"(1.0, 0.7884511)"
"(2024000637, 12153)","('2024-06-05T17:25:06.200000Z', '2024-06-05T17:25:06.220000Z')",S,BAD,"(1.0, 0.8292837)"
"(2024000638, 13302)","('2024-06-06T16:11:37.180000Z', '2024-06-06T16:11:37.190000Z')",P,MPRI,"(1.0, 0.885007)"
"(2024000638, 13131)","('2024-06-06T16:11:37.470000Z', '2024-06-06T16:11:37.510000Z')",P,BUA,"(1.0, 0.8528052)"
"(2024000638, 13598)","('2024-06-06T16:11:37.860000Z', '2024-06-06T16:11:37.960000Z')",P,GEPF,"(1.0, 0.8548194)"
"(2024000638, 13118)","('2024-06-06T16:11:38.170000Z', '2024-06-06T16:11:38.170000Z')",P,BOO,"(1.0, 0.85797083)"
"(2024000638, 12956)","('2024-06-06T16:11:38.550000Z', '2024-06-06T16:11:38.540000Z')",P,BAD,"(1.0, 0.7885366)"
"(2024000638, 12824)","('2024-06-06T16:11:39.000000Z', '2024-06-06T16:11:39.000000Z')",P,VINO,"(1.0, 0.92833954)"
"(2024000638, 13219)","('2024-06-06T16:11:39.370000Z', '2024-06-06T16:11:39.390000Z')",P,FUSE,"(1.0, 0.81160986)"
"(2024000638, 13132)","('2024-06-06T16:11:39.450000Z', '2024-06-06T16:11:39.460000Z')",S,BUA,"(1.0, 0.8079072)"
"(2024000638, 1015)","('2024-06-06T16:11:39.630000Z', '2024-06-06T16:11:39.620000Z')",P,CHIE,"(1.0, 0.88373566)"
"(2024000638, 12749)","('2024-06-06T16:11:39.780000Z', '2024-06-06T16:11:39.970000Z')",P,STAL,"(1.0, 0.8470237)"
"(2024000638, 13599)","('2024-06-06T16:11:40.220000Z', '2024-06-06T16:11:40.260000Z')",S,GEPF,"(1.0, 0.65596837)"
"(2024000638, 13180)","('2024-06-06T16:11:40.410000Z', '2024-06-06T16:11:40.440000Z')",P,CLUD,"(1.0, 0.8512933)"
"(2024000638, 13188)","('2024-06-06T16:11:40.550000Z', '2024-06-06T16:11:40.570000Z')",P,COLI,"(1.0, 0.8247078)"
"(2024000638, 13119)","('2024-06-06T16:11:40.630000Z', '2024-06-06T16:11:40.620000Z')",S,BOO,"(1.0, 0.7758916)"
"(2024000638, 13362)","('2024-06-06T16:11:41.050000Z', '2024-06-06T16:11:41.000000Z')",P,TLI,"(1.0, 0.8150756)"
"(2024000638, 13296)","('2024-06-06T16:11:41.160000Z', '2024-06-06T16:11:41.140000Z')",P,MLN,"(1.0, 0.86027867)"
"(2024000638, 12957)","('2024-06-06T16:11:41.440000Z', '2024-06-06T16:11:41.470000Z')",S,BAD,"(1.0, 0.5842412)"
"(2024000638, 14865)","('2024-06-06T16:11:41.440000Z', '2024-06-06T16:11:41.480000Z')",P,ROBS,"(1.0, 0.69653213)"
"(2024000638, 13389)","('2024-06-06T16:11:42.180000Z', '2024-06-06T16:11:42.250000Z')",P,ZOU,"(1.0, 0.8085341)"
"(2024000638, 13323)","('2024-06-06T16:11:42.290000Z', '2024-06-06T16:11:42.350000Z')",P,PLRO,"(1.0, 0.63965136)"
"(2024000638, 12825)","('2024-06-06T16:11:42.310000Z', '2024-06-06T16:11:42.310000Z')",S,VINO,"(1.0, 0.7128407)"
"(2024000638, 13199)","('2024-06-06T16:11:42.800000Z', '2024-06-06T16:11:42.900000Z')",P,CSM,"(1.0, 0.55972904)"
"(2024000638, 13215)","('2024-06-06T16:11:43.220000Z', '2024-06-06T16:11:43.080000Z')",P,DRE,"(1.0, 0.6695397)"
"(2024000638, 13335)","('2024-06-06T16:11:43.260000Z', '2024-06-06T16:11:43.250000Z')",P,PRED,"(1.0, 0.6897273)"
"(2024000638, 12804)","('2024-06-06T16:11:43.320000Z', '2024-06-06T16:11:43.350000Z')",P,POLC,"(1.0, 0.7834101)"
"(2024000638, 13243)","('2024-06-06T16:11:43.630000Z', '2024-06-06T16:11:43.610000Z')",P,LSR,"(1.0, 0.79225)"
"(2024000638, 13136)","('2024-06-06T16:11:43.800000Z', '2024-06-06T16:11:43.900000Z')",P,CAE,"(1.0, 0.7482287)"
"(2024000638, 13181)","('2024-06-06T16:11:44.980000Z', '2024-06-06T16:11:45.010000Z')",S,CLUD,"(1.0, 0.63037705)"
"(2024000638, 13189)","('2024-06-06T16:11:45.190000Z', '2024-06-06T16:11:45.210000Z')",S,COLI,"(1.0, 0.7088623)"
"(2024000638, 13297)","('2024-06-06T16:11:46.320000Z', '2024-06-06T16:11:46.400000Z')",S,MLN,"(1.0, 0.58663136)"
"(2024000638, 14866)","('2024-06-06T16:11:46.770000Z', '2024-06-06T16:11:46.910000Z')",S,ROBS,"(1.0, 0.5938485)"
"(2024000638, 13390)","('2024-06-06T16:11:47.910000Z', '2024-06-06T16:11:47.980000Z')",S,ZOU,"(1.0, 0.4840555)"
"(2024000639, 12408)","('2024-06-07T01:19:51.010000Z', '2024-06-07T01:19:51.050000Z')",P,MYKA,"(1.0, 0.90864843)"
"(2024000639, 12409)","('2024-06-07T01:19:52.060000Z', '2024-06-07T01:19:52.100000Z')",S,MYKA,"(1.0, 0.8713691)"
"(2024000639, 12431)","('2024-06-07T01:19:52.800000Z', '2024-06-07T01:19:52.800000Z')",P,ACOM,"(1.0, 0.80772525)"
"(2024000639, 12695)","('2024-06-07T01:19:53.930000Z', '2024-06-07T01:19:53.890000Z')",P,LSR,"(1.0, 0.117621854)"
"(2024000639, 12771)","('2024-06-07T01:19:54.240000Z', '2024-06-07T01:19:54.200000Z')",P,PRED,"(1.0, 0.4956968)"
"(2024000639, 12432)","('2024-06-07T01:19:55.280000Z', '2024-06-07T01:19:55.320000Z')",S,ACOM,"(1.0, 0.78484875)"
"(2024000639, 12696)","('2024-06-07T01:19:57.220000Z', '2024-06-07T01:19:57.220000Z')",S,LSR,"(1.0, 0.1488839)"
"(2024000639, 12772)","('2024-06-07T01:19:57.450000Z', '2024-06-07T01:19:57.580000Z')",S,PRED,"(1.0, 0.5389573)"
"(2024000640, 12410)","('2024-06-07T03:33:45.770000Z', '2024-06-07T03:33:45.780000Z')",P,MYKA,"(1.0, 0.89624065)"
"(2024000640, 12411)","('2024-06-07T03:33:46.780000Z', '2024-06-07T03:33:46.840000Z')",S,MYKA,"(1.0, 0.8825035)"
"(2024000640, 12433)","('2024-06-07T03:33:47.990000Z', '2024-06-07T03:33:48.010000Z')",P,ACOM,"(1.0, 0.8447448)"
"(2024000640, 12697)","('2024-06-07T03:33:49.110000Z', '2024-06-07T03:33:49.170000Z')",P,LSR,"(1.0, 0.7551864)"
"(2024000640, 12775)","('2024-06-07T03:33:49.170000Z', '2024-06-07T03:33:49.200000Z')",P,PRED,"(1.0, 0.81739837)"
"(2024000640, 12434)","('2024-06-07T03:33:50.600000Z', '2024-06-07T03:33:50.720000Z')",S,ACOM,"(1.0, 0.78204376)"
"(2024000640, 12750)","('2024-06-07T03:33:51.700000Z', '2024-06-07T03:33:51.750000Z')",P,PLRO,"(1.0, 0.74290746)"
"(2024000640, 12698)","('2024-06-07T03:33:52.490000Z', '2024-06-07T03:33:52.530000Z')",S,LSR,"(1.0, 0.64713013)"
"(2024000640, 12776)","('2024-06-07T03:33:52.700000Z', '2024-06-07T03:33:52.820000Z')",S,PRED,"(1.0, 0.57021177)"
"(2024000640, 13662)","('2024-06-07T03:33:52.730000Z', '2024-06-07T03:33:52.750000Z')",P,CADS,"(1.0, 0.7051401)"
"(2024000640, 14109)","('2024-06-07T03:33:52.810000Z', '2024-06-07T03:33:52.750000Z')",P,ROBS,"(1.0, 0.7869554)"
"(2024000640, 12381)","('2024-06-07T03:33:53.290000Z', '2024-06-07T03:33:53.220000Z')",P,KBA,"(1.0, 0.7876046)"
"(2024000640, 12670)","('2024-06-07T03:33:53.750000Z', '2024-06-07T03:33:53.780000Z')",P,DRE,"(1.0, 0.4349227)"
"(2024000640, 12348)","('2024-06-07T03:33:53.930000Z', '2024-06-07T03:33:53.970000Z')",P,VINO,"(1.0, 0.42904338)"
"(2024000640, 12483)","('2024-06-07T03:33:55.050000Z', '2024-06-07T03:33:54.830000Z')",P,BAD,"(1.0, 0.23979254)"
"(2024000640, 14191)","('2024-06-07T03:33:56.620000Z', '2024-06-07T03:33:56.600000Z')",P,VOJS,"(1.0, 0.22759622)"
"(2024000640, 12751)","('2024-06-07T03:33:56.940000Z', '2024-06-07T03:33:57.210000Z')",S,PLRO,"(1.0, 0.4638067)"
"(2024000640, 14110)","('2024-06-07T03:33:59.350000Z', '2024-06-07T03:33:59.480000Z')",S,ROBS,"(1.0, 0.6946818)"
"(2024000640, 12349)","('2024-06-07T03:34:00.920000Z', '2024-06-07T03:34:01.420000Z')",S,VINO,"(1.0, 0.714698)"
"(2024000640, 12484)","('2024-06-07T03:34:02.350000Z', '2024-06-07T03:34:02.520000Z')",S,BAD,"(1.0, 0.50493)"
"(2024000641, 11923)","('2024-06-07T10:55:33.670000Z', '2024-06-07T10:55:33.670000Z')",P,BRMO,"(1.0, 0.2770218)"
"(2024000641, 14217)","('2024-06-07T10:55:34.140000Z', '2024-06-07T10:55:34.160000Z')",P,CARE,"(1.0, 0.5713707)"
"(2024000641, 12375)","('2024-06-07T10:55:36.670000Z', '2024-06-07T10:55:36.480000Z')",P,FETA,"(1.0, 0.20203193)"
"(2024000641, 11924)","('2024-06-07T10:55:36.810000Z', '2024-06-07T10:55:36.870000Z')",S,BRMO,"(1.0, 0.7281129)"
"(2024000641, 14218)","('2024-06-07T10:55:37.220000Z', '2024-06-07T10:55:37.200000Z')",S,CARE,"(1.0, 0.65162337)"
"(2024000641, 12376)","('2024-06-07T10:55:41.660000Z', '2024-06-07T10:55:41.820000Z')",S,FETA,"(1.0, 0.3346621)"
"(2024000642, 14960)","('2024-06-08T06:16:15.260000Z', '2024-06-08T06:16:15.240000Z')",P,BOO,"(1.0, 0.8650187)"
"(2024000642, 15292)","('2024-06-08T06:16:15.280000Z', '2024-06-08T06:16:15.320000Z')",P,GEPF,"(1.0, 0.39809942)"
"(2024000642, 14985)","('2024-06-08T06:16:15.900000Z', '2024-06-08T06:16:15.950000Z')",P,BUA,"(1.0, 0.675376)"
"(2024000642, 14818)","('2024-06-08T06:16:16.110000Z', '2024-06-08T06:16:16.120000Z')",P,BAD,"(1.0, 0.8751028)"
"(2024000642, 15090)","('2024-06-08T06:16:16.320000Z', '2024-06-08T06:16:16.420000Z')",P,MPRI,"(1.0, 0.83171415)"
"(2024000642, 14961)","('2024-06-08T06:16:16.560000Z', '2024-06-08T06:16:16.620000Z')",S,BOO,"(1.0, 0.86021656)"
"(2024000642, 15293)","('2024-06-08T06:16:16.630000Z', '2024-06-08T06:16:16.760000Z')",S,GEPF,"(1.0, 0.18689807)"
"(2024000642, 14986)","('2024-06-08T06:16:17.840000Z', '2024-06-08T06:16:17.930000Z')",S,BUA,"(1.0, 0.603884)"
"(2024000642, 14819)","('2024-06-08T06:16:18.190000Z', '2024-06-08T06:16:18.240000Z')",S,BAD,"(1.0, 0.87485814)"
"(2024000642, 15091)","('2024-06-08T06:16:18.770000Z', '2024-06-08T06:16:18.860000Z')",S,MPRI,"(1.0, 0.5537563)"
"(2024000643, 16614)","('2024-06-08T17:29:11.060000Z', '2024-06-08T17:29:11.050000Z')",P,VOJS,"(1.0, 0.8844136)"
"(2024000643, 16377)","('2024-06-08T17:29:12.900000Z', '2024-06-08T17:29:12.960000Z')",P,GBAS,"(1.0, 0.702252)"
"(2024000643, 15155)","('2024-06-08T17:29:13.220000Z', '2024-06-08T17:29:13.190000Z')",P,SABO,"(1.0, 0.7506293)"
"(2024000643, 16562)","('2024-06-08T17:29:14.170000Z', '2024-06-08T17:29:14.110000Z')",P,SKDS,"(1.0, 0.60025656)"
"(2024000643, 16615)","('2024-06-08T17:29:14.220000Z', '2024-06-08T17:29:14.280000Z')",S,VOJS,"(1.0, 0.7815198)"
"(2024000643, 16458)","('2024-06-08T17:29:15.770000Z', '2024-06-08T17:29:15.760000Z')",P,KNDS,"(1.0, 0.28957996)"
"(2024000643, 16378)","('2024-06-08T17:29:17.600000Z', '2024-06-08T17:29:17.610000Z')",S,GBAS,"(1.0, 0.24076901)"
"(2024000643, 15156)","('2024-06-08T17:29:17.890000Z', '2024-06-08T17:29:17.940000Z')",S,SABO,"(1.0, 0.5375783)"
"(2024000643, 16563)","('2024-06-08T17:29:20.060000Z', '2024-06-08T17:29:20.110000Z')",S,SKDS,"(1.0, 0.36115637)"
"(2024000643, 16459)","('2024-06-08T17:29:23.370000Z', '2024-06-08T17:29:23.430000Z')",S,KNDS,"(1.0, 0.30530977)"
"(2024000644, 16020)","('2024-06-08T19:25:23.040000Z', '2024-06-08T19:25:23.080000Z')",P,CADS,"(1.0, 0.8927397)"
"(2024000644, 16540)","('2024-06-08T19:25:23.050000Z', '2024-06-08T19:25:23.050000Z')",P,ROBS,"(1.0, 0.89613587)"
"(2024000644, 15033)","('2024-06-08T19:25:23.400000Z', '2024-06-08T19:25:23.420000Z')",P,DRE,"(1.0, 0.89407873)"
"(2024000644, 15146)","('2024-06-08T19:25:24.080000Z', '2024-06-08T19:25:24.090000Z')",P,PRED,"(1.0, 0.81524473)"
"(2024000644, 16541)","('2024-06-08T19:25:24.660000Z', '2024-06-08T19:25:24.680000Z')",S,ROBS,"(1.0, 0.8312739)"
"(2024000644, 16021)","('2024-06-08T19:25:24.700000Z', '2024-06-08T19:25:24.720000Z')",S,CADS,"(1.0, 0.87028486)"
"(2024000644, 15058)","('2024-06-08T19:25:25.020000Z', '2024-06-08T19:25:24.990000Z')",P,LSR,"(1.0, 0.576924)"
"(2024000644, 15034)","('2024-06-08T19:25:25.370000Z', '2024-06-08T19:25:25.410000Z')",S,DRE,"(1.0, 0.8247367)"
"(2024000644, 15014)","('2024-06-08T19:25:25.730000Z', '2024-06-08T19:25:25.760000Z')",P,COLI,"(1.0, 0.7559292)"
"(2024000644, 16426)","('2024-06-08T19:25:25.840000Z', '2024-06-08T19:25:25.880000Z')",P,GORS,"(1.0, 0.30036083)"
"(2024000644, 14829)","('2024-06-08T19:25:26.440000Z', '2024-06-08T19:25:26.430000Z')",P,BAD,"(1.0, 0.36954862)"
"(2024000644, 15147)","('2024-06-08T19:25:26.580000Z', '2024-06-08T19:25:26.740000Z')",S,PRED,"(1.0, 0.78217334)"
"(2024000644, 16616)","('2024-06-08T19:25:26.850000Z', '2024-06-08T19:25:26.920000Z')",P,VOJS,"(1.0, 0.84126735)"
"(2024000644, 15059)","('2024-06-08T19:25:28.260000Z', '2024-06-08T19:25:28.470000Z')",S,LSR,"(1.0, 0.72132623)"
"(2024000644, 16427)","('2024-06-08T19:25:29.910000Z', '2024-06-08T19:25:29.990000Z')",S,GORS,"(1.0, 0.40240994)"
"(2024000644, 14830)","('2024-06-08T19:25:31.070000Z', '2024-06-08T19:25:31.330000Z')",S,BAD,"(1.0, 0.18966092)"
"(2024000644, 16617)","('2024-06-08T19:25:32.180000Z', '2024-06-08T19:25:32.130000Z')",S,VOJS,"(1.0, 0.44402155)"
"(2024000645, 18358)","('2024-06-09T02:48:12.920000Z', '2024-06-09T02:48:12.910000Z')",P,KNDS,"(1.0, 0.89648575)"
"(2024000645, 18359)","('2024-06-09T02:48:14.350000Z', '2024-06-09T02:48:14.400000Z')",S,KNDS,"(1.0, 0.8445031)"
"(2024000645, 17944)","('2024-06-09T02:48:15.580000Z', '2024-06-09T02:48:15.560000Z')",P,CEY,"(1.0, 0.7534426)"
"(2024000645, 18434)","('2024-06-09T02:48:15.810000Z', '2024-06-09T02:48:15.840000Z')",P,SKDS,"(1.0, 0.86896574)"
"(2024000645, 16781)","('2024-06-09T02:48:18.830000Z', '2024-06-09T02:48:18.780000Z')",P,DST2,"(1.0, 0.71973425)"
"(2024000645, 18311)","('2024-06-09T02:48:19.210000Z', '2024-06-09T02:48:19.200000Z')",P,GBAS,"(1.0, 0.7055924)"
"(2024000645, 18435)","('2024-06-09T02:48:19.860000Z', '2024-06-09T02:48:19.870000Z')",S,SKDS,"(1.0, 0.7821312)"
"(2024000645, 18365)","('2024-06-09T02:48:21.550000Z', '2024-06-09T02:48:21.580000Z')",P,LJU,"(1.0, 0.7428705)"
"(2024000645, 18485)","('2024-06-09T02:48:22.250000Z', '2024-06-09T02:48:22.370000Z')",P,VOJS,"(1.0, 0.6067608)"
"(2024000645, 18472)","('2024-06-09T02:48:23.410000Z', '2024-06-09T02:48:23.270000Z')",P,VNDS,"(1.0, 0.4369072)"
"(2024000645, 17168)","('2024-06-09T02:48:23.780000Z', '2024-06-09T02:48:23.830000Z')",P,SABO,"(1.0, 0.75763214)"
"(2024000645, 18312)","('2024-06-09T02:48:25.840000Z', '2024-06-09T02:48:25.940000Z')",S,GBAS,"(1.0, 0.5552138)"
"(2024000645, 16782)","('2024-06-09T02:48:25.900000Z', '2024-06-09T02:48:25.850000Z')",S,DST2,"(1.0, 0.60261613)"
"(2024000645, 17051)","('2024-06-09T02:48:26.280000Z', '2024-06-09T02:48:26.140000Z')",P,DRE,"(1.0, 0.51138484)"
"(2024000645, 18375)","('2024-06-09T02:48:26.410000Z', '2024-06-09T02:48:26.370000Z')",P,MOZS,"(1.0, 0.48089668)"
"(2024000645, 17919)","('2024-06-09T02:48:26.470000Z', '2024-06-09T02:48:26.250000Z')",P,CADS,"(1.0, 0.57284355)"
"(2024000645, 18354)","('2024-06-09T02:48:27.030000Z', '2024-06-09T02:48:27.060000Z')",P,GORS,"(1.0, 0.41721788)"
"(2024000645, 17022)","('2024-06-09T02:48:27.890000Z', '2024-06-09T02:48:27.860000Z')",P,COLI,"(1.0, 0.7527843)"
"(2024000645, 18486)","('2024-06-09T02:48:32.480000Z', '2024-06-09T02:48:32.630000Z')",S,VOJS,"(1.0, 0.31360966)"
"(2024000645, 17127)","('2024-06-09T02:48:34.820000Z', '2024-06-09T02:48:34.760000Z')",P,MPRI,"(1.0, 0.7345159)"
"(2024000645, 16677)","('2024-06-09T02:48:36.980000Z', '2024-06-09T02:48:37.000000Z')",P,STAL,"(1.0, 0.8816238)"
"(2024000645, 17112)","('2024-06-09T02:48:37.090000Z', '2024-06-09T02:48:37.000000Z')",P,MLN,"(1.0, 0.62324756)"
"(2024000645, 16783)","('2024-06-09T02:48:37.360000Z', '2024-06-09T02:48:37.010000Z')",P,POLC,"(1.0, 0.6578181)"
"(2024000645, 17007)","('2024-06-09T02:48:37.760000Z', '2024-06-09T02:48:38.000000Z')",P,CAE,"(1.0, 0.6963818)"
"(2024000645, 17189)","('2024-06-09T02:48:40.280000Z', '2024-06-09T02:48:40.000000Z')",P,VARN,"(1.0, 0.588347)"
"(2024000646, 12825)","('2024-06-10T00:36:49.870000Z', '2024-06-10T00:36:49.890000Z')",P,STAL,"(1.0, 0.87243134)"
"(2024000646, 13142)","('2024-06-10T00:36:50.050000Z', '2024-06-10T00:36:50.050000Z')",P,CIMO,"(1.0, 0.87730336)"
"(2024000646, 13285)","('2024-06-10T00:36:50.520000Z', '2024-06-10T00:36:50.510000Z')",P,MLN,"(1.0, 0.7846141)"
"(2024000646, 13210)","('2024-06-10T00:36:51.260000Z', '2024-06-10T00:36:51.280000Z')",P,CSO,"(1.0, 0.8430914)"
"(2024000646, 12826)","('2024-06-10T00:36:51.580000Z', '2024-06-10T00:36:51.700000Z')",S,STAL,"(1.0, 0.69753003)"
"(2024000646, 13013)","('2024-06-10T00:36:51.770000Z', '2024-06-10T00:36:51.770000Z')",P,APGO,"(1.0, 0.9082564)"
"(2024000646, 13143)","('2024-06-10T00:36:51.870000Z', '2024-06-10T00:36:51.870000Z')",S,CIMO,"(1.0, 0.8343089)"
"(2024000646, 13202)","('2024-06-10T00:36:52.480000Z', '2024-06-10T00:36:52.610000Z')",P,CSM,"(1.0, 0.6268477)"
"(2024000646, 13286)","('2024-06-10T00:36:52.910000Z', '2024-06-10T00:36:52.940000Z')",S,MLN,"(1.0, 0.45708656)"
"(2024000646, 12901)","('2024-06-10T00:36:53.090000Z', '2024-06-10T00:36:53.100000Z')",P,POLC,"(1.0, 0.7350829)"
"(2024000646, 13119)","('2024-06-10T00:36:53.180000Z', '2024-06-10T00:36:53.220000Z')",P,CAE,"(1.0, 0.65400505)"
"(2024000646, 13225)","('2024-06-10T00:36:53.800000Z', '2024-06-10T00:36:53.800000Z')",P,FUSE,"(1.0, 0.69390213)"
"(2024000646, 13091)","('2024-06-10T00:36:54.230000Z', '2024-06-10T00:36:54.230000Z')",P,BOO,"(1.0, 0.73536986)"
"(2024000646, 12591)","('2024-06-10T00:36:54.500000Z', '2024-06-10T00:36:54.640000Z')",P,FVI,"(1.0, 0.7631989)"
"(2024000646, 13614)","('2024-06-10T00:36:54.970000Z', '2024-06-10T00:36:55.020000Z')",P,GEPF,"(1.0, 0.8260693)"
"(2024000646, 13115)","('2024-06-10T00:36:55.010000Z', '2024-06-10T00:36:55.050000Z')",P,BUA,"(1.0, 0.8010275)"
"(2024000646, 13014)","('2024-06-10T00:36:55.140000Z', '2024-06-10T00:36:55.160000Z')",S,APGO,"(1.0, 0.83319896)"
"(2024000646, 13395)","('2024-06-10T00:36:55.320000Z', '2024-06-10T00:36:55.390000Z')",P,ZOU,"(1.0, 0.61956805)"
"(2024000646, 13038)","('2024-06-10T00:36:56.040000Z', '2024-06-10T00:36:56.110000Z')",P,BAD,"(1.0, 0.83723617)"
"(2024000646, 13346)","('2024-06-10T00:36:56.800000Z', '2024-06-10T00:36:56.770000Z')",P,PLRO,"(1.0, 0.76075816)"
"(2024000646, 12945)","('2024-06-10T00:36:57.160000Z', '2024-06-10T00:36:57.170000Z')",P,ABTA,"(1.0, 0.32085237)"
"(2024000646, 13194)","('2024-06-10T00:36:58.270000Z', '2024-06-10T00:36:58.240000Z')",P,COLI,"(1.0, 0.54918873)"
"(2024000646, 13226)","('2024-06-10T00:36:59.060000Z', '2024-06-10T00:36:58.990000Z')",S,FUSE,"(1.0, 0.43315694)"
"(2024000646, 14887)","('2024-06-10T00:36:59.220000Z', '2024-06-10T00:36:59.120000Z')",P,ROBS,"(1.0, 0.59920067)"
"(2024000646, 13092)","('2024-06-10T00:36:59.880000Z', '2024-06-10T00:36:59.930000Z')",S,BOO,"(1.0, 0.6174678)"
"(2024000646, 13396)","('2024-06-10T00:37:01.310000Z', '2024-06-10T00:37:01.420000Z')",S,ZOU,"(1.0, 0.54642063)"
"(2024000646, 13615)","('2024-06-10T00:37:01.370000Z', '2024-06-10T00:37:01.420000Z')",S,GEPF,"(1.0, 0.43610874)"
"(2024000646, 13116)","('2024-06-10T00:37:02.000000Z', '2024-06-10T00:37:01.950000Z')",S,BUA,"(1.0, 0.545586)"
"(2024000646, 14965)","('2024-06-10T00:37:04.750000Z', '2024-06-10T00:37:05.000000Z')",P,VOJS,"(1.0, 0.78604835)"
"(2024000646, 15005)","('2024-06-10T00:37:08.040000Z', '2024-06-10T00:37:08.100000Z')",P,DOSS,"(1.0, 0.2543116)"
"(2024000646, 14808)","('2024-06-10T00:37:13.070000Z', '2024-06-10T00:37:13.140000Z')",P,MOZS,"(1.0, 0.4552851)"
"(2024000647, 13097)","('2024-06-10T02:29:38.520000Z', '2024-06-10T02:29:38.510000Z')",P,BOO,"(1.0, 0.85533786)"
"(2024000647, 13619)","('2024-06-10T02:29:39.340000Z', '2024-06-10T02:29:39.350000Z')",P,GEPF,"(1.0, 0.71929324)"
"(2024000647, 13228)","('2024-06-10T02:29:39.510000Z', '2024-06-10T02:29:39.480000Z')",S,FUSE,"(1.0, 0.7066569)"
"(2024000647, 12827)","('2024-06-10T02:29:40.210000Z', '2024-06-10T02:29:40.100000Z')",P,STAL,"(1.0, 0.6372016)"
"(2024000647, 13098)","('2024-06-10T02:29:40.240000Z', '2024-06-10T02:29:40.270000Z')",S,BOO,"(1.0, 0.8585996)"
"(2024000647, 13397)","('2024-06-10T02:29:40.380000Z', '2024-06-10T02:29:40.390000Z')",P,ZOU,"(1.0, 0.6235413)"
"(2024000647, 13040)","('2024-06-10T02:29:40.660000Z', '2024-06-10T02:29:40.670000Z')",P,BAD,"(1.0, 0.74264574)"
"(2024000647, 13348)","('2024-06-10T02:29:40.990000Z', '2024-06-10T02:29:40.980000Z')",P,PLRO,"(1.0, 0.8829661)"
"(2024000647, 13329)","('2024-06-10T02:29:41.220000Z', '2024-06-10T02:29:41.230000Z')",S,MPRI,"(1.0, 0.8596942)"
"(2024000647, 13204)","('2024-06-10T02:29:41.540000Z', '2024-06-10T02:29:41.610000Z')",P,CSM,"(1.0, 0.27235228)"
"(2024000647, 12593)","('2024-06-10T02:29:41.560000Z', '2024-06-10T02:29:41.620000Z')",P,FVI,"(1.0, 0.747824)"
"(2024000647, 13620)","('2024-06-10T02:29:41.820000Z', '2024-06-10T02:29:41.890000Z')",S,GEPF,"(1.0, 0.61928123)"
"(2024000647, 13287)","('2024-06-10T02:29:42.810000Z', '2024-06-10T02:29:42.890000Z')",P,MLN,"(1.0, 0.67922384)"
"(2024000647, 14889)","('2024-06-10T02:29:43.240000Z', '2024-06-10T02:29:43.280000Z')",P,ROBS,"(1.0, 0.7382905)"
"(2024000647, 13196)","('2024-06-10T02:29:43.280000Z', '2024-06-10T02:29:43.290000Z')",P,COLI,"(1.0, 0.8257705)"
"(2024000647, 13398)","('2024-06-10T02:29:43.650000Z', '2024-06-10T02:29:43.650000Z')",S,ZOU,"(1.0, 0.68555534)"
"(2024000647, 13252)","('2024-06-10T02:29:44.010000Z', '2024-06-10T02:29:44.100000Z')",P,LSR,"(1.0, 0.7884659)"
"(2024000647, 13358)","('2024-06-10T02:29:44.110000Z', '2024-06-10T02:29:44.140000Z')",P,PRED,"(1.0, 0.66382474)"
"(2024000647, 13349)","('2024-06-10T02:29:44.570000Z', '2024-06-10T02:29:44.580000Z')",S,PLRO,"(1.0, 0.6640689)"
"(2024000647, 13041)","('2024-06-10T02:29:44.600000Z', '2024-06-10T02:29:44.590000Z')",S,BAD,"(1.0, 0.5395413)"
"(2024000647, 12989)","('2024-06-10T02:29:44.730000Z', '2024-06-10T02:29:44.650000Z')",P,ACOM,"(1.0, 0.54496604)"
"(2024000647, 13215)","('2024-06-10T02:29:45.220000Z', '2024-06-10T02:29:45.270000Z')",P,DRE,"(1.0, 0.7191108)"
"(2024000647, 14380)","('2024-06-10T02:29:45.970000Z', '2024-06-10T02:29:46.050000Z')",P,CADS,"(1.0, 0.5285271)"
"(2024000647, 14969)","('2024-06-10T02:29:49.060000Z', '2024-06-10T02:29:49.000000Z')",P,VOJS,"(1.0, 0.51416457)"
"(2024000647, 13197)","('2024-06-10T02:29:49.420000Z', '2024-06-10T02:29:49.480000Z')",S,COLI,"(1.0, 0.7358075)"
"(2024000647, 14908)","('2024-06-10T02:29:57.950000Z', '2024-06-10T02:29:57.800000Z')",P,SKDS,"(1.0, 0.3063926)"
"(2024000648, 14395)","('2024-06-10T23:36:34.200000Z', '2024-06-10T23:36:34.200000Z')",P,CADS,"(1.0, 0.8538784)"
"(2024000648, 13223)","('2024-06-10T23:36:34.280000Z', '2024-06-10T23:36:34.290000Z')",P,DRE,"(1.0, 0.8925684)"
"(2024000648, 14396)","('2024-06-10T23:36:35.240000Z', '2024-06-10T23:36:35.290000Z')",S,CADS,"(1.0, 0.87243205)"
"(2024000648, 13224)","('2024-06-10T23:36:35.480000Z', '2024-06-10T23:36:35.540000Z')",S,DRE,"(1.0, 0.87211597)"
"(2024000648, 14996)","('2024-06-10T23:36:36.900000Z', '2024-06-10T23:36:36.790000Z')",P,VOJS,"(1.0, 0.58398134)"
"(2024000648, 13369)","('2024-06-10T23:36:37.300000Z', '2024-06-10T23:36:37.130000Z')",P,SABO,"(1.0, 0.1184165)"
"(2024000648, 14769)","('2024-06-10T23:36:37.500000Z', '2024-06-10T23:36:37.490000Z')",P,GORS,"(1.0, 0.19357537)"
"(2024000648, 13361)","('2024-06-10T23:36:37.630000Z', '2024-06-10T23:36:37.560000Z')",P,PRED,"(1.0, 0.743133)"
"(2024000648, 14997)","('2024-06-10T23:36:40.620000Z', '2024-06-10T23:36:40.690000Z')",S,VOJS,"(1.0, 0.726318)"
"(2024000648, 13370)","('2024-06-10T23:36:41.380000Z', '2024-06-10T23:36:41.730000Z')",S,SABO,"(1.0, 0.2143816)"
"(2024000648, 13362)","('2024-06-10T23:36:41.830000Z', '2024-06-10T23:36:41.830000Z')",S,PRED,"(1.0, 0.7225578)"
"(2024000649, 10235)","('2024-06-11T01:38:09.270000Z', '2024-06-11T01:38:09.320000Z')",P,BRMO,"(1.0, 0.77708703)"
"(2024000649, 10236)","('2024-06-11T01:38:10.650000Z', '2024-06-11T01:38:10.650000Z')",S,BRMO,"(1.0, 0.84690326)"
"(2024000649, 12250)","('2024-06-11T01:38:11.640000Z', '2024-06-11T01:38:11.670000Z')",P,CARE,"(1.0, 0.87805086)"
"(2024000649, 12251)","('2024-06-11T01:38:14.490000Z', '2024-06-11T01:38:14.560000Z')",S,CARE,"(1.0, 0.757683)"
"(2024000649, 12289)","('2024-06-11T01:38:18.460000Z', '2024-06-11T01:38:18.450000Z')",P,RONC,"(1.0, 0.8137608)"
"(2024000649, 12290)","('2024-06-11T01:38:25.780000Z', '2024-06-11T01:38:25.900000Z')",S,RONC,"(1.0, 0.7198225)"
"(2024000649, 10310)","('2024-06-11T01:38:33.050000Z', '2024-06-11T01:38:33.100000Z')",S,MAGA,"(1.0, 0.13711053)"
"(2024000650, 12136)","('2024-06-11T02:59:41.500000Z', '2024-06-11T02:59:41.500000Z')",P,KNDS,"(1.0, 0.8857825)"
"(2024000650, 12137)","('2024-06-11T02:59:43.510000Z', '2024-06-11T02:59:43.610000Z')",S,KNDS,"(1.0, 0.82613665)"
"(2024000650, 11878)","('2024-06-11T02:59:44.250000Z', '2024-06-11T02:59:44.200000Z')",P,CEY,"(1.0, 0.82282156)"
"(2024000650, 12200)","('2024-06-11T02:59:44.970000Z', '2024-06-11T02:59:44.960000Z')",P,SKDS,"(1.0, 0.5769524)"
"(2024000650, 12111)","('2024-06-11T02:59:47.980000Z', '2024-06-11T02:59:47.750000Z')",P,GBAS,"(1.0, 0.3566177)"
"(2024000650, 11879)","('2024-06-11T02:59:49.450000Z', '2024-06-11T02:59:49.470000Z')",S,CEY,"(1.0, 0.6904737)"
"(2024000650, 12201)","('2024-06-11T02:59:50.060000Z', '2024-06-11T02:59:50.500000Z')",S,SKDS,"(1.0, 0.32585514)"
"(2024000650, 12112)","('2024-06-11T02:59:54.860000Z', '2024-06-11T02:59:55.040000Z')",S,GBAS,"(1.0, 0.30189082)"
"(2024000651, 10698)","('2024-06-11T20:31:30.070000Z', '2024-06-11T20:31:30.080000Z')",P,APGO,"(1.0, 0.8852968)"
"(2024000651, 10834)","('2024-06-11T20:31:30.450000Z', '2024-06-11T20:31:30.520000Z')",P,CSO,"(1.0, 0.43023506)"
"(2024000651, 10680)","('2024-06-11T20:31:31.100000Z', '2024-06-11T20:31:31.140000Z')",P,AGOR,"(1.0, 0.7555856)"
"(2024000651, 10931)","('2024-06-11T20:31:31.270000Z', '2024-06-11T20:31:31.310000Z')",P,VARN,"(1.0, 0.8438753)"
"(2024000651, 10821)","('2024-06-11T20:31:31.590000Z', '2024-06-11T20:31:31.640000Z')",P,CIMO,"(1.0, 0.83950436)"
"(2024000651, 10788)","('2024-06-11T20:31:31.730000Z', '2024-06-11T20:31:31.690000Z')",P,CAE,"(1.0, 0.6770817)"
"(2024000651, 10699)","('2024-06-11T20:31:31.960000Z', '2024-06-11T20:31:32.040000Z')",S,APGO,"(1.0, 0.678346)"
"(2024000651, 10835)","('2024-06-11T20:31:32.610000Z', '2024-06-11T20:31:32.660000Z')",S,CSO,"(1.0, 0.6228007)"
"(2024000651, 10588)","('2024-06-11T20:31:32.620000Z', '2024-06-11T20:31:32.290000Z')",P,POLC,"(1.0, 0.42433444)"
"(2024000651, 10681)","('2024-06-11T20:31:33.870000Z', '2024-06-11T20:31:34.150000Z')",S,AGOR,"(1.0, 0.7161266)"
"(2024000651, 10932)","('2024-06-11T20:31:34.240000Z', '2024-06-11T20:31:34.180000Z')",S,VARN,"(1.0, 0.67838037)"
"(2024000651, 10913)","('2024-06-11T20:31:34.730000Z', '2024-06-11T20:31:34.750000Z')",P,MTLO,"(1.0, 0.12297695)"
"(2024000651, 10822)","('2024-06-11T20:31:34.840000Z', '2024-06-11T20:31:34.840000Z')",S,CIMO,"(1.0, 0.7969995)"
"(2024000651, 10789)","('2024-06-11T20:31:35.300000Z', '2024-06-11T20:31:35.170000Z')",S,CAE,"(1.0, 0.35808456)"
"(2024000651, 10589)","('2024-06-11T20:31:36.820000Z', '2024-06-11T20:31:36.900000Z')",S,POLC,"(1.0, 0.40303913)"
"(2024000652, 12261)","('2024-06-13T00:05:49.820000Z', '2024-06-13T00:05:49.830000Z')",P,BAD,"(1.0, 0.8250522)"
"(2024000652, 12776)","('2024-06-13T00:05:50.540000Z', '2024-06-13T00:05:50.860000Z')",P,GEPF,"(1.0, 0.27687395)"
"(2024000652, 12434)","('2024-06-13T00:05:50.910000Z', '2024-06-13T00:05:50.980000Z')",P,COLI,"(1.0, 0.76326156)"
"(2024000652, 12395)","('2024-06-13T00:05:51.240000Z', '2024-06-13T00:05:51.260000Z')",P,BOO,"(1.0, 0.73240185)"
"(2024000652, 12262)","('2024-06-13T00:05:51.420000Z', '2024-06-13T00:05:51.470000Z')",S,BAD,"(1.0, 0.82057977)"
"(2024000652, 12435)","('2024-06-13T00:05:53.580000Z', '2024-06-13T00:05:53.550000Z')",S,COLI,"(1.0, 0.7636898)"
"(2024000652, 12396)","('2024-06-13T00:05:54.200000Z', '2024-06-13T00:05:54.250000Z')",S,BOO,"(1.0, 0.7701158)"
"(2024000653, 11843)","('2024-06-13T13:52:24.370000Z', '2024-06-13T13:52:24.380000Z')",P,MAGA,"(1.0, 0.873875)"
"(2024000653, 12365)","('2024-06-13T13:52:24.870000Z', '2024-06-13T13:52:24.740000Z')",P,BALD,"(1.0, 0.5063566)"
"(2024000653, 13992)","('2024-06-13T13:52:26.930000Z', '2024-06-13T13:52:26.970000Z')",P,VARA,"(1.0, 0.7293163)"
"(2024000653, 11844)","('2024-06-13T13:52:26.960000Z', '2024-06-13T13:52:26.980000Z')",S,MAGA,"(1.0, 0.70923865)"
"(2024000653, 12366)","('2024-06-13T13:52:27.430000Z', '2024-06-13T13:52:27.480000Z')",S,BALD,"(1.0, 0.74367726)"
"(2024000653, 13984)","('2024-06-13T13:52:28.440000Z', '2024-06-13T13:52:28.490000Z')",P,RONC,"(1.0, 0.5674462)"
"(2024000653, 13501)","('2024-06-13T13:52:29.380000Z', '2024-06-13T13:52:29.410000Z')",P,LUSI,"(1.0, 0.3478065)"
"(2024000653, 13949)","('2024-06-13T13:52:30.340000Z', '2024-06-13T13:52:30.320000Z')",P,DOSS,"(1.0, 0.486073)"
"(2024000653, 13993)","('2024-06-13T13:52:31.770000Z', '2024-06-13T13:52:31.820000Z')",S,VARA,"(1.0, 0.4916014)"
"(2024000653, 13985)","('2024-06-13T13:52:33.690000Z', '2024-06-13T13:52:33.950000Z')",S,RONC,"(1.0, 0.5821501)"
"(2024000653, 13502)","('2024-06-13T13:52:35.480000Z', '2024-06-13T13:52:35.860000Z')",S,LUSI,"(1.0, 0.32499006)"
"(2024000654, 11845)","('2024-06-13T13:54:59.960000Z', '2024-06-13T13:55:00.050000Z')",P,MAGA,"(1.0, 0.8980804)"
"(2024000654, 12367)","('2024-06-13T13:55:00.490000Z', '2024-06-13T13:55:00.610000Z')",P,BALD,"(1.0, 0.5081766)"
"(2024000654, 13994)","('2024-06-13T13:55:02.470000Z', '2024-06-13T13:55:02.670000Z')",P,VARA,"(1.0, 0.65915096)"
"(2024000654, 11846)","('2024-06-13T13:55:02.640000Z', '2024-06-13T13:55:02.590000Z')",S,MAGA,"(1.0, 0.77097714)"
"(2024000654, 12368)","('2024-06-13T13:55:02.980000Z', '2024-06-13T13:55:03.100000Z')",S,BALD,"(1.0, 0.79085815)"
"(2024000654, 12570)","('2024-06-13T13:55:03.320000Z', '2024-06-13T13:55:03.440000Z')",S,TRES,"(1.0, 0.15810275)"
"(2024000654, 13986)","('2024-06-13T13:55:04.090000Z', '2024-06-13T13:55:03.970000Z')",P,RONC,"(1.0, 0.25575858)"
"(2024000654, 12494)","('2024-06-13T13:55:04.960000Z', '2024-06-13T13:55:05.000000Z')",P,MARN,"(1.0, 0.77574134)"
"(2024000654, 13503)","('2024-06-13T13:55:04.980000Z', '2024-06-13T13:55:05.000000Z')",P,LUSI,"(1.0, 0.6649714)"
"(2024000654, 13951)","('2024-06-13T13:55:05.970000Z', '2024-06-13T13:55:06.000000Z')",P,DOSS,"(1.0, 0.79429495)"
"(2024000654, 13995)","('2024-06-13T13:55:07.400000Z', '2024-06-13T13:55:07.420000Z')",S,VARA,"(1.0, 0.59002835)"
"(2024000654, 13987)","('2024-06-13T13:55:09.460000Z', '2024-06-13T13:55:09.460000Z')",S,RONC,"(1.0, 0.5638135)"
"(2024000654, 13504)","('2024-06-13T13:55:11.070000Z', '2024-06-13T13:55:11.130000Z')",S,LUSI,"(1.0, 0.46950078)"
"(2024000655, 13939)","('2024-06-13T22:51:32.840000Z', '2024-06-13T22:51:32.820000Z')",P,VOJS,"(1.0, 0.74202985)"
"(2024000655, 13731)","('2024-06-13T22:51:32.900000Z', '2024-06-13T22:51:32.900000Z')",P,GBAS,"(1.0, 0.7347791)"
"(2024000655, 13778)","('2024-06-13T22:51:33.390000Z', '2024-06-13T22:51:33.410000Z')",P,LJU,"(1.0, 0.6028301)"
"(2024000655, 13752)","('2024-06-13T22:51:33.650000Z', '2024-06-13T22:51:33.670000Z')",P,GORS,"(1.0, 0.7386612)"
"(2024000655, 13786)","('2024-06-13T22:51:34.410000Z', '2024-06-13T22:51:34.440000Z')",P,MOZS,"(1.0, 0.88214695)"
"(2024000655, 13516)","('2024-06-13T22:51:34.900000Z', '2024-06-13T22:51:35.000000Z')",P,CADS,"(1.0, 0.9083938)"
"(2024000655, 13689)","('2024-06-13T22:51:35.530000Z', '2024-06-13T22:51:35.520000Z')",P,CEY,"(1.0, 0.30597702)"
"(2024000655, 12446)","('2024-06-13T22:51:35.650000Z', '2024-06-13T22:51:35.630000Z')",P,DRE,"(1.0, 0.72819555)"
"(2024000655, 13921)","('2024-06-13T22:51:35.700000Z', '2024-06-13T22:51:35.860000Z')",P,VNDS,"(1.0, 0.23547718)"
"(2024000655, 13940)","('2024-06-13T22:51:36.280000Z', '2024-06-13T22:51:36.360000Z')",S,VOJS,"(1.0, 0.64293706)"
"(2024000655, 12558)","('2024-06-13T22:51:36.310000Z', '2024-06-13T22:51:36.160000Z')",P,SABO,"(1.0, 0.60834384)"
"(2024000655, 13732)","('2024-06-13T22:51:36.410000Z', '2024-06-13T22:51:36.280000Z')",S,GBAS,"(1.0, 0.4886046)"
"(2024000655, 13779)","('2024-06-13T22:51:37.240000Z', '2024-06-13T22:51:37.260000Z')",S,LJU,"(1.0, 0.7833483)"
"(2024000655, 13753)","('2024-06-13T22:51:37.720000Z', '2024-06-13T22:51:37.790000Z')",S,GORS,"(1.0, 0.5725951)"
"(2024000655, 13876)","('2024-06-13T22:51:38.280000Z', '2024-06-13T22:51:38.250000Z')",P,SKDS,"(1.0, 0.7871535)"
"(2024000655, 13770)","('2024-06-13T22:51:39.040000Z', '2024-06-13T22:51:39.010000Z')",P,KNDS,"(1.0, 0.74454445)"
"(2024000655, 13517)","('2024-06-13T22:51:40.270000Z', '2024-06-13T22:51:40.250000Z')",S,CADS,"(1.0, 0.63529277)"
"(2024000655, 13922)","('2024-06-13T22:51:40.590000Z', '2024-06-13T22:51:40.620000Z')",S,VNDS,"(1.0, 0.58046836)"
"(2024000655, 13690)","('2024-06-13T22:51:41.720000Z', '2024-06-13T22:51:41.770000Z')",S,CEY,"(1.0, 0.58861476)"
"(2024000655, 12559)","('2024-06-13T22:51:42.520000Z', '2024-06-13T22:51:42.560000Z')",S,SABO,"(1.0, 0.5249933)"
"(2024000655, 13877)","('2024-06-13T22:51:47.290000Z', '2024-06-13T22:51:47.280000Z')",S,SKDS,"(1.0, 0.5301393)"
"(2024000656, 14463)","('2024-06-14T07:53:33.340000Z', '2024-06-14T07:53:33.330000Z')",P,VARA,"(1.0, 0.8292109)"
"(2024000656, 13876)","('2024-06-14T07:53:33.740000Z', '2024-06-14T07:53:33.750000Z')",P,LUSI,"(1.0, 0.8466242)"
"(2024000656, 14436)","('2024-06-14T07:53:34.200000Z', '2024-06-14T07:53:34.200000Z')",P,DOSS,"(1.0, 0.86401194)"
"(2024000656, 14464)","('2024-06-14T07:53:35.260000Z', '2024-06-14T07:53:35.280000Z')",S,VARA,"(1.0, 0.7741922)"
"(2024000656, 14444)","('2024-06-14T07:53:35.720000Z', '2024-06-14T07:53:35.730000Z')",P,GAGG,"(1.0, 0.86870146)"
"(2024000656, 13877)","('2024-06-14T07:53:36.040000Z', '2024-06-14T07:53:36.030000Z')",S,LUSI,"(1.0, 0.8356606)"
"(2024000656, 14461)","('2024-06-14T07:53:36.440000Z', '2024-06-14T07:53:36.520000Z')",P,RONC,"(1.0, 0.2867652)"
"(2024000656, 14455)","('2024-06-14T07:53:37.010000Z', '2024-06-14T07:53:37.020000Z')",P,PANI,"(1.0, 0.88984346)"
"(2024000656, 14445)","('2024-06-14T07:53:39.430000Z', '2024-06-14T07:53:39.430000Z')",S,GAGG,"(1.0, 0.79776067)"
"(2024000657, 743)","('2024-06-14T13:51:23.840000Z', '2024-06-14T13:51:23.860000Z')",P,ED06,"(1.0, 0.74593544)"
"(2024000657, 12643)","('2024-06-14T13:51:24.800000Z', '2024-06-14T13:51:24.860000Z')",P,CAE,"(1.0, 0.7312049)"
"(2024000657, 12878)","('2024-06-14T13:51:25.370000Z', '2024-06-14T13:51:25.440000Z')",P,VARN,"(1.0, 0.43873665)"
"(2024000657, 12851)","('2024-06-14T13:51:25.660000Z', '2024-06-14T13:51:25.660000Z')",P,MTLO,"(1.0, 0.25629103)"
"(2024000657, 12331)","('2024-06-14T13:51:25.860000Z', '2024-06-14T13:51:25.900000Z')",P,POLC,"(1.0, 0.7688304)"
"(2024000657, 12411)","('2024-06-14T13:51:26.760000Z', '2024-06-14T13:51:26.710000Z')",P,APGO,"(1.0, 0.7930297)"
"(2024000657, 12838)","('2024-06-14T13:51:28.290000Z', '2024-06-14T13:51:28.270000Z')",P,MLN,"(1.0, 0.5021816)"
"(2024000657, 12696)","('2024-06-14T13:51:28.450000Z', '2024-06-14T13:51:28.440000Z')",P,CSO,"(1.0, 0.7561756)"
"(2024000657, 12667)","('2024-06-14T13:51:29.090000Z', '2024-06-14T13:51:29.080000Z')",P,CIMO,"(1.0, 0.81002474)"
"(2024000657, 12852)","('2024-06-14T13:51:29.180000Z', '2024-06-14T13:51:29.250000Z')",S,MTLO,"(1.0, 0.38011238)"
"(2024000657, 12332)","('2024-06-14T13:51:29.700000Z', '2024-06-14T13:51:29.770000Z')",S,POLC,"(1.0, 0.60036194)"
"(2024000657, 12412)","('2024-06-14T13:51:31.390000Z', '2024-06-14T13:51:31.400000Z')",S,APGO,"(1.0, 0.68300635)"
"(2024000658, 12350)","('2024-06-14T14:34:06.970000Z', '2024-06-14T14:34:06.990000Z')",P,PURA,"(1.0, 0.91516536)"
"(2024000658, 12351)","('2024-06-14T14:34:07.660000Z', '2024-06-14T14:34:07.640000Z')",S,PURA,"(1.0, 0.8933111)"
"(2024000658, 12678)","('2024-06-14T14:34:07.810000Z', '2024-06-14T14:34:07.780000Z')",P,CLUD,"(1.0, 0.8580697)"
"(2024000658, 12694)","('2024-06-14T14:34:08.620000Z', '2024-06-14T14:34:08.600000Z')",P,CSM,"(1.0, 0.82779735)"
"(2024000658, 12712)","('2024-06-14T14:34:09.240000Z', '2024-06-14T14:34:09.100000Z')",P,FUSE,"(1.0, 0.75700057)"
"(2024000658, 12277)","('2024-06-14T14:34:09.430000Z', '2024-06-14T14:34:09.330000Z')",P,STAL,"(1.0, 0.7325685)"
"(2024000658, 12695)","('2024-06-14T14:34:10.740000Z', '2024-06-14T14:34:10.710000Z')",S,CSM,"(1.0, 0.82618576)"
"(2024000658, 12713)","('2024-06-14T14:34:11.660000Z', '2024-06-14T14:34:11.710000Z')",S,FUSE,"(1.0, 0.7657234)"
"(2024000658, 12278)","('2024-06-14T14:34:12.580000Z', '2024-06-14T14:34:12.500000Z')",S,STAL,"(1.0, 0.5258066)"
"(2024000659, 16481)","('2024-06-15T02:45:35.130000Z', '2024-06-15T02:45:35.160000Z')",P,BOO,"(1.0, 0.86187935)"
"(2024000659, 17029)","('2024-06-15T02:45:35.180000Z', '2024-06-15T02:45:35.200000Z')",P,GEPF,"(1.0, 0.88616085)"
"(2024000659, 16192)","('2024-06-15T02:45:35.190000Z', '2024-06-15T02:45:35.200000Z')",P,BAD,"(1.0, 0.88404405)"
"(2024000659, 16501)","('2024-06-15T02:45:35.840000Z', '2024-06-15T02:45:35.780000Z')",P,BUA,"(1.0, 0.7922301)"
"(2024000659, 18467)","('2024-06-15T02:45:36.010000Z', '2024-06-15T02:45:36.000000Z')",P,ROBS,"(1.0, 0.9286861)"
"(2024000659, 16652)","('2024-06-15T02:45:36.450000Z', '2024-06-15T02:45:36.480000Z')",P,FUSE,"(1.0, 0.6711061)"
"(2024000659, 16743)","('2024-06-15T02:45:36.700000Z', '2024-06-15T02:45:36.740000Z')",P,MPRI,"(1.0, 0.7708796)"
"(2024000659, 16774)","('2024-06-15T02:45:36.730000Z', '2024-06-15T02:45:36.740000Z')",P,PRED,"(1.0, 0.83731604)"
"(2024000659, 16621)","('2024-06-15T02:45:36.820000Z', '2024-06-15T02:45:37.000000Z')",P,COLI,"(1.0, 0.9087459)"
"(2024000659, 16676)","('2024-06-15T02:45:36.860000Z', '2024-06-15T02:45:37.000000Z')",P,LSR,"(1.0, 0.9038443)"
"(2024000659, 16763)","('2024-06-15T02:45:36.890000Z', '2024-06-15T02:45:37.000000Z')",P,PLRO,"(1.0, 0.9179256)"
"(2024000659, 16089)","('2024-06-15T02:45:37.600000Z', '2024-06-15T02:45:37.610000Z')",P,ACOM,"(1.0, 0.7269722)"
"(2024000659, 16482)","('2024-06-15T02:45:37.680000Z', '2024-06-15T02:45:37.680000Z')",S,BOO,"(1.0, 0.82007664)"
"(2024000659, 16193)","('2024-06-15T02:45:37.780000Z', '2024-06-15T02:45:37.730000Z')",S,BAD,"(1.0, 0.7696308)"
"(2024000659, 17030)","('2024-06-15T02:45:37.890000Z', '2024-06-15T02:45:37.870000Z')",S,GEPF,"(1.0, 0.7793271)"
"(2024000659, 16639)","('2024-06-15T02:45:37.920000Z', '2024-06-15T02:45:37.990000Z')",P,DRE,"(1.0, 0.91818774)"
"(2024000659, 16606)","('2024-06-15T02:45:37.930000Z', '2024-06-15T02:45:38.000000Z')",P,CLUD,"(1.0, 0.8553847)"
"(2024000659, 16866)","('2024-06-15T02:45:38.180000Z', '2024-06-15T02:45:38.200000Z')",P,ZOU,"(1.0, 0.8203759)"
"(2024000659, 17753)","('2024-06-15T02:45:38.280000Z', '2024-06-15T02:45:37.990000Z')",P,CADS,"(1.0, 0.79129934)"
"(2024000659, 15984)","('2024-06-15T02:45:39.240000Z', '2024-06-15T02:45:39.000000Z')",P,PURA,"(1.0, 0.8950903)"
"(2024000659, 18468)","('2024-06-15T02:45:39.320000Z', '2024-06-15T02:45:39.290000Z')",S,ROBS,"(1.0, 0.7520374)"
"(2024000659, 16066)","('2024-06-15T02:45:39.740000Z', '2024-06-15T02:45:39.700000Z')",P,MYKA,"(1.0, 0.74995893)"
"(2024000659, 16654)","('2024-06-15T02:45:40.160000Z', '2024-06-15T02:45:40.200000Z')",S,FUSE,"(1.0, 0.5495318)"
"(2024000659, 16775)","('2024-06-15T02:45:40.600000Z', '2024-06-15T02:45:40.560000Z')",S,PRED,"(1.0, 0.8219226)"
"(2024000659, 16677)","('2024-06-15T02:45:40.700000Z', '2024-06-15T02:45:40.740000Z')",S,LSR,"(1.0, 0.7725092)"
"(2024000659, 16764)","('2024-06-15T02:45:40.770000Z', '2024-06-15T02:45:40.880000Z')",S,PLRO,"(1.0, 0.6832691)"
"(2024000659, 16090)","('2024-06-15T02:45:41.970000Z', '2024-06-15T02:45:41.980000Z')",S,ACOM,"(1.0, 0.6709573)"
"(2024000659, 16867)","('2024-06-15T02:45:42.970000Z', '2024-06-15T02:45:42.890000Z')",S,ZOU,"(1.0, 0.5672352)"
"(2024000659, 17754)","('2024-06-15T02:45:43.930000Z', '2024-06-15T02:45:43.920000Z')",S,CADS,"(1.0, 0.50110966)"
"(2024000659, 16067)","('2024-06-15T02:45:45.230000Z', '2024-06-15T02:45:45.290000Z')",S,MYKA,"(1.0, 0.633374)"
"(2024000660, 18575)","('2024-06-15T12:48:36.930000Z', '2024-06-15T12:48:37.000000Z')",P,DOSS,"(1.0, 0.91919494)"
"(2024000660, 16695)","('2024-06-15T12:48:37.310000Z', '2024-06-15T12:48:37.330000Z')",P,MARN,"(1.0, 0.87533104)"
"(2024000660, 18576)","('2024-06-15T12:48:38.830000Z', '2024-06-15T12:48:38.900000Z')",S,DOSS,"(1.0, 0.7333539)"
"(2024000660, 18620)","('2024-06-15T12:48:39.110000Z', '2024-06-15T12:48:39.000000Z')",P,VARA,"(1.0, 0.8971111)"
"(2024000660, 16524)","('2024-06-15T12:48:39.180000Z', '2024-06-15T12:48:38.990000Z')",P,CEKR,"(1.0, 0.8970204)"
"(2024000660, 17737)","('2024-06-15T12:48:39.470000Z', '2024-06-15T12:48:39.460000Z')",P,LUSI,"(1.0, 0.6064114)"
"(2024000660, 16696)","('2024-06-15T12:48:39.480000Z', '2024-06-15T12:48:39.530000Z')",S,MARN,"(1.0, 0.7568755)"
"(2024000660, 18603)","('2024-06-15T12:48:39.950000Z', '2024-06-15T12:48:39.990000Z')",P,PANI,"(1.0, 0.9119422)"
"(2024000660, 16346)","('2024-06-15T12:48:40.330000Z', '2024-06-15T12:48:40.060000Z')",P,BALD,"(1.0, 0.43048888)"
"(2024000660, 18590)","('2024-06-15T12:48:41.190000Z', '2024-06-15T12:48:41.250000Z')",P,GAGG,"(1.0, 0.62685525)"
"(2024000660, 15507)","('2024-06-15T12:48:41.810000Z', '2024-06-15T12:48:41.870000Z')",P,CTI,"(1.0, 0.78201556)"
"(2024000660, 16720)","('2024-06-15T12:48:42.130000Z', '2024-06-15T12:48:42.040000Z')",P,MGBU,"(1.0, 0.652202)"
"(2024000660, 15584)","('2024-06-15T12:48:42.160000Z', '2024-06-15T12:48:42.080000Z')",P,MAGA,"(1.0, 0.7038035)"
"(2024000660, 18621)","('2024-06-15T12:48:42.450000Z', '2024-06-15T12:48:42.460000Z')",S,VARA,"(1.0, 0.564543)"
"(2024000660, 16525)","('2024-06-15T12:48:42.490000Z', '2024-06-15T12:48:42.520000Z')",S,CEKR,"(1.0, 0.64149374)"
"(2024000660, 18613)","('2024-06-15T12:48:43.120000Z', '2024-06-15T12:48:43.060000Z')",P,RONC,"(1.0, 0.7417848)"
"(2024000660, 17738)","('2024-06-15T12:48:43.210000Z', '2024-06-15T12:48:43.180000Z')",S,LUSI,"(1.0, 0.5140231)"
"(2024000660, 18604)","('2024-06-15T12:48:43.900000Z', '2024-06-15T12:48:43.860000Z')",S,PANI,"(1.0, 0.59195036)"
"(2024000660, 16347)","('2024-06-15T12:48:44.400000Z', '2024-06-15T12:48:44.360000Z')",S,BALD,"(1.0, 0.54551435)"
"(2024000660, 16662)","('2024-06-15T12:48:44.600000Z', '2024-06-15T12:48:45.020000Z')",P,GAVI,"(1.0, 0.5677309)"
"(2024000660, 15573)","('2024-06-15T12:48:44.700000Z', '2024-06-15T12:48:44.670000Z')",P,MABI,"(1.0, 0.44239566)"
"(2024000660, 18634)","('2024-06-15T12:48:44.810000Z', '2024-06-15T12:48:44.830000Z')",P,ZIAN,"(1.0, 0.8503559)"
"(2024000660, 16836)","('2024-06-15T12:48:45.490000Z', '2024-06-15T12:48:45.500000Z')",P,TRES,"(1.0, 0.22480544)"
"(2024000660, 18591)","('2024-06-15T12:48:46.210000Z', '2024-06-15T12:48:46.360000Z')",S,GAGG,"(1.0, 0.23392305)"
"(2024000660, 16844)","('2024-06-15T12:48:46.280000Z', '2024-06-15T12:48:46.190000Z')",P,VARN,"(1.0, 0.6425225)"
"(2024000660, 18597)","('2024-06-15T12:48:46.280000Z', '2024-06-15T12:48:46.340000Z')",P,OZOL,"(1.0, 0.6562278)"
"(2024000660, 16756)","('2024-06-15T12:48:46.490000Z', '2024-06-15T12:48:46.480000Z')",P,MTLO,"(1.0, 0.715221)"
"(2024000660, 15508)","('2024-06-15T12:48:47.010000Z', '2024-06-15T12:48:47.090000Z')",S,CTI,"(1.0, 0.59411675)"
"(2024000660, 17732)","('2024-06-15T12:48:47.400000Z', '2024-06-15T12:48:47.450000Z')",P,KOSI,"(1.0, 0.81965595)"
"(2024000660, 15456)","('2024-06-15T12:48:47.470000Z', '2024-06-15T12:48:47.480000Z')",P,APPI,"(1.0, 0.75653)"
"(2024000660, 16669)","('2024-06-15T12:48:47.750000Z', '2024-06-15T12:48:47.930000Z')",P,GAZZ,"(1.0, 0.7009061)"
"(2024000660, 799)","('2024-06-15T12:48:47.840000Z', '2024-06-15T12:48:47.720000Z')",P,ED06,"(1.0, 0.44341296)"
"(2024000660, 17727)","('2024-06-15T12:48:48.260000Z', '2024-06-15T12:48:48.260000Z')",P,BOSI,"(1.0, 0.24230206)"
"(2024000660, 18571)","('2024-06-15T12:48:48.450000Z', '2024-06-15T12:48:48.450000Z')",P,CARE,"(1.0, 0.7738373)"
"(2024000660, 16140)","('2024-06-15T12:48:49.000000Z', '2024-06-15T12:48:49.000000Z')",P,AGOR,"(1.0, 0.89977545)"
"(2024000660, 18614)","('2024-06-15T12:48:49.990000Z', '2024-06-15T12:48:50.340000Z')",S,RONC,"(1.0, 0.2756043)"
"(2024000660, 16506)","('2024-06-15T12:48:50.650000Z', '2024-06-15T12:48:50.610000Z')",P,CAE,"(1.0, 0.437395)"
"(2024000660, 16166)","('2024-06-15T12:48:50.950000Z', '2024-06-15T12:48:50.950000Z')",P,APGO,"(1.0, 0.38105085)"
"(2024000660, 15484)","('2024-06-15T12:48:51.510000Z', '2024-06-15T12:48:51.440000Z')",P,BRMO,"(1.0, 0.6218156)"
"(2024000661, 18108)","('2024-06-15T18:40:20.230000Z', '2024-06-15T18:40:20.190000Z')",P,CEY,"(1.0, 0.75469756)"
"(2024000661, 18501)","('2024-06-15T18:40:20.400000Z', '2024-06-15T18:40:20.400000Z')",P,SKDS,"(1.0, 0.8371532)"
"(2024000661, 15966)","('2024-06-15T18:40:20.870000Z', '2024-06-15T18:40:20.890000Z')",P,DST2,"(1.0, 0.4615439)"
"(2024000661, 15953)","('2024-06-15T18:40:20.990000Z', '2024-06-15T18:40:21.010000Z')",P,TRI,"(1.0, 0.7691164)"
"(2024000661, 18386)","('2024-06-15T18:40:21.480000Z', '2024-06-15T18:40:21.480000Z')",P,KNDS,"(1.0, 0.7343426)"
"(2024000661, 18311)","('2024-06-15T18:40:21.720000Z', '2024-06-15T18:40:21.500000Z')",P,GBAS,"(1.0, 0.5436061)"
"(2024000661, 18567)","('2024-06-15T18:40:22.340000Z', '2024-06-15T18:40:22.370000Z')",P,VOJS,"(1.0, 0.82394624)"
"(2024000661, 18109)","('2024-06-15T18:40:24.040000Z', '2024-06-15T18:40:23.910000Z')",S,CEY,"(1.0, 0.30257162)"
"(2024000661, 18502)","('2024-06-15T18:40:24.100000Z', '2024-06-15T18:40:24.120000Z')",S,SKDS,"(1.0, 0.69631237)"
"(2024000661, 18398)","('2024-06-15T18:40:24.170000Z', '2024-06-15T18:40:24.150000Z')",P,LJU,"(1.0, 0.2938064)"
"(2024000661, 16797)","('2024-06-15T18:40:24.480000Z', '2024-06-15T18:40:24.320000Z')",P,SABO,"(1.0, 0.44777653)"
"(2024000661, 15967)","('2024-06-15T18:40:25.100000Z', '2024-06-15T18:40:25.080000Z')",S,DST2,"(1.0, 0.3264031)"
"(2024000661, 15954)","('2024-06-15T18:40:25.260000Z', '2024-06-15T18:40:25.270000Z')",S,TRI,"(1.0, 0.62818736)"
"(2024000661, 18312)","('2024-06-15T18:40:26.060000Z', '2024-06-15T18:40:26.020000Z')",S,GBAS,"(1.0, 0.57198536)"
"(2024000661, 18387)","('2024-06-15T18:40:26.280000Z', '2024-06-15T18:40:26.310000Z')",S,KNDS,"(1.0, 0.680986)"
"(2024000661, 16650)","('2024-06-15T18:40:26.360000Z', '2024-06-15T18:40:25.890000Z')",P,DRE,"(1.0, 0.29033202)"
"(2024000661, 17771)","('2024-06-15T18:40:26.370000Z', '2024-06-15T18:40:26.250000Z')",P,CADS,"(1.0, 0.48011523)"
"(2024000661, 18413)","('2024-06-15T18:40:27.450000Z', '2024-06-15T18:40:27.480000Z')",P,MOZS,"(1.0, 0.70082605)"
"(2024000661, 18568)","('2024-06-15T18:40:27.640000Z', '2024-06-15T18:40:27.570000Z')",S,VOJS,"(1.0, 0.7081972)"
"(2024000661, 18399)","('2024-06-15T18:40:30.050000Z', '2024-06-15T18:40:30.020000Z')",S,LJU,"(1.0, 0.5059475)"
"(2024000661, 16798)","('2024-06-15T18:40:30.460000Z', '2024-06-15T18:40:30.460000Z')",S,SABO,"(1.0, 0.5656324)"
"(2024000661, 16651)","('2024-06-15T18:40:34.120000Z', '2024-06-15T18:40:34.020000Z')",S,DRE,"(1.0, 0.41636625)"
"(2024000662, 18624)","('2024-06-15T19:53:23.350000Z', '2024-06-15T19:53:23.370000Z')",P,VARA,"(1.0, 0.8862337)"
"(2024000662, 16699)","('2024-06-15T19:53:23.610000Z', '2024-06-15T19:53:23.660000Z')",P,MARN,"(1.0, 0.88289976)"
"(2024000662, 18581)","('2024-06-15T19:53:24.100000Z', '2024-06-15T19:53:24.080000Z')",P,DOSS,"(1.0, 0.82424057)"
"(2024000662, 17743)","('2024-06-15T19:53:24.860000Z', '2024-06-15T19:53:24.900000Z')",P,LUSI,"(1.0, 0.8298249)"
"(2024000662, 18625)","('2024-06-15T19:53:25.440000Z', '2024-06-15T19:53:25.440000Z')",S,VARA,"(1.0, 0.8202586)"
"(2024000662, 16700)","('2024-06-15T19:53:25.970000Z', '2024-06-15T19:53:25.930000Z')",S,MARN,"(1.0, 0.7442157)"
"(2024000662, 18582)","('2024-06-15T19:53:26.800000Z', '2024-06-15T19:53:26.800000Z')",S,DOSS,"(1.0, 0.81783164)"
"(2024000662, 18594)","('2024-06-15T19:53:27.070000Z', '2024-06-15T19:53:27.110000Z')",P,GAGG,"(1.0, 0.66805714)"
"(2024000662, 17744)","('2024-06-15T19:53:28.250000Z', '2024-06-15T19:53:28.220000Z')",S,LUSI,"(1.0, 0.78298277)"
"(2024000663, 16529)","('2024-06-15T23:07:23.950000Z', '2024-06-15T23:07:23.960000Z')",P,CEKR,"(1.0, 0.80415154)"
"(2024000663, 16701)","('2024-06-15T23:07:24.860000Z', '2024-06-15T23:07:24.860000Z')",P,MARN,"(1.0, 0.8538178)"
"(2024000663, 18587)","('2024-06-15T23:07:25.210000Z', '2024-06-15T23:07:25.230000Z')",P,DOSS,"(1.0, 0.8283361)"
"(2024000663, 16530)","('2024-06-15T23:07:26.490000Z', '2024-06-15T23:07:26.600000Z')",S,CEKR,"(1.0, 0.6531848)"
"(2024000663, 18611)","('2024-06-15T23:07:26.630000Z', '2024-06-15T23:07:26.650000Z')",P,PANI,"(1.0, 0.66107273)"
"(2024000663, 16702)","('2024-06-15T23:07:28.130000Z', '2024-06-15T23:07:28.220000Z')",S,MARN,"(1.0, 0.81055474)"
"(2024000663, 18588)","('2024-06-15T23:07:28.710000Z', '2024-06-15T23:07:28.810000Z')",S,DOSS,"(1.0, 0.7224754)"
"(2024000663, 18612)","('2024-06-15T23:07:30.990000Z', '2024-06-15T23:07:30.990000Z')",S,PANI,"(1.0, 0.5741532)"
"(2024000664, 15982)","('2024-06-16T03:10:57.780000Z', '2024-06-16T03:10:57.810000Z')",P,MABI,"(1.0, 0.83400315)"
"(2024000664, 17952)","('2024-06-16T03:10:58.650000Z', '2024-06-16T03:10:58.670000Z')",P,CARE,"(1.0, 0.84141093)"
"(2024000664, 15983)","('2024-06-16T03:11:00.650000Z', '2024-06-16T03:11:00.690000Z')",S,MABI,"(1.0, 0.8310006)"
"(2024000664, 17965)","('2024-06-16T03:11:01.520000Z', '2024-06-16T03:11:01.540000Z')",P,GAGG,"(1.0, 0.76288676)"
"(2024000664, 17953)","('2024-06-16T03:11:01.980000Z', '2024-06-16T03:11:02.020000Z')",S,CARE,"(1.0, 0.8013578)"
"(2024000664, 17974)","('2024-06-16T03:11:02.350000Z', '2024-06-16T03:11:02.360000Z')",P,OZOL,"(1.0, 0.73127437)"
"(2024000664, 17966)","('2024-06-16T03:11:07.240000Z', '2024-06-16T03:11:07.400000Z')",S,GAGG,"(1.0, 0.736124)"
"(2024000664, 17975)","('2024-06-16T03:11:08.750000Z', '2024-06-16T03:11:08.740000Z')",S,OZOL,"(1.0, 0.51286596)"
"(2024000665, 15918)","('2024-06-16T04:14:09.350000Z', '2024-06-16T04:14:09.370000Z')",P,BRMO,"(1.0, 0.8367516)"
"(2024000665, 15919)","('2024-06-16T04:14:10.510000Z', '2024-06-16T04:14:10.540000Z')",S,BRMO,"(1.0, 0.87288064)"
"(2024000665, 17954)","('2024-06-16T04:14:12.910000Z', '2024-06-16T04:14:12.950000Z')",P,CARE,"(1.0, 0.8193772)"
"(2024000666, 16439)","('2024-06-16T04:15:15.780000Z', '2024-06-16T04:15:15.770000Z')",P,CLUD,"(1.0, 0.8974697)"
"(2024000666, 16463)","('2024-06-16T04:15:15.800000Z', '2024-06-16T04:15:15.780000Z')",P,FUSE,"(1.0, 0.88275915)"
"(2024000666, 16440)","('2024-06-16T04:15:16.780000Z', '2024-06-16T04:15:16.820000Z')",S,CLUD,"(1.0, 0.8452684)"
"(2024000666, 16464)","('2024-06-16T04:15:16.830000Z', '2024-06-16T04:15:16.840000Z')",S,FUSE,"(1.0, 0.85459846)"
"(2024000666, 16189)","('2024-06-16T04:15:17.190000Z', '2024-06-16T04:15:17.140000Z')",P,PURA,"(1.0, 0.5937549)"
"(2024000666, 16420)","('2024-06-16T04:15:17.390000Z', '2024-06-16T04:15:17.330000Z')",P,BOO,"(1.0, 0.12847553)"
"(2024000667, 12893)","('2024-06-17T08:28:53.670000Z', '2024-06-17T08:28:53.690000Z')",P,FUSE,"(1.0, 0.8822585)"
"(2024000667, 12881)","('2024-06-17T08:28:53.750000Z', '2024-06-17T08:28:53.760000Z')",P,CLUD,"(1.0, 0.9018782)"
"(2024000667, 12690)","('2024-06-17T08:28:55.030000Z', '2024-06-17T08:28:55.070000Z')",P,PURA,"(1.0, 0.6153657)"
"(2024000667, 13008)","('2024-06-17T08:28:55.170000Z', '2024-06-17T08:28:55.180000Z')",P,ZOU,"(1.0, 0.8531174)"
"(2024000667, 12894)","('2024-06-17T08:28:55.320000Z', '2024-06-17T08:28:55.320000Z')",S,FUSE,"(1.0, 0.8586836)"
"(2024000667, 12882)","('2024-06-17T08:28:55.400000Z', '2024-06-17T08:28:55.380000Z')",S,CLUD,"(1.0, 0.85529494)"
"(2024000667, 12967)","('2024-06-17T08:28:56.020000Z', '2024-06-17T08:28:56.090000Z')",P,PLRO,"(1.0, 0.73653764)"
"(2024000667, 12691)","('2024-06-17T08:28:57.360000Z', '2024-06-17T08:28:57.390000Z')",S,PURA,"(1.0, 0.446963)"
"(2024000667, 13009)","('2024-06-17T08:28:57.840000Z', '2024-06-17T08:28:57.860000Z')",S,ZOU,"(1.0, 0.7720003)"
"(2024000667, 12968)","('2024-06-17T08:28:59.470000Z', '2024-06-17T08:28:59.380000Z')",S,PLRO,"(1.0, 0.57178915)"
"(2024000668, 12808)","('2024-06-17T14:27:16.430000Z', '2024-06-17T14:27:16.440000Z')",P,APGO,"(1.0, 0.8939294)"
"(2024000668, 12809)","('2024-06-17T14:27:17.550000Z', '2024-06-17T14:27:17.560000Z')",S,APGO,"(1.0, 0.87459993)"
"(2024000668, 12888)","('2024-06-17T14:27:18.020000Z', '2024-06-17T14:27:18.040000Z')",P,CSO,"(1.0, 0.8712725)"
"(2024000668, 12944)","('2024-06-17T14:27:18.370000Z', '2024-06-17T14:27:18.330000Z')",P,MLN,"(1.0, 0.10125769)"
"(2024000668, 12876)","('2024-06-17T14:27:18.500000Z', '2024-06-17T14:27:18.510000Z')",P,CIMO,"(1.0, 0.8395027)"
"(2024000668, 13004)","('2024-06-17T14:27:19.510000Z', '2024-06-17T14:27:19.470000Z')",P,VARN,"(1.0, 0.5008229)"
"(2024000668, 12889)","('2024-06-17T14:27:20.440000Z', '2024-06-17T14:27:20.420000Z')",S,CSO,"(1.0, 0.84283656)"
"(2024000668, 12877)","('2024-06-17T14:27:21.300000Z', '2024-06-17T14:27:21.270000Z')",S,CIMO,"(1.0, 0.8148265)"
"(2024000669, 11612)","('2024-06-18T03:17:08.270000Z', '2024-06-18T03:17:08.280000Z')",P,VINO,"(1.0, 0.8880261)"
"(2024000669, 11696)","('2024-06-18T03:17:08.550000Z', '2024-06-18T03:17:08.530000Z')",P,BAD,"(1.0, 0.8639658)"
"(2024000669, 11613)","('2024-06-18T03:17:09.580000Z', '2024-06-18T03:17:09.540000Z')",S,VINO,"(1.0, 0.855621)"
"(2024000669, 11697)","('2024-06-18T03:17:10.030000Z', '2024-06-18T03:17:10.040000Z')",S,BAD,"(1.0, 0.8678445)"
"(2024000669, 11879)","('2024-06-18T03:17:11.600000Z', '2024-06-18T03:17:11.560000Z')",P,PRED,"(1.0, 0.10344069)"
"(2024000670, 11262)","('2024-06-19T08:17:52.030000Z', '2024-06-19T08:17:52.000000Z')",P,MLN,"(1.0, 0.7607252)"
"(2024000670, 11219)","('2024-06-19T08:17:52.660000Z', '2024-06-19T08:17:52.630000Z')",P,CIMO,"(1.0, 0.76720077)"
"(2024000670, 11263)","('2024-06-19T08:17:54.350000Z', '2024-06-19T08:17:54.540000Z')",S,MLN,"(1.0, 0.5100081)"
"(2024000670, 11220)","('2024-06-19T08:17:55.320000Z', '2024-06-19T08:17:55.650000Z')",S,CIMO,"(1.0, 0.5719788)"
"(2024000671, 13417)","('2024-06-20T02:32:11.950000Z', '2024-06-20T02:32:11.970000Z')",P,MOZS,"(1.0, 0.897081)"
"(2024000671, 13402)","('2024-06-20T02:32:12.370000Z', '2024-06-20T02:32:12.380000Z')",P,LJU,"(1.0, 0.86732465)"
"(2024000671, 13284)","('2024-06-20T02:32:13.180000Z', '2024-06-20T02:32:13.210000Z')",P,GBAS,"(1.0, 0.8606472)"
"(2024000671, 13542)","('2024-06-20T02:32:13.460000Z', '2024-06-20T02:32:13.440000Z')",P,VNDS,"(1.0, 0.8671219)"
"(2024000671, 13348)","('2024-06-20T02:32:14.200000Z', '2024-06-20T02:32:14.200000Z')",P,GORS,"(1.0, 0.8582153)"
"(2024000671, 13558)","('2024-06-20T02:32:14.980000Z', '2024-06-20T02:32:14.990000Z')",P,VOJS,"(1.0, 0.8346185)"
"(2024000671, 12907)","('2024-06-20T02:32:16.410000Z', '2024-06-20T02:32:16.420000Z')",P,CEY,"(1.0, 0.7714393)"
"(2024000671, 12831)","('2024-06-20T02:32:16.540000Z', '2024-06-20T02:32:16.510000Z')",P,CADS,"(1.0, 0.78171855)"
"(2024000671, 11676)","('2024-06-20T02:32:17.590000Z', '2024-06-20T02:32:17.540000Z')",P,DRE,"(1.0, 0.76288635)"
"(2024000671, 11807)","('2024-06-20T02:32:18.230000Z', '2024-06-20T02:32:18.280000Z')",P,SABO,"(1.0, 0.5251664)"
"(2024000671, 13485)","('2024-06-20T02:32:18.910000Z', '2024-06-20T02:32:18.880000Z')",P,ROBS,"(1.0, 0.65936923)"
"(2024000671, 11791)","('2024-06-20T02:32:19.800000Z', '2024-06-20T02:32:19.920000Z')",P,PRED,"(1.0, 0.4048413)"
"(2024000671, 13372)","('2024-06-20T02:32:20.000000Z', '2024-06-20T02:32:19.920000Z')",P,KNDS,"(1.0, 0.6842236)"
"(2024000671, 13503)","('2024-06-20T02:32:20.240000Z', '2024-06-20T02:32:20.210000Z')",P,SKDS,"(1.0, 0.6878838)"
"(2024000671, 11315)","('2024-06-20T02:32:21.310000Z', '2024-06-20T02:32:21.670000Z')",P,VINO,"(1.0, 0.56755716)"
"(2024000671, 11424)","('2024-06-20T02:32:21.670000Z', '2024-06-20T02:32:21.450000Z')",P,MYKA,"(1.0, 0.24628757)"
"(2024000671, 11515)","('2024-06-20T02:32:21.840000Z', '2024-06-20T02:32:22.220000Z')",P,BAD,"(1.0, 0.52934444)"
"(2024000671, 11677)","('2024-06-20T02:32:25.320000Z', '2024-06-20T02:32:25.540000Z')",S,DRE,"(1.0, 0.49583787)"
"(2024000671, 11792)","('2024-06-20T02:32:28.470000Z', '2024-06-20T02:32:28.610000Z')",S,PRED,"(1.0, 0.5711659)"
"(2024000671, 13504)","('2024-06-20T02:32:29.710000Z', '2024-06-20T02:32:30.110000Z')",S,SKDS,"(1.0, 0.23570229)"
"(2024000671, 11714)","('2024-06-20T02:32:29.760000Z', '2024-06-20T02:32:29.960000Z')",S,LSR,"(1.0, 0.6403236)"
"(2024000671, 11425)","('2024-06-20T02:32:29.880000Z', '2024-06-20T02:32:30.100000Z')",S,MYKA,"(1.0, 0.34052613)"
"(2024000671, 11316)","('2024-06-20T02:32:33.490000Z', '2024-06-20T02:32:33.720000Z')",S,VINO,"(1.0, 0.46972045)"
"(2024000671, 11516)","('2024-06-20T02:32:34.120000Z', '2024-06-20T02:32:34.420000Z')",S,BAD,"(1.0, 0.5626188)"
"(2024000672, 11696)","('2024-06-20T12:01:25.740000Z', '2024-06-20T12:01:25.730000Z')",P,GAZZ,"(1.0, 0.88852227)"
"(2024000672, 11697)","('2024-06-20T12:01:28.460000Z', '2024-06-20T12:01:28.470000Z')",S,GAZZ,"(1.0, 0.816313)"
"(2024000672, 11726)","('2024-06-20T12:01:33.300000Z', '2024-06-20T12:01:33.290000Z')",P,MARN,"(1.0, 0.52751493)"
"(2024000672, 13654)","('2024-06-20T12:01:36.700000Z', '2024-06-20T12:01:36.830000Z')",P,VARA,"(1.0, 0.30841762)"
"(2024000672, 13588)","('2024-06-20T12:01:37.380000Z', '2024-06-20T12:01:37.410000Z')",P,DOSS,"(1.0, 0.65946037)"
"(2024000672, 10991)","('2024-06-20T12:01:37.460000Z', '2024-06-20T12:01:37.580000Z')",P,MAGA,"(1.0, 0.31128985)"
"(2024000672, 12818)","('2024-06-20T12:01:38.810000Z', '2024-06-20T12:01:38.930000Z')",P,LUSI,"(1.0, 0.6960311)"
"(2024000672, 10992)","('2024-06-20T12:01:46.900000Z', '2024-06-20T12:01:47.300000Z')",S,MAGA,"(1.0, 0.43351942)"
"(2024000672, 13589)","('2024-06-20T12:01:47.220000Z', '2024-06-20T12:01:47.200000Z')",S,DOSS,"(1.0, 0.46332937)"
"(2024000672, 12819)","('2024-06-20T12:01:49.830000Z', '2024-06-20T12:01:50.280000Z')",S,LUSI,"(1.0, 0.2756723)"
"(2024000673, 10907)","('2024-06-20T13:38:50.810000Z', '2024-06-20T13:38:50.810000Z')",P,BRMO,"(1.0, 0.8828684)"
"(2024000673, 10908)","('2024-06-20T13:38:52.490000Z', '2024-06-20T13:38:52.490000Z')",S,BRMO,"(1.0, 0.8666351)"
"(2024000673, 13580)","('2024-06-20T13:38:54.740000Z', '2024-06-20T13:38:54.780000Z')",P,CARE,"(1.0, 0.8000014)"
"(2024000673, 13581)","('2024-06-20T13:38:59.120000Z', '2024-06-20T13:38:59.060000Z')",S,CARE,"(1.0, 0.70895195)"
"(2024000674, 10909)","('2024-06-20T13:40:10.980000Z', '2024-06-20T13:40:11.010000Z')",P,BRMO,"(1.0, 0.8464667)"
"(2024000674, 10910)","('2024-06-20T13:40:12.640000Z', '2024-06-20T13:40:12.670000Z')",S,BRMO,"(1.0, 0.80147105)"
"(2024000675, 11296)","('2024-06-20T14:58:27.530000Z', '2024-06-20T14:58:27.540000Z')",P,PURA,"(1.0, 0.91066086)"
"(2024000675, 11297)","('2024-06-20T14:58:28.070000Z', '2024-06-20T14:58:28.200000Z')",S,PURA,"(1.0, 0.8859926)"
"(2024000675, 11638)","('2024-06-20T14:58:28.330000Z', '2024-06-20T14:58:28.330000Z')",P,CLUD,"(1.0, 0.7979231)"
"(2024000675, 11660)","('2024-06-20T14:58:29.300000Z', '2024-06-20T14:58:29.260000Z')",P,CSM,"(1.0, 0.7127725)"
"(2024000675, 11639)","('2024-06-20T14:58:29.550000Z', '2024-06-20T14:58:29.790000Z')",S,CLUD,"(1.0, 0.5158221)"
"(2024000675, 11685)","('2024-06-20T14:58:29.610000Z', '2024-06-20T14:58:29.730000Z')",P,FUSE,"(1.0, 0.49112)"
"(2024000675, 11207)","('2024-06-20T14:58:29.900000Z', '2024-06-20T14:58:29.910000Z')",P,STAL,"(1.0, 0.780087)"
"(2024000675, 11756)","('2024-06-20T14:58:30.950000Z', '2024-06-20T14:58:30.940000Z')",P,MPRI,"(1.0, 0.7904092)"
"(2024000675, 11565)","('2024-06-20T14:58:31.270000Z', '2024-06-20T14:58:31.210000Z')",P,BOO,"(1.0, 0.16479497)"
"(2024000675, 11661)","('2024-06-20T14:58:31.330000Z', '2024-06-20T14:58:31.280000Z')",S,CSM,"(1.0, 0.67793477)"
"(2024000675, 11686)","('2024-06-20T14:58:32.220000Z', '2024-06-20T14:58:32.260000Z')",S,FUSE,"(1.0, 0.6769337)"
"(2024000675, 11208)","('2024-06-20T14:58:32.720000Z', '2024-06-20T14:58:33.100000Z')",S,STAL,"(1.0, 0.6499224)"
"(2024000675, 11757)","('2024-06-20T14:58:34.270000Z', '2024-06-20T14:58:34.750000Z')",S,MPRI,"(1.0, 0.73573273)"
"(2024000675, 11566)","('2024-06-20T14:58:35.160000Z', '2024-06-20T14:58:35.250000Z')",S,BOO,"(1.0, 0.310616)"
"(2024000676, 11662)","('2024-06-20T17:54:23.160000Z', '2024-06-20T17:54:23.120000Z')",P,CSM,"(1.0, 0.8627217)"
"(2024000676, 11299)","('2024-06-20T17:54:23.370000Z', '2024-06-20T17:54:23.380000Z')",P,PURA,"(1.0, 0.86915934)"
"(2024000676, 11663)","('2024-06-20T17:54:24.060000Z', '2024-06-20T17:54:24.130000Z')",S,CSM,"(1.0, 0.7850574)"
"(2024000676, 11640)","('2024-06-20T17:54:24.800000Z', '2024-06-20T17:54:24.680000Z')",P,CLUD,"(1.0, 0.7103034)"
"(2024000676, 11641)","('2024-06-20T17:54:27.250000Z', '2024-06-20T17:54:27.250000Z')",S,CLUD,"(1.0, 0.5889514)"
"(2024000677, 11758)","('2024-06-20T18:57:28.740000Z', '2024-06-20T18:57:28.760000Z')",P,MPRI,"(1.0, 0.90947044)"
"(2024000677, 11759)","('2024-06-20T18:57:29.760000Z', '2024-06-20T18:57:29.810000Z')",S,MPRI,"(1.0, 0.855466)"
"(2024000677, 11687)","('2024-06-20T18:57:30.340000Z', '2024-06-20T18:57:30.350000Z')",P,FUSE,"(1.0, 0.8238429)"
"(2024000677, 11642)","('2024-06-20T18:57:31.200000Z', '2024-06-20T18:57:31.200000Z')",P,CLUD,"(1.0, 0.27314436)"
"(2024000677, 11529)","('2024-06-20T18:57:31.470000Z', '2024-06-20T18:57:31.410000Z')",P,BAD,"(1.0, 0.4288199)"
"(2024000677, 11577)","('2024-06-20T18:57:31.660000Z', '2024-06-20T18:57:31.670000Z')",S,BOO,"(1.0, 0.61426413)"
"(2024000677, 11302)","('2024-06-20T18:57:31.770000Z', '2024-06-20T18:57:31.730000Z')",P,PURA,"(1.0, 0.6316136)"
"(2024000677, 11337)","('2024-06-20T18:57:31.930000Z', '2024-06-20T18:57:31.840000Z')",P,VINO,"(1.0, 0.6016252)"
"(2024000677, 11688)","('2024-06-20T18:57:32.770000Z', '2024-06-20T18:57:32.890000Z')",S,FUSE,"(1.0, 0.6166421)"
"(2024000677, 11643)","('2024-06-20T18:57:34.400000Z', '2024-06-20T18:57:34.450000Z')",S,CLUD,"(1.0, 0.105495065)"
"(2024000677, 11530)","('2024-06-20T18:57:34.680000Z', '2024-06-20T18:57:34.970000Z')",S,BAD,"(1.0, 0.3210406)"
"(2024000677, 11303)","('2024-06-20T18:57:35.350000Z', '2024-06-20T18:57:35.340000Z')",S,PURA,"(1.0, 0.53297985)"
"(2024000677, 11338)","('2024-06-20T18:57:35.670000Z', '2024-06-20T18:57:35.750000Z')",S,VINO,"(1.0, 0.55053985)"
"(2024000678, 10993)","('2024-06-20T20:48:05.570000Z', '2024-06-20T20:48:05.570000Z')",P,MAGA,"(1.0, 0.8928771)"
"(2024000678, 11557)","('2024-06-20T20:48:06.830000Z', '2024-06-20T20:48:06.990000Z')",P,BALD,"(1.0, 0.8852456)"
"(2024000678, 10994)","('2024-06-20T20:48:07.000000Z', '2024-06-20T20:48:07.030000Z')",S,MAGA,"(1.0, 0.8560652)"
"(2024000678, 13658)","('2024-06-20T20:48:07.900000Z', '2024-06-20T20:48:08.000000Z')",P,VARA,"(1.0, 0.9157295)"
"(2024000678, 11694)","('2024-06-20T20:48:08.480000Z', '2024-06-20T20:48:08.460000Z')",P,GAVI,"(1.0, 0.8058986)"
"(2024000678, 13647)","('2024-06-20T20:48:08.660000Z', '2024-06-20T20:48:08.990000Z')",P,RONC,"(1.0, 0.75586665)"
"(2024000678, 12822)","('2024-06-20T20:48:09.470000Z', '2024-06-20T20:48:09.520000Z')",P,LUSI,"(1.0, 0.30595648)"
"(2024000678, 10982)","('2024-06-20T20:48:10.130000Z', '2024-06-20T20:48:10.120000Z')",P,MABI,"(1.0, 0.7679121)"
"(2024000678, 13606)","('2024-06-20T20:48:11.380000Z', '2024-06-20T20:48:11.050000Z')",P,GAGG,"(1.0, 0.4737892)"
"(2024000678, 13659)","('2024-06-20T20:48:11.470000Z', '2024-06-20T20:48:11.650000Z')",S,VARA,"(1.0, 0.42701778)"
"(2024000678, 13590)","('2024-06-20T20:48:11.600000Z', '2024-06-20T20:48:11.860000Z')",P,DOSS,"(1.0, 0.5614143)"
"(2024000678, 11728)","('2024-06-20T20:48:11.770000Z', '2024-06-20T20:48:11.820000Z')",P,MARN,"(1.0, 0.74157494)"
"(2024000678, 11695)","('2024-06-20T20:48:11.910000Z', '2024-06-20T20:48:11.990000Z')",S,GAVI,"(1.0, 0.7089832)"
"(2024000678, 13648)","('2024-06-20T20:48:12.470000Z', '2024-06-20T20:48:12.850000Z')",S,RONC,"(1.0, 0.5863305)"
"(2024000678, 12823)","('2024-06-20T20:48:14.460000Z', '2024-06-20T20:48:14.540000Z')",S,LUSI,"(1.0, 0.23114696)"
"(2024000678, 10983)","('2024-06-20T20:48:14.750000Z', '2024-06-20T20:48:14.860000Z')",S,MABI,"(1.0, 0.72182816)"
"(2024000678, 13635)","('2024-06-20T20:48:14.800000Z', '2024-06-20T20:48:14.790000Z')",P,PANI,"(1.0, 0.72765875)"
"(2024000678, 11610)","('2024-06-20T20:48:16.200000Z', '2024-06-20T20:48:16.160000Z')",P,CEKR,"(1.0, 0.6255034)"
"(2024000678, 13582)","('2024-06-20T20:48:16.660000Z', '2024-06-20T20:48:16.650000Z')",P,CARE,"(1.0, 0.4759169)"
"(2024000678, 11729)","('2024-06-20T20:48:17.280000Z', '2024-06-20T20:48:17.550000Z')",S,MARN,"(1.0, 0.43938443)"
"(2024000678, 13591)","('2024-06-20T20:48:17.750000Z', '2024-06-20T20:48:17.650000Z')",S,DOSS,"(1.0, 0.28182903)"
"(2024000678, 13618)","('2024-06-20T20:48:17.850000Z', '2024-06-20T20:48:17.790000Z')",P,OZOL,"(1.0, 0.5861614)"
"(2024000678, 10913)","('2024-06-20T20:48:18.060000Z', '2024-06-20T20:48:17.960000Z')",P,BRMO,"(1.0, 0.51067924)"
"(2024000678, 13607)","('2024-06-20T20:48:18.080000Z', '2024-06-20T20:48:18.200000Z')",S,GAGG,"(1.0, 0.27119148)"
"(2024000678, 10936)","('2024-06-20T20:48:18.250000Z', '2024-06-20T20:48:18.220000Z')",P,CTI,"(1.0, 0.52617574)"
"(2024000678, 11740)","('2024-06-20T20:48:19.600000Z', '2024-06-20T20:48:19.360000Z')",P,MGBU,"(1.0, 0.49832004)"
"(2024000678, 13662)","('2024-06-20T20:48:19.740000Z', '2024-06-20T20:48:19.710000Z')",P,ZIAN,"(1.0, 0.64284426)"
"(2024000678, 12810)","('2024-06-20T20:48:20.760000Z', '2024-06-20T20:48:20.750000Z')",P,KOSI,"(1.0, 0.6590912)"
"(2024000678, 13636)","('2024-06-20T20:48:22.750000Z', '2024-06-20T20:48:22.860000Z')",S,PANI,"(1.0, 0.22129975)"
"(2024000678, 11770)","('2024-06-20T20:48:23.690000Z', '2024-06-20T20:48:23.780000Z')",P,MTLO,"(1.0, 0.5719287)"
"(2024000678, 12800)","('2024-06-20T20:48:24.850000Z', '2024-06-20T20:48:24.870000Z')",P,ABSI,"(1.0, 0.69011676)"
"(2024000678, 13583)","('2024-06-20T20:48:25.690000Z', '2024-06-20T20:48:26.170000Z')",S,CARE,"(1.0, 0.15415767)"
"(2024000678, 13619)","('2024-06-20T20:48:27.790000Z', '2024-06-20T20:48:27.890000Z')",S,OZOL,"(1.0, 0.19555461)"
"(2024000678, 10914)","('2024-06-20T20:48:28.230000Z', '2024-06-20T20:48:28.410000Z')",S,BRMO,"(1.0, 0.23454136)"
"(2024000678, 11699)","('2024-06-20T20:48:29.630000Z', '2024-06-20T20:48:29.840000Z')",S,GAZZ,"(1.0, 0.16636404)"
"(2024000678, 13663)","('2024-06-20T20:48:30.630000Z', '2024-06-20T20:48:30.670000Z')",S,ZIAN,"(1.0, 0.25420457)"
"(2024000678, 11741)","('2024-06-20T20:48:30.860000Z', '2024-06-20T20:48:31.020000Z')",S,MGBU,"(1.0, 0.42748904)"
"(2024000678, 12811)","('2024-06-20T20:48:32.370000Z', '2024-06-20T20:48:32.430000Z')",S,KOSI,"(1.0, 0.46115333)"
"(2024000678, 11858)","('2024-06-20T20:48:37.740000Z', '2024-06-20T20:48:38.130000Z')",S,VARN,"(1.0, 0.18369284)"
"(2024000678, 12801)","('2024-06-20T20:48:39.660000Z', '2024-06-20T20:48:39.890000Z')",S,ABSI,"(1.0, 0.40158984)"
