idx_in_group,time,latitude,longitude,depth,azimuthal_gap,min_distance,vertical_uncertainty,number_picks,number_picks_nll,std_nll,max_horizontal_uncertainty,min_horizontal_uncertainty,group,magnitude,gamma_sigma_time,gamma_sigma_amp,gamma_cov_time_amp,gamma_score,number_p_picks,number_s_picks,number_p_and_s_picks,ML,ML_median,ML_unc,ML_stations,idx
10,2024-03-20 02:17:46.988576+00:00,46.407136,12.688513,5.474219,105.794,4.60241,2.759155522981624,18,18,0.219957,1.16233,0.655873,2024-03-20,999,0.1900860210212851,0,0,18.0,9,9,9,0.4688977695772185,0.40785383781021056,0.09288731321104948,8,0
8,2024-03-20 02:26:31.301522+00:00,45.721998,14.09383,2.985938,155.475,19.2186,8.951572319989378,6,6,0.0540446,7.14687,4.83728,2024-03-20,999,0.024947602100752555,0,0,6.0,3,3,3,-0.09507836051335716,-0.09507836051335716,0.11605891449850181,2,1
5,2024-03-20 02:48:07.216399+00:00,45.533885,14.682397,18.298438,176.732,10.0007,5.79255329712209,12,12,0.288806,4.69144,2.22469,2024-03-20,999,0.7190706773509166,0,0,12.78694040351586,8,4,3,0.8081258756818569,0.8210482857801977,0.0590400020428196,3,2
0,2024-03-20 09:24:00.152763+00:00,45.747836,14.063475,12.709375,170.483,16.2042,9.872117857886423,8,8,0.153328,3.42905,1.72408,2024-03-20,999,0.2279611563327233,0,0,8.0,4,4,3,0.34595173217778674,0.34595173217778674,0.004050463852375064,2,3
9,2024-03-20 09:43:59.878131+00:00,46.24997,12.928213,4.019531,197.263,0.641435,2.3979855504151812,6,6,0.0645584,4.62282,0.765003,2024-03-20,999,0.05823692278917051,0,0,6.0,3,3,3,0.1705409189183872,0.27701842403813326,0.1564800600411942,3,4
13,2024-03-20 12:00:20.193338+00:00,45.458181,14.30686,11.254688,215.136,9.67021,3.9528401055443667,9,9,0.166723,4.74971,1.62549,2024-03-20,999,0.44239605685481104,0,0,9.0,6,3,3,1.1340130292349109,1.2413609122294655,0.15402767106283496,3,5
2,2024-03-20 13:29:43.397386+00:00,45.584205,10.328704,3.292187,163.437,2.69329,8.840925630271979,7,7,0.128434,7.90381,4.80934,2024-03-20,999,0.1838707422515947,0,0,7.0,4,3,3,0.8336187217023164,0.8130483426095796,0.13965650883111794,3,6
11,2024-03-20 16:21:31.230263+00:00,44.630491,10.213583,22.432813,170.786,9.68927,7.034629414546298,8,8,0.218766,4.70021,2.43375,2024-03-20,999,0.2372445014813849,0,0,8.0,4,4,4,2.483761727635921,2.390319364223371,0.09754970021185685,3,7
7,2024-03-20 17:05:17.374788+00:00,46.461613,12.770898,0.038281,92.4705,4.56566,3.935208113937559,10,10,0.122478,1.80044,0.817261,2024-03-20,999,0.2931831425219877,0,0,9.068028014367902,5,5,5,0.24572833162747357,0.37010402369322315,0.19836843189303074,5,8
14,2024-03-20 20:54:24.780154+00:00,45.662095,10.766097,2.737109,163.251,3.79485,2.095261272490856,12,12,0.116986,1.09019,0.549666,2024-03-20,999,0.10919447901343166,0,0,12.0,6,6,6,0.5288195234273746,0.48484965964945675,0.06703363057035296,6,9
1,2024-03-20 22:48:14.061245+00:00,45.827486,14.162146,15.503906,113.691,10.5718,3.674411095672339,16,16,0.265759,1.72196,1.40652,2024-03-20,999,0.25625618054025134,0,0,16.0,8,8,7,0.18838154665929283,0.20662545824398926,0.06741565703949408,7,10
6,2024-03-21 02:43:26.510429+00:00,46.05812,10.603672,6.622656,50.6849,6.94886,3.0417140069375357,34,34,0.490879,1.29039,1.15399,2024-03-21,999,0.35998936768417156,0,0,36.0,18,16,15,0.8646628822767177,0.8111333943440011,0.08637411332738198,15,11
5,2024-03-21 08:00:19.927069+00:00,46.68973,10.5192,13.398437,131.963,8.47588,4.632547225879084,10,10,0.236746,4.39645,2.67318,2024-03-21,999,0.24086975074046604,0,0,10.0,6,4,4,0.7006543551833216,0.669142395991684,0.16055414670983556,4,12
4,2024-03-21 11:08:10.556943+00:00,46.184863,11.204472,6.890625,94.864,18.026,7.668708757020311,8,8,0.100673,1.74144,1.28118,2024-03-21,999,0.06746183705309938,0,0,8.0,5,3,3,0.7149734119781659,0.6891930822436043,0.0727051025788958,3,13
8,2024-03-21 16:08:14.705352+00:00,45.909237,14.24621,7.617969,96.8686,14.2485,6.788998747974549,12,12,0.214065,1.7191,1.22348,2024-03-21,999,0.5880986492874466,0,0,12.0,6,6,6,0.5012123244912223,0.49037234659842177,0.03769146954935544,6,14
0,2024-03-21 17:38:53.299122+00:00,45.973039,14.687083,3.751563,170.31,19.401,10.324231787401908,6,6,0.241512,14.6592,7.09547,2024-03-21,999,0.06736883903640818,0,0,6.0,3,3,3,-0.2655613820389511,-0.2655613820389511,0.19137602192343284,2,15
1,2024-03-21 18:40:04.491256+00:00,46.063401,14.942364,8.957813,149.434,4.29815,4.174613538999748,15,15,0.340486,3.70956,2.00335,2024-03-21,999,0.38743159139719285,0,0,15.0,9,6,6,0.6018579582688575,0.616914551547056,0.0973240720165116,5,16
7,2024-03-21 22:11:13.413033+00:00,46.25066,13.543672,11.063281,95.1034,2.73341,3.701007835711781,14,14,0.14402,1.42815,0.866716,2024-03-21,999,0.1269761564392859,0,0,14.0,7,7,7,0.1874856082654971,0.11164897802046403,0.1409788670765281,6,17
2,2024-03-22 00:15:51.039691+00:00,44.600331,10.718946,32.921875,269.597,12.8198,9.697144476597222,7,7,0.263459,14.3051,6.22931,2024-03-22,999,0.29621052202282094,0,0,6.717049521035603,4,3,3,1.2640697961996765,1.3140401315231203,0.3297046332845244,3,18
4,2024-03-22 02:30:41.633804+00:00,46.054873,14.088754,11.790625,176.926,13.6768,8.91973155425655,7,7,0.196836,5.25701,1.43549,2024-03-22,999,0.09718084698024469,0,0,7.0,4,3,3,-0.29939062724423526,-0.29939062724423526,0.07008652628071599,2,19
9,2024-03-22 03:10:21.076073+00:00,46.209212,13.54214,13.149609,61.7748,4.67088,1.4998837788308799,86,86,0.28918,0.747771,0.589414,2024-03-22,999,0.40236730439130847,0,0,90.03591500717852,46,40,36,1.2559962971788678,1.205199550357167,0.055049911245766726,35,20
11,2024-03-22 05:22:29.051296+00:00,46.169829,12.366301,48.923438,88.7341,18.7261,6.257545685011016,16,16,0.469122,6.00747,4.39349,2024-03-22,999,0.8039540343747978,0,0,20.7161416407386,7,9,3,1.624003514474967,1.6459685284326775,0.0872303427574694,3,21
12,2024-03-22 05:22:29.293646+00:00,46.102406,13.196867,40.578125,184.809,14.3277,7.013597507698885,31,31,0.679404,6.78735,4.3701,2024-03-22,999,0.8507852065401166,0,0,34.03995780273506,19,12,9,1.6994894606742978,1.6727365004666708,0.06115336370110022,9,22
0,2024-03-22 05:39:17.360588+00:00,44.665131,10.119593,22.892188,221.773,18.8475,9.607875155308795,6,6,0.0864238,9.00459,7.14312,2024-03-22,999,0.057614813568028556,0,0,6.0,3,3,3,2.4664625610911535,2.4664625610911535,0.07836204520068302,2,23
7,2024-03-22 10:50:04.889247+00:00,45.954481,13.661489,3.598438,209.878,4.26075,3.744059695036926,10,10,0.205771,4.28488,2.51695,2024-03-22,999,0.6514980739402606,0,0,9.993604440925754,6,4,4,0.5262440812931591,0.5409387913524022,0.05490510639603369,3,24
3,2024-03-23 01:47:37.168848+00:00,45.959719,10.529274,2.182031,122.138,7.08649,2.725015229315242,11,11,0.0726499,3.06098,0.708306,2024-03-23,999,0.2074106987314993,0,0,12.0,6,5,5,0.6884632744409178,0.5776710940280283,0.19949507796996757,4,25
4,2024-03-23 01:47:48.849347+00:00,45.899053,10.668054,2.105469,213.822,9.67911,4.653826726469304,7,7,0.0862684,2.0559,1.31662,2024-03-23,999,0.3879398800263948,0,0,7.0,3,4,3,,,,0,26
6,2024-03-23 02:36:12.150245+00:00,45.781114,14.176927,1.071875,291.2,19.6977,12.77297279414624,6,6,0.162538,35.0304,13.1219,2024-03-23,999,0.7127150041707548,0,0,6.627429778956658,3,3,3,-0.10010992605263525,-0.10010992605263525,0.02366767977133133,2,27
8,2024-03-23 03:17:55.493353+00:00,46.94266,11.453344,12.173438,150.134,3.55447,2.9073268994043304,31,31,0.533013,3.30942,1.53905,2024-03-23,999,0.39844905340454884,0,0,31.0,19,12,12,0.9956564727368798,0.9662949962249741,0.10039761593050062,12,28
5,2024-03-23 11:32:28.407971+00:00,45.895438,14.251665,7.65625,96.0,14.5666,4.96277063745646,12,12,0.234546,2.19871,1.28082,2024-03-23,999,0.42846605287789824,0,0,12.0,8,4,3,0.5070528017856828,0.46821192288238556,0.06262584536843374,3,29
9,2024-03-24 01:21:48.448634+00:00,45.716514,10.768228,0.076563,165.52,7.3729,3.8811177256043132,6,6,0.0506749,4.04818,1.3873,2024-03-24,999,0.04754474945334425,0,0,6.0,3,3,3,0.30477190708463364,0.30477190708463364,0.005625705327948816,2,30
13,2024-03-24 01:27:47.239862+00:00,45.931509,11.381327,9.570313,127.305,15.9996,6.805694894718687,12,12,0.286894,3.09878,1.19391,2024-03-24,999,0.18071439737909165,0,0,12.0,6,6,6,0.6503497422050302,0.6469584672000086,0.014919189776174836,4,31
10,2024-03-24 05:25:26.754982+00:00,46.615234,13.716804,11.560937,196.515,5.99366,3.5721928419389677,25,25,0.266308,2.46465,2.02078,2024-03-24,999,0.20330625288235174,0,0,25.0,13,12,12,0.7204869829686917,0.6994111814563986,0.05614330964015401,10,32
3,2024-03-24 06:48:39.544954+00:00,46.043299,14.360497,14.278906,63.188,8.7439,2.363825776151872,34,34,0.389411,1.30538,1.11456,2024-03-24,999,0.36217521223136406,0,0,34.0,20,14,14,0.960684587702513,0.9504585112534569,0.059200183029427464,13,33
8,2024-03-24 09:21:58.651192+00:00,45.349667,14.638042,6.584375,252.553,24.295,7.545038369683748,49,49,0.851514,8.54769,3.34448,2024-03-24,999,0.6097077587568532,0,0,52.0,41,8,8,3.3745763248250924,3.3748344161995636,0.06683217018258698,7,34
0,2024-03-24 09:31:24.021078+00:00,45.326819,14.640746,12.403125,266.478,26.343,9.507563778381925,12,12,0.342951,9.58826,3.80222,2024-03-24,999,0.4841289771565525,0,0,12.770364435501234,8,4,4,0.8849598114599967,0.8858514250972982,0.066264433697128,4,35
6,2024-03-24 16:39:48.906671+00:00,46.072023,14.860328,0.880469,171.378,10.7196,4.837440325213325,6,6,0.0622525,4.68492,3.00603,2024-03-24,999,0.02668823473686644,0,0,6.0,3,3,3,-0.06496476813921992,-0.06496476813921992,0.009442124023919418,2,36
12,2024-03-24 18:11:30.012425+00:00,46.418041,13.000534,14.068359,59.1746,0.429525,1.6111112934865797,37,37,0.221384,1.04519,0.756355,2024-03-24,999,0.18502779614856132,0,0,39.0,19,18,18,0.578559126412965,0.6030164706319717,0.05654492766988923,16,37
7,2024-03-24 22:33:37.348835+00:00,46.096014,14.779132,7.541406,152.355,6.05484,2.882365608315503,22,22,0.336155,2.01593,1.36883,2024-03-24,999,0.2487318202791835,0,0,23.0,13,9,9,0.5908121683334273,0.5158058213586182,0.11685458378053994,8,38
20,2024-03-24 23:43:29.862272+00:00,46.278408,12.737805,5.033984,62.3219,2.52609,2.140934165265247,66,66,0.327591,0.799378,0.579915,2024-03-24,999,0.5181937461842715,0,0,73.52285568137744,34,32,31,1.01697203667636,0.9696038788400904,0.05601936557418544,28,39
4,2024-03-25 00:11:26.031497+00:00,46.175463,14.332757,10.948437,101.235,11.9133,4.734180414813107,13,13,0.336643,2.44184,1.75821,2024-03-25,999,0.23431743766554383,0,0,13.0,6,7,5,0.19184807328051118,0.22098478481039763,0.10576286933286064,4,40
20,2024-03-25 00:49:33.448767+00:00,46.067178,14.42188,10.527344,76.1252,8.61439,2.2529585659749713,39,39,0.35679,1.35628,0.973069,2024-03-25,999,0.33551618572498654,0,0,39.0,21,18,18,0.6122867722047437,0.5320026951862209,0.04969354555590221,15,41
23,2024-03-25 00:52:03.372389+00:00,45.255833,14.674861,13.78125,283.172,32.4411,11.555045348245068,12,12,0.443861,8.49869,4.57404,2024-03-25,999,0.4909640789346702,0,0,11.67163920601416,7,5,5,0.5435772530458223,0.5242811437916188,0.056666331252735395,5,42
7,2024-03-25 01:34:23.932095+00:00,45.835948,14.262852,1.646094,161.331,16.5096,7.029986201977924,6,6,0.0992399,6.14242,2.98661,2024-03-25,999,0.09274058746396938,0,0,6.0,3,3,3,-0.2696886914163958,-0.2640934734325482,0.11970468937188045,3,43
28,2024-03-25 02:34:56.345389+00:00,45.820423,14.256708,11.675781,86.6652,15.8126,4.246528582265754,19,19,0.320246,1.5173,1.19784,2024-03-25,999,0.3155301555540719,0,0,20.0,10,9,8,0.3419145244552464,0.3462347025068335,0.05275560013370721,8,44
10,2024-03-25 05:23:00.267662+00:00,45.731149,10.785994,0.957031,168.586,6.79884,3.789417765303794,6,6,0.0340546,3.80769,1.65435,2024-03-25,999,0.027838103027999665,0,0,6.0,3,3,3,0.31878562519977016,0.31878562519977016,0.0008571002677962847,2,45
1,2024-03-25 05:32:10.836199+00:00,45.639376,14.223321,9.302344,102.497,17.484,4.243701332563355,29,29,0.331969,1.42124,1.06017,2024-03-25,999,0.40672963319655164,0,0,29.0,17,12,12,1.1349154546408176,1.0897755676600336,0.08488612947036346,12,46
27,2024-03-25 06:01:35.023305+00:00,45.731283,10.788101,2.316016,147.558,5.87238,2.325889141812223,12,12,0.0643396,0.649306,0.497654,2024-03-25,999,0.08106106324876909,0,0,12.0,6,6,6,0.393540245912186,0.4432996170599141,0.08855594122043493,6,47
15,2024-03-25 06:02:14.915169+00:00,45.733169,10.788746,2.048047,150.032,6.04505,2.3536641434155383,12,12,0.083968,0.689164,0.500454,2024-03-25,999,0.08881152097834538,0,0,12.0,6,6,6,0.1339162940288465,0.13964702235404092,0.045323671604310084,6,48
25,2024-03-25 07:04:36.361121+00:00,46.112621,14.303637,9.991406,73.7947,4.83587,2.549572219020281,17,17,0.237464,1.36384,1.08857,2024-03-25,999,0.19276901433823432,0,0,17.0,10,7,7,0.49604124179561815,0.42514171488503316,0.10078603277845218,7,49
3,2024-03-25 07:41:36.085060+00:00,45.652505,14.316891,2.182031,157.131,12.5783,7.075932023415714,6,6,0.0848574,4.22628,3.27154,2024-03-25,999,0.09209180703199787,0,0,6.0,3,3,3,0.02715920861215933,0.020873908767787608,0.009184077778252529,3,50
16,2024-03-25 08:02:34.443854+00:00,45.653864,14.314606,2.182031,158.664,12.5821,7.217811233331057,6,6,0.0870389,4.28056,3.19211,2024-03-25,999,0.09708453016779653,0,0,6.0,3,3,3,0.09108109623417537,0.09108109623417537,0.0016979778207554252,2,51
14,2024-03-25 09:41:48.398772+00:00,45.740675,14.068904,11.254688,145.415,17.0051,7.353283280276913,9,9,0.0565722,1.85385,1.28172,2024-03-25,999,0.12498827956944814,0,0,9.0,5,4,4,0.41836335093053645,0.3821437233314515,0.0784169486586464,4,52
8,2024-03-25 10:03:16.370543+00:00,45.859824,11.116171,10.335937,146.163,6.07473,4.866396705982774,10,10,0.130723,5.85823,2.43192,2024-03-25,999,0.2025801302777761,0,0,10.0,5,5,5,0.8566681155031368,0.7952853922969507,0.17706096444881972,5,53
19,2024-03-25 12:56:22.473144+00:00,46.604443,13.640825,1.339844,193.026,2.83401,2.9486191174853356,8,8,0.121903,3.25095,2.21619,2024-03-25,999,0.20453891100821522,0,0,7.873567702015705,5,3,3,0.7334048670442748,0.7063010138953452,0.07870267020159057,3,54
17,2024-03-25 13:41:56.000511+00:00,45.664936,14.215866,10.910156,90.3314,18.0337,4.034652215495159,31,31,0.284381,1.29886,1.01597,2024-03-25,999,0.4821478770067091,0,0,38.0,17,14,13,1.2402403937482613,1.1406349452062075,0.08190291791142605,13,55
26,2024-03-25 13:57:05.165249+00:00,46.90029,9.582911,2.871094,257.823,6.66288,3.422838427387422,8,8,0.0355326,1.98502,1.93139,2024-03-25,999,0.07173080576475332,0,0,8.0,4,4,4,0.9180570646428912,0.9373554832012,0.22504621603650285,4,56
12,2024-03-25 17:14:07.374934+00:00,46.136843,11.186637,9.914844,58.8894,14.9369,3.921761084002951,21,21,0.208554,1.11494,1.04235,2024-03-25,999,0.17433713989019348,0,0,20.99587062580203,12,9,9,0.8306490096716004,0.7459751142011235,0.08656982405261553,9,57
21,2024-03-25 17:19:27.130792+00:00,46.255453,13.354951,9.015234,89.1115,5.7084,2.3313010316130347,14,14,0.098835,0.917973,0.718945,2024-03-25,999,0.09594285408649676,0,0,14.0,7,7,7,0.30244440305412273,0.3494458948680833,0.1250408793539063,6,58
24,2024-03-25 20:07:50.091788+00:00,46.312387,13.600478,1.492969,142.325,10.3186,4.114958140734848,8,8,0.111698,1.15322,0.904706,2024-03-25,999,0.02987271862585714,0,0,8.0,4,4,4,-0.12152353862968318,-0.12429802154567948,0.05474054723616578,4,59
22,2024-03-25 21:51:36.847978+00:00,46.25066,13.543672,10.986719,95.1034,2.73341,3.773454783086714,14,14,0.142795,1.34474,0.850178,2024-03-25,999,0.10831523205516035,0,0,14.0,7,7,7,0.1660422986788812,0.06694495543309031,0.14229861151421563,6,60
13,2024-03-25 22:46:46.489606+00:00,45.91477,14.935012,9.723438,194.41,14.4794,6.3357515734125815,15,15,0.292364,4.70968,2.69924,2024-03-25,999,0.29785338416563756,0,0,15.0,9,6,6,0.44730832118398994,0.5751857205884452,0.12568767015930019,5,61
11,2024-03-25 23:10:34.225608+00:00,45.978864,14.331892,1.033594,145.246,9.9531,5.244563118125284,6,6,0.0777983,4.16608,2.49406,2024-03-25,999,0.07131689899878657,0,0,6.0,3,3,3,-0.3290843491494648,-0.32652096571219413,0.18424474743356864,3,62
2,2024-03-25 23:45:44.036194+00:00,45.882727,14.811292,8.039063,130.156,9.11149,5.586095120923023,10,10,0.38971,3.55106,2.23497,2024-03-25,999,0.24989399357184516,0,0,10.0,5,5,5,0.2261815165742359,0.13055135231024972,0.22846950411700126,4,63
4,2024-03-26 05:36:09.007784+00:00,44.656189,10.138378,21.973437,211.557,16.2743,7.542839120649465,8,8,0.190905,4.49193,2.84184,2024-03-26,999,0.18858466942768953,0,0,7.7670727798148445,4,4,4,2.8568276339278604,2.817715687193341,0.04120011553813589,3,64
3,2024-03-26 10:03:54.508771+00:00,45.749772,14.062431,10.948437,171.069,15.9893,7.53014581532124,9,9,0.0928468,2.98872,1.37889,2024-03-26,999,0.10017952376306115,0,0,9.0,5,4,4,0.6502969278768519,0.6523560733737124,0.0028111919180002797,3,65
5,2024-03-26 10:49:01.375912+00:00,45.998513,14.926313,11.714063,158.93,8.9132,8.31237114185838,6,6,0.100387,5.40987,3.98597,2024-03-26,999,0.10079594008092864,0,0,6.0,3,3,3,0.839794492827854,0.839794492827854,0.02361447900051772,2,66
6,2024-03-26 11:38:38.176171+00:00,46.188563,12.881347,0.076563,246.468,6.58387,4.864114842394246,7,7,0.16769,8.5221,4.63096,2024-03-26,999,0.39056358422650506,0,0,6.722704730839412,4,3,3,0.5309154681422245,0.5309154681422245,0.10484252453759713,2,67
1,2024-03-26 20:57:35.715384+00:00,46.319655,13.280161,9.378906,169.213,7.08336,2.901298347292122,12,12,0.0878056,1.47503,1.09362,2024-03-26,999,0.193767541696328,0,0,12.0,6,6,6,0.5178368876563324,0.5442518711771049,0.15712189915949865,5,68
8,2024-03-26 23:40:37.717166+00:00,44.642652,10.186598,24.653125,103.23,12.2212,8.450577080886251,7,7,0.132662,10.1309,4.5139,2024-03-26,999,0.3681516292043604,0,0,7.0,4,3,3,2.3095889571370614,2.3095889571370614,0.008206641842964046,2,69
2,2024-03-26 23:41:15.758110+00:00,44.65224,10.166653,21.973437,198.86,14.1283,7.667995239956791,7,7,0.17676,5.54858,3.01406,2024-03-26,999,0.1569458038214981,0,0,7.0,4,3,3,1.809148191116658,1.813795240131375,0.022381281981992285,3,70
13,2024-03-27 00:02:47.354586+00:00,44.656123,10.150177,20.442187,114.215,15.4648,6.828091094881497,12,12,0.352403,4.49934,2.40815,2024-03-27,999,0.4865832133744466,0,0,11.824870869431678,7,5,5,2.789430770864898,2.7771042881120005,0.012882673798555707,3,71
21,2024-03-27 02:09:59.436583+00:00,46.316747,13.272668,10.450781,90.5371,6.78993,2.090910088932568,19,19,0.139023,1.01398,0.855785,2024-03-27,999,0.16781995059062796,0,0,19.0,9,10,9,0.447078008765273,0.29725928186425943,0.1256929601550729,9,72
29,2024-03-27 04:35:24.924502+00:00,46.30269,13.306329,10.029687,199.57,5.55071,5.7960441250908366,6,6,0.0474993,9.85166,1.70626,2024-03-27,999,0.07535897902135742,0,0,6.0,3,3,3,0.2691523775830371,0.2691523775830371,0.058555161462295224,2,73
20,2024-03-27 10:35:37.355306+00:00,46.312773,13.478072,13.570703,64.2819,7.97312,1.9710523585130861,83,83,0.311743,0.694888,0.649915,2024-03-27,999,0.3980266383273712,0,0,82.87673095397184,45,38,37,1.8276631512476607,1.8070021030339887,0.05543855716901585,37,74
28,2024-03-27 10:45:04.109011+00:00,46.281559,14.210923,4.670313,161.62,16.765,7.624575922633336,8,8,0.242844,2.81862,1.8237,2024-03-27,999,0.29098952943249,0,0,8.0,4,4,4,0.47946679524040636,0.5100790769087039,0.0461571086372878,4,75
3,2024-03-27 12:01:04.722971+00:00,45.856228,14.673771,3.904688,111.546,14.1722,4.868271459152622,11,11,0.14059,1.52917,1.02376,2024-03-27,999,0.2759891663558803,0,0,11.0,6,5,5,0.6562770238522264,0.6287204801774239,0.0538922833342803,4,76
26,2024-03-27 12:10:14.343037+00:00,46.282416,14.45878,13.398437,162.949,1.76659,4.044024851555688,20,20,0.409298,2.83461,1.9179,2024-03-27,999,0.33192281651078887,0,0,20.0,11,9,9,0.6752871091284263,0.7165299409456014,0.11950458966401861,7,77
38,2024-03-27 15:20:28.355529+00:00,47.232514,11.460883,9.225781,98.7718,13.7316,4.8341883082892005,21,21,0.285346,2.17021,1.52076,2024-03-27,999,0.28743021710965044,0,0,21.0,15,6,6,1.691185321167004,1.6561214562417024,0.11543203626414297,6,78
17,2024-03-27 15:26:03.173152+00:00,47.244382,11.449576,6.967187,180.56,13.9667,7.675817285475208,6,6,0.0832684,6.41633,3.03912,2024-03-27,999,0.07311899905112994,0,0,6.0,3,3,3,0.5591862181278641,0.4108560486930124,0.22716838535824707,3,79
30,2024-03-27 16:32:58.446021+00:00,45.491373,14.503666,13.704688,199.819,10.4463,4.13002435828168,41,41,0.534601,2.96502,1.6494,2024-03-27,999,0.5464161393060804,0,0,43.516888241253156,27,14,14,1.70981230568937,1.7085440627634911,0.08135555170557664,13,80
39,2024-03-27 16:36:06.686210+00:00,46.279778,13.487521,5.933594,65.585,4.27375,2.4097772718655968,23,23,0.137719,0.628479,0.60236,2024-03-27,999,0.24931488026206133,0,0,22.84145171108994,11,12,11,0.7040406415364721,0.7483322303976379,0.09176472387086793,11,81
37,2024-03-27 16:41:15.338874+00:00,45.481417,14.500388,14.164063,203.902,10.6999,3.9108004807200274,18,18,0.304304,3.06065,1.73996,2024-03-27,999,0.24708414278998148,0,0,18.0,11,7,7,1.102982741690023,1.010550308183277,0.10987988883230977,7,82
5,2024-03-27 17:43:25.076259+00:00,46.281827,12.750759,0.287109,125.368,3.07859,2.1424917269385197,14,14,0.095908,1.07642,0.615981,2024-03-27,999,0.2707372130258458,0,0,14.0,7,7,7,0.9246423055620543,0.9221013028367996,0.1438009187100881,7,83
18,2024-03-27 18:55:58.050631+00:00,45.499232,14.52592,10.948437,204.849,11.8049,7.287630341887547,8,8,0.127526,3.89283,1.58038,2024-03-27,999,0.1569348184139533,0,0,8.0,4,4,4,0.5742767595184755,0.5742767595184755,0.016848425246106524,2,84
32,2024-03-27 19:19:29.909968+00:00,46.171565,13.440893,13.130469,84.6225,0.745007,1.9887300721817427,15,15,0.136145,1.3027,1.10186,2024-03-27,999,0.10384785080312703,0,0,15.0,8,7,7,0.622338028837125,0.6462222587424269,0.061001953260339276,5,85
33,2024-03-27 20:01:27.528419+00:00,47.258215,11.452558,10.029687,169.92,12.7238,7.011130864561008,8,8,0.120671,2.90238,1.41927,2024-03-27,999,0.07805688900094278,0,0,8.0,4,4,4,0.20704667263013166,0.26139872981291856,0.06916021472660736,3,86
15,2024-03-27 21:19:36.675123+00:00,46.360834,12.807441,11.292969,33.4456,8.46956,1.4767933911011384,123,123,0.346009,0.692849,0.580484,2024-03-27,999,0.5770651703975137,0,0,130.0,70,53,53,4.510831032963515,4.514453848433895,0.03966799635378135,53,87
24,2024-03-27 21:24:34.033815+00:00,46.358833,12.832861,3.942969,96.0818,10.2237,4.047301236626698,12,12,0.105219,0.828006,0.538016,2024-03-27,999,0.054585742288543966,0,0,12.0,6,6,6,0.752656096045157,0.7326127932653775,0.0861945571927758,4,88
16,2024-03-27 21:32:03.959524+00:00,46.358032,12.817001,8.307031,85.6203,9.50021,3.4378676821541574,18,18,0.331203,1.40906,1.09448,2024-03-27,999,0.5533910544970225,0,0,22.0,8,10,6,0.8018640701955658,0.8245437713552124,0.06523477697904514,6,89
23,2024-03-27 21:32:40.318463+00:00,46.357261,12.821819,5.550781,102.614,9.79699,4.456882789573896,11,11,0.187948,1.41339,1.03055,2024-03-27,999,0.3856699066214712,0,0,10.737266548040154,5,6,4,0.19057420632210698,0.20696739705415101,0.03647295416654364,3,90
25,2024-03-27 21:34:32.133767+00:00,46.362276,12.817563,8.287891,84.114,9.15733,2.046122014934593,35,35,0.2232,0.736823,0.585567,2024-03-27,999,0.22470545100961156,0,0,35.0,17,18,17,0.6965243628698167,0.7333600653208385,0.06905907544169086,12,91
43,2024-03-27 21:38:58.223686+00:00,46.360376,12.823225,5.550781,101.344,9.59985,3.821106724497498,14,14,0.164844,0.925228,0.618236,2024-03-27,999,0.09531813819340923,0,0,13.989042877698003,7,7,7,0.5417183271752896,0.6081208549039929,0.07609624821179566,6,92
8,2024-03-27 21:39:19.701685+00:00,46.398639,12.809727,7.771094,259.734,6.03059,3.1455667215940593,6,6,0.0553025,4.10315,1.81051,2024-03-27,999,0.5082587801339632,0,0,8.0,3,3,3,-0.2120352714545235,-0.2120352714545235,,1,93
36,2024-03-27 21:56:37.985018+00:00,46.355381,12.815929,6.450391,106.445,9.68721,2.877922688329205,20,20,0.177521,0.7432,0.565415,2024-03-27,999,0.1452533943684998,0,0,19.823913359853112,10,10,10,0.555782986394289,0.5343841032168025,0.04601418440170573,10,94
6,2024-03-27 21:59:32.084839+00:00,46.357155,12.825462,4.708594,100.473,9.98445,3.961746963146435,13,13,0.173645,1.06309,0.623337,2024-03-27,999,0.12074933028431539,0,0,13.0,6,7,6,0.422182242240678,0.39868378962068207,0.06165917902104806,6,95
40,2024-03-27 22:33:06.312717+00:00,46.35719,12.824248,4.785156,101.179,9.92147,3.5405093560107983,15,15,0.16617,0.896191,0.550758,2024-03-27,999,0.22894015507033258,0,0,15.0,8,7,7,0.641069978929122,0.6424260680199838,0.07471224652629582,7,96
41,2024-03-27 22:33:21.582291+00:00,46.350919,12.806538,8.019922,89.2618,9.70313,2.4221237581923845,31,31,0.236814,0.862061,0.664858,2024-03-27,999,0.24312566488157433,0,0,30.891179994097826,16,15,15,1.036717411294136,1.0551668170586237,0.053455151003370796,15,97
7,2024-03-27 22:45:01.714353+00:00,46.369095,12.805507,7.082031,180.214,7.98499,3.2343817956450347,9,9,0.126787,1.87231,1.40216,2024-03-27,999,0.16289404736642532,0,0,9.0,5,4,4,0.3754542534099617,0.3441286101625173,0.05993089082340918,4,98
1,2024-03-27 23:21:35.768280+00:00,46.351101,12.816582,2.488281,131.693,10.1047,3.9701893027914927,8,8,0.0578289,0.901091,0.542128,2024-03-27,999,0.03735070956066655,0,0,8.0,4,4,4,0.3761206655135691,0.40791107816791927,0.12313565181933646,4,99
31,2024-03-27 23:28:11.656725+00:00,46.354373,12.823468,1.454688,126.139,10.1274,4.323880086218858,9,9,0.0815862,0.901884,0.543494,2024-03-27,999,0.1278203927376475,0,0,9.0,5,4,4,0.13710769961107191,0.1677402095962608,0.08338721964310822,3,100
11,2024-03-27 23:31:28.004747+00:00,46.35775,12.826714,6.163281,99.6735,9.9966,3.6564115605330865,15,15,0.140447,0.944747,0.629356,2024-03-27,999,0.1452773962209905,0,0,15.0,8,7,7,0.5914654262716599,0.5717563559630006,0.03366086355395299,5,101
10,2024-03-27 23:33:04.643863+00:00,46.384605,12.879452,9.761719,141.042,2.46336,3.0090789122254673,10,10,0.102989,1.52137,0.986025,2024-03-27,999,0.048191375475031564,0,0,10.0,5,5,5,0.24864659509479292,0.24864659509479292,0.2835449583080438,2,102
12,2024-03-27 23:35:06.398908+00:00,46.351782,12.825743,1.148438,201.034,10.4623,5.1845241729593665,6,6,0.0605068,4.47246,2.19007,2024-03-27,999,0.06006906356276875,0,0,6.0,3,3,3,0.011077830500205055,0.011137384614165136,0.16370322095400025,3,103
0,2024-03-27 23:38:45.629737+00:00,46.358274,12.830394,4.555469,97.5189,10.1406,3.541456409445131,16,16,0.150872,0.836285,0.595022,2024-03-27,999,0.25908828047008275,0,0,16.0,8,8,8,0.6988000436131317,0.7051763519280088,0.06026754339594918,8,104
42,2024-03-27 23:42:10.507469+00:00,46.352361,12.816658,5.397656,105.929,9.9931,4.083422988131404,11,11,0.144327,0.999625,0.657529,2024-03-27,999,0.11243057693048535,0,0,11.0,6,5,5,0.5823260461640627,0.5576941206401904,0.13196760176005312,5,105
4,2024-03-27 23:52:00.172061+00:00,46.36273,12.823672,7.407422,100.682,9.42571,2.362361847812481,33,33,0.233978,0.902355,0.659378,2024-03-27,999,0.3368441040501535,0,0,34.0,16,17,16,0.7613962663532017,0.7642052998893604,0.05629156244308762,16,106
35,2024-03-28 00:13:54.494412+00:00,46.353132,12.81184,9.378906,53.071,8.6831,1.5366251982835633,77,77,0.288692,0.619191,0.581232,2024-03-28,999,0.41781243735289025,0,0,79.87804792351363,39,38,37,1.414824729932583,1.4663531090645154,0.04264129118725734,36,107
18,2024-03-28 00:48:22.777326+00:00,46.353254,12.818536,2.985938,132.961,9.99673,4.078367026151521,8,8,0.053451,0.908502,0.544514,2024-03-28,999,0.028595381901392082,0,0,8.0,4,4,4,0.5536192974881256,0.5593723745414809,0.02353892506961761,3,108
33,2024-03-28 00:50:11.980232+00:00,46.355789,12.829027,1.033594,201.02,10.2782,4.646444307209546,6,6,0.0709848,5.01399,2.56353,2024-03-28,999,0.01102380673077035,0,0,6.0,3,3,3,0.3455220404587822,0.3455220404587822,0.0604072648259355,2,109
47,2024-03-28 00:53:16.426748+00:00,46.350436,12.817757,7.617969,105.192,10.2172,2.8500733850201123,23,23,0.22045,0.905708,0.77289,2024-03-28,999,0.26768344011348394,0,0,23.0,12,11,11,0.8086639563796196,0.7896234648503282,0.06461571392043979,11,110
40,2024-03-28 01:01:50.882327+00:00,46.360658,12.813512,9.838281,51.0134,8.08757,1.5385938222935902,70,70,0.266094,0.647882,0.578584,2024-03-28,999,0.3823020159419635,0,0,71.0,34,36,34,1.4084614878397301,1.402491138432381,0.04675109686397327,33,111
14,2024-03-28 01:18:11.327778+00:00,46.354428,12.810703,9.378906,88.185,8.66519,2.1162659568211177,47,47,0.26094,0.716313,0.693783,2024-03-28,999,0.3219001985116731,0,0,47.0,24,23,23,1.0820394579934651,1.0580402903948372,0.04592688829121879,22,112
20,2024-03-28 02:03:11.197708+00:00,46.279639,12.750022,0.057422,123.198,2.83017,1.8592172976820112,10,10,0.0966913,1.6678,0.641936,2024-03-28,999,0.12349928171571721,0,0,10.0,5,5,5,0.48584038510388317,0.5330280583607224,0.09107565278462634,4,113
29,2024-03-28 02:28:52.624430+00:00,47.248082,11.454658,6.967187,178.051,13.4034,7.486492837103365,6,6,0.0470594,5.65891,2.7933,2024-03-28,999,0.03257103264138617,0,0,6.0,3,3,3,0.3063724942143068,0.3063724942143068,0.019408571897071458,2,114
50,2024-03-28 02:33:57.646604+00:00,46.320403,13.262285,12.230859,59.2598,7.31025,1.3535358916556295,73,73,0.242719,0.693795,0.518112,2024-03-28,999,0.3116167917797888,0,0,73.0,37,36,36,1.4625151046617433,1.5108035081486109,0.06495399273095485,35,115
51,2024-03-28 02:36:14.988530+00:00,46.354786,12.814677,9.053516,35.3305,8.3977,1.5317069726289032,138,138,0.444254,0.56401,0.531621,2024-03-28,999,0.459130746950451,0,0,147.94056074557636,89,49,49,2.6341252443384886,2.6434388918681044,0.04070745126236954,49,116
23,2024-03-28 02:51:24.819918+00:00,46.359531,12.80341,10.010547,49.2509,8.7616,1.4484800067657129,80,80,0.268184,0.637141,0.569399,2024-03-28,999,0.42967687673730437,0,0,83.0,40,40,39,1.50775603931448,1.5374536207390874,0.04155637434881819,38,117
31,2024-03-28 02:56:13.232537+00:00,46.27806,12.928145,3.445312,173.083,3.69189,2.793668358986084,8,8,0.066914,3.03888,0.820031,2024-03-28,999,0.02738058956636409,0,0,8.0,4,4,4,0.4682531475847969,0.5482660053250229,0.20574413745686032,4,118
42,2024-03-28 03:08:03.727570+00:00,46.364071,12.815543,9.034375,84.4132,8.90434,2.552996670581456,30,30,0.281368,0.868137,0.839758,2024-03-28,999,0.3436561585592375,0,0,29.682645738767622,15,15,15,0.6793143108220184,0.6949876416800762,0.04598824389597788,14,119
17,2024-03-28 03:29:18.673255+00:00,46.353727,12.813092,7.388281,104.42,9.71174,3.086374086205365,20,20,0.224917,0.979434,0.659493,2024-03-28,999,0.31065128917397694,0,0,20.0,10,10,10,0.5565683548527823,0.5570437687851381,0.07723694215486114,10,120
45,2024-03-28 03:33:40.271167+00:00,46.355206,12.811054,9.359766,88.0733,8.59176,1.8635108800326334,43,43,0.245175,0.813551,0.653742,2024-03-28,999,0.3036666188389163,0,0,44.0,22,21,21,0.9674448702740284,1.0050528819543358,0.046893177143910586,20,121
9,2024-03-28 03:54:15.548549+00:00,46.356963,12.821193,5.435937,103.026,9.79266,3.871706303427469,12,12,0.166394,0.948829,0.659921,2024-03-28,999,0.06353246080257627,0,0,12.0,6,6,6,0.5995918745486362,0.646044085653243,0.045980309906745384,5,122
7,2024-03-28 04:12:59.743252+00:00,46.357744,12.810599,10.087109,64.8381,8.45563,1.7153609736728885,62,62,0.284784,0.67035,0.628656,2024-03-28,999,0.37367431112953997,0,0,64.0,31,31,30,1.3282733210852236,1.3239881428535556,0.04824802248403894,30,123
32,2024-03-28 04:44:57.773488+00:00,46.356701,12.819353,6.392969,133.467,9.72803,3.5320643963551968,10,10,0.147443,1.5095,0.803829,2024-03-28,999,0.10182997297078357,0,0,10.0,5,5,4,0.3137395770531823,0.3248488684783871,0.02084806696206142,4,124
25,2024-03-28 05:15:53.577737+00:00,46.359222,12.819506,8.307031,84.2211,7.80277,2.577990864995452,33,33,0.275037,0.946214,0.677655,2024-03-28,999,0.3499414810151131,0,0,33.0,16,17,16,0.8908117511095706,0.9227857812710542,0.04602962710913007,16,125
36,2024-03-28 05:19:56.269721+00:00,46.350682,12.80926,6.239844,184.084,9.83459,4.06334817607352,8,8,0.120391,2.56602,0.933915,2024-03-28,999,0.06652221372277421,0,0,8.0,4,4,4,0.48845719786054537,0.4934318056577457,0.07382417319449432,4,126
26,2024-03-28 05:34:52.578960+00:00,46.352956,12.81791,5.014844,110.681,9.99518,3.9206628011090165,14,14,0.116901,0.855603,0.544109,2024-03-28,999,0.06070528470482348,0,0,14.0,7,7,7,0.5297435347323034,0.5236847005139629,0.040161431599363986,7,127
43,2024-03-28 06:25:06.672428+00:00,46.357472,12.814535,5.397656,168.368,9.43599,4.08944822683941,12,12,0.186911,1.56868,0.64157,2024-03-28,999,0.1152128805794481,0,0,12.0,6,6,6,0.43313054127672274,0.4592208354650702,0.07868013778837393,6,128
0,2024-03-28 06:50:43.278169+00:00,46.356353,12.809603,3.866406,189.315,9.31909,5.440792865015172,6,6,0.0663265,3.53972,1.74988,2024-03-28,999,0.05871441582431764,0,0,6.0,3,3,3,0.4725965674955538,0.4725965674955538,0.01947693546402285,2,129
24,2024-03-28 06:54:51.591984+00:00,46.163121,14.969187,13.092187,239.054,11.5668,3.9807735805996303,31,31,0.328544,3.1395,2.29414,2024-03-28,999,0.3715961851727381,0,0,32.0,19,12,12,1.2164719108619253,1.236827636387697,0.06409065852751528,10,130
37,2024-03-28 09:31:33.982310+00:00,46.355889,12.809271,8.976953,65.0137,8.65816,1.8149035153417934,45,45,0.238255,0.677898,0.615538,2024-03-28,999,0.27298188110838606,0,0,45.9999934071727,24,21,21,1.07843635298828,1.133723557192961,0.050968704057180084,20,131
28,2024-03-28 09:31:59.840970+00:00,46.346755,12.835774,1.492969,150.847,12.7469,4.399831814967476,8,8,0.0654598,1.81747,0.775499,2024-03-28,999,0.26770399893596986,0,0,8.0,4,4,4,0.3884043717583032,0.3884043717583032,,1,132
13,2024-03-28 09:57:54.411368+00:00,46.351031,12.819009,3.866406,123.346,10.2186,4.144265025309072,10,10,0.0529801,0.83705,0.504338,2024-03-28,999,0.046725134776244764,0,0,10.0,5,5,5,0.336441395540478,0.3708170163149178,0.0979789903013852,5,133
10,2024-03-28 10:02:15.264284+00:00,46.354776,12.820453,4.785156,112.048,9.94944,3.8444541355048054,13,13,0.115776,0.858591,0.523719,2024-03-28,999,0.07097253793309957,0,0,13.0,7,6,6,0.5741010830092587,0.58851511608932,0.07962608257104115,6,134
11,2024-03-28 10:02:25.861443+00:00,46.354005,12.82527,1.033594,127.195,10.2459,3.466320628562799,10,10,0.0451192,0.754212,0.459987,2024-03-28,999,0.04330281787627134,0,0,10.0,5,5,5,,,,0,135
30,2024-03-28 10:46:59.738673+00:00,46.361701,12.804757,10.087109,66.1907,8.59603,1.7025263463453362,58,58,0.296107,0.712367,0.670051,2024-03-28,999,0.33468516178620533,0,0,60.147590698146665,29,29,27,1.2971112533917724,1.3218976117706929,0.04741126570301819,26,136
1,2024-03-28 10:51:37.345897+00:00,44.428595,10.595479,33.38125,238.875,8.68801,11.308571129899656,6,6,0.169193,9.35573,8.37136,2024-03-28,999,0.1452903475199635,0,0,6.0,3,3,3,1.8890887103776022,1.7976767445120503,0.16217395114780253,3,137
3,2024-03-28 11:06:21.553520+00:00,46.190631,11.198588,9.876563,193.174,22.0359,10.312394775220739,10,10,0.112492,4.44137,1.15046,2024-03-28,999,0.09942238724444236,0,0,10.0,5,5,5,0.7711537833075898,0.7777851059283415,0.054706910503779994,4,138
15,2024-03-28 11:39:44.344154+00:00,46.136483,11.189654,7.120313,162.643,18.8046,8.131490392295868,10,10,0.138356,2.36188,1.42636,2024-03-28,999,0.17163350262155444,0,0,10.0,5,5,5,0.7509878214941913,0.6651044904547472,0.08899488830867296,5,139
6,2024-03-28 11:42:20.919736+00:00,46.354514,12.818613,5.742188,104.853,9.88737,4.040230352343786,13,13,0.141099,0.928904,0.599054,2024-03-28,999,0.08888153294558641,0,0,13.0,7,6,6,0.488421553956111,0.46861976533466154,0.039670059350468745,5,140
21,2024-03-28 13:33:43.624027+00:00,46.358486,12.82311,5.703906,101.686,9.75464,3.762287309603029,16,16,0.177111,0.937548,0.621082,2024-03-28,999,0.12069612066219056,0,0,15.90634611640898,8,8,7,0.5245781160224442,0.528134849343866,0.06223983000965535,7,141
2,2024-03-28 13:42:14.142210+00:00,46.62169,13.617698,2.717969,165.956,2.04791,3.2453155008411736,8,8,0.134096,3.00299,1.57811,2024-03-28,999,0.10862334256238729,0,0,8.0,4,4,4,0.776566147470385,0.8066560304749466,0.08294552491166404,4,142
12,2024-03-28 15:27:22.996867+00:00,46.352545,12.815757,5.684766,106.339,9.93653,3.114836271780589,24,24,0.210984,0.817315,0.574613,2024-03-28,999,0.26255208805169006,0,0,24.0,13,11,11,0.7915275027689287,0.8238350780295463,0.0501245799615055,11,143
22,2024-03-28 17:09:45.745692+00:00,46.360199,12.829295,5.321094,117.281,9.92535,4.3509405879648595,10,10,0.160595,1.21524,0.76018,2024-03-28,999,0.05063901903704627,0,0,10.0,5,5,5,0.3711442456116957,0.2835698078714086,0.09259366626737224,5,144
39,2024-03-28 17:31:29.962832+00:00,46.362513,12.81484,7.847656,106.167,9.00489,2.5565477112700243,26,26,0.208525,0.99601,0.657706,2024-03-28,999,0.2716522611126126,0,0,27.0,13,13,13,0.7248878600553527,0.7691763474576452,0.07475087782449892,12,145
41,2024-03-28 18:37:57.465143+00:00,46.356631,12.821781,7.158594,102.711,9.84983,3.1893592930242276,17,17,0.18057,0.984829,0.7006,2024-03-28,999,0.18301782568378325,0,0,17.0,8,9,7,0.5456515899581026,0.50067209329387,0.049812433548956016,7,146
19,2024-03-28 19:20:54.336004+00:00,46.354741,12.821667,7.311719,102.976,10.0096,3.372930550722917,16,16,0.161054,1.00903,0.695284,2024-03-28,999,0.18882739183126196,0,0,16.0,8,8,8,0.5710248290553155,0.5260489870892358,0.09114842217131003,7,147
52,2024-03-28 20:11:20.760896+00:00,46.359161,12.816158,9.666016,51.6511,8.01496,1.427875750897115,105,105,0.360858,0.616417,0.52804,2024-03-28,999,0.5022773905139407,0,0,115.33773115769175,57,48,43,1.822089000131128,1.852824346412604,0.04018054900264732,43,148
46,2024-03-28 21:57:29.068029+00:00,46.354952,12.814383,7.617969,107.234,9.65656,2.795196862476774,24,24,0.239871,1.03456,0.804433,2024-03-28,999,0.40752571656464714,0,0,24.0,11,13,10,0.6445259413812039,0.5495020720505809,0.08177675535561994,10,149
34,2024-03-28 22:09:26.099738+00:00,46.359151,12.821934,6.316406,102.297,9.63982,3.0671624182621957,20,20,0.182393,0.848744,0.588862,2024-03-28,999,0.2877145280745475,0,0,21.0,10,10,9,0.6210427501106672,0.6636426404926266,0.0660996527072341,9,150
16,2024-03-28 22:16:13.970827+00:00,46.356817,12.809935,9.972266,51.5597,8.55672,1.4811147322202962,93,93,0.337237,0.623168,0.566494,2024-03-28,999,0.4815246987286724,0,0,95.96542240192846,51,42,41,1.5629391227562415,1.5575234764834145,0.03479128270854483,40,151
10,2024-03-29 01:48:27.667475+00:00,46.360971,12.824477,7.311719,81.6539,9.61323,2.8668683785622244,25,25,0.253322,0.988203,0.69394,2024-03-29,999,0.35565577848810814,0,0,25.0,12,13,11,0.5887139014026136,0.632635690480619,0.05020508299808918,10,152
17,2024-03-29 02:35:07.940425+00:00,46.352573,12.809374,1.646094,191.104,9.66123,5.052395550627445,7,7,0.0762527,2.83362,1.66805,2024-03-29,999,0.03537427005370732,0,0,7.0,3,4,3,0.09331122720241614,0.09797819309259004,0.12273111813045602,3,153
3,2024-03-29 02:51:45.892641+00:00,46.363243,12.833129,7.082031,95.2208,9.88633,2.264959845118672,32,32,0.192364,0.808742,0.554643,2024-03-29,999,0.2817135737586179,0,0,32.0,16,16,16,0.6829723117004429,0.7957505502028007,0.0549731017970426,16,154
18,2024-03-29 03:46:37.863865+00:00,46.361855,12.821186,9.933984,50.2289,7.52559,1.368790097129578,98,98,0.297568,0.629401,0.538355,2024-03-29,999,0.44677430547382246,0,0,98.58781724652184,51,47,46,1.8278895748041266,1.8172283881265827,0.04372583236599134,44,155
8,2024-03-29 06:16:03.921054+00:00,46.349876,12.815291,0.038281,178.02,10.1616,4.88369173883856,6,6,0.0394408,3.47269,2.86769,2024-03-29,999,0.028712632311455263,0,0,6.0,3,3,3,-0.11797364452156556,-0.11797364452156556,0.0989575723401741,2,156
14,2024-03-29 07:18:44.712448+00:00,46.352397,12.815444,0.038281,141.952,9.93636,5.088021324640847,7,7,0.115771,4.97471,1.66906,2024-03-29,999,0.4452101243266167,0,0,7.0,3,4,3,1.3806088121066447,1.3806088121066447,,1,157
15,2024-03-29 08:54:00.721541+00:00,46.353304,12.82766,1.033594,201.41,10.4223,5.258490800600492,6,6,0.0637784,4.38602,2.19823,2024-03-29,999,0.06379337021327859,0,0,6.0,3,3,3,-0.03449694068108777,-0.03226598561572258,0.02442605908523831,3,158
12,2024-03-29 10:33:00.997053+00:00,46.355688,12.810779,5.857031,190.345,9.43114,5.236530511703336,7,7,0.115282,2.32679,1.01371,2024-03-29,999,0.07624004277581684,0,0,7.0,3,4,3,0.14487853002958576,0.07194110738414339,0.14858346068453282,3,159
4,2024-03-29 13:13:27.228977+00:00,47.041813,10.986494,9.417188,77.7786,19.7025,6.501292794514026,27,27,0.564831,2.13756,1.9991,2024-03-29,999,0.4071594852841139,0,0,27.0,15,12,12,1.0226714591359738,1.0242292142536835,0.08400886285501122,12,160
7,2024-03-29 14:08:20.372836+00:00,46.353112,12.823392,3.139062,126.028,10.2342,4.862641401542993,9,9,0.0580783,1.10296,0.549389,2024-03-29,999,0.8411270644211974,0,0,12.0,5,4,3,0.3347219518647377,0.27447763566867556,0.2210743092380662,3,161
11,2024-03-29 14:51:20.127351+00:00,46.380525,12.926347,3.732422,123.788,3.01782,2.2485593165402595,8,8,0.0621379,1.47673,0.750134,2024-03-29,999,0.1478506608444175,0,0,8.0,4,4,3,0.2421493035287824,0.27700584799904737,0.13361883513983558,3,162
0,2024-03-29 17:03:40.426798+00:00,46.357929,12.798752,5.780469,182.094,8.72685,3.9427046300731177,8,8,0.126194,2.57892,1.43307,2024-03-29,999,0.04868930521305694,0,0,8.0,4,4,4,0.026645971009537528,0.004786208753634336,0.09244341393591818,4,163
2,2024-03-29 17:34:04.159685+00:00,46.372999,12.919489,10.489063,239.466,7.77688,6.556737832184538,6,6,0.0693529,5.8821,2.02577,2024-03-29,999,0.06828671952541522,0,0,6.0,3,3,3,-0.028244278393406486,-0.028244278393406486,0.025328805838861435,2,164
1,2024-03-29 17:40:26.272848+00:00,45.882574,11.827595,9.914844,112.073,4.31845,2.2338167785205663,14,14,0.1483,1.49983,0.822097,2024-03-29,999,0.2124330115598805,0,0,14.0,7,7,7,0.9006143385466512,0.9154440072133212,0.06644771519882058,7,165
16,2024-03-29 20:43:38.323494+00:00,46.357997,12.818216,5.167969,123.17,9.56046,3.805768306137409,10,10,0.110404,0.927682,0.633222,2024-03-29,999,0.0918605935308601,0,0,10.0,5,5,5,-0.08537299365747336,-0.12318472643972922,0.05542346345362464,4,166
9,2024-03-29 20:52:41.161431+00:00,46.365563,12.946393,12.517969,166.752,6.85705,4.867346864565952,8,8,0.0963233,2.92675,1.25819,2024-03-29,999,0.07852452348936542,0,0,8.0,4,4,4,0.12587782562149777,0.15364390503759084,0.07629992260741107,3,167
13,2024-03-29 23:31:44.931939+00:00,46.35461,12.820747,3.923828,124.545,9.97789,3.700735994366526,12,12,0.0963278,0.836916,0.500366,2024-03-29,999,0.07390009574783266,0,0,12.0,6,6,6,0.27015380059909494,0.3004712173661541,0.06516189211782682,5,168
9,2024-03-30 00:47:33.364515+00:00,46.353052,12.820044,7.751953,104.097,10.0837,2.196881107388381,30,30,0.195122,0.897076,0.561123,2024-03-30,999,0.2458178955156807,0,0,30.0,15,15,15,0.5467936874897823,0.5741496464216662,0.04232351242675704,15,169
15,2024-03-30 00:48:10.260010+00:00,46.35701,12.803258,8.211328,89.802,8.99269,2.23776392856798,30,30,0.224542,0.832491,0.640575,2024-03-30,999,0.2176396612652411,0,0,30.0,15,15,15,0.6548338706736384,0.6544915439000436,0.07260738377627489,15,170
13,2024-03-30 01:50:34.002656+00:00,45.634937,13.933038,2.985938,222.59,10.6245,5.480014343046923,6,6,0.0816851,5.76561,1.14037,2024-03-30,999,0.16629712742202854,0,0,6.0,3,3,3,0.055620837108737664,0.055620837108737664,0.011967653527518829,2,171
10,2024-03-30 02:32:34.984014+00:00,46.427556,12.936603,4.957422,43.6195,4.03153,1.595501237855991,48,48,0.264175,0.588836,0.572246,2024-03-30,999,0.36819725269837605,0,0,48.0,24,24,24,0.829187835088408,0.8247643375327098,0.05823006055176607,23,172
16,2024-03-30 03:07:05.245521+00:00,46.367845,12.716634,6.546094,165.526,6.73395,4.488125922921504,6,6,0.0475215,4.76528,1.13425,2024-03-30,999,0.04061475297933046,0,0,6.0,3,3,3,-0.1487972113935895,-0.05912663559103448,0.1479050527854866,3,173
1,2024-03-30 04:58:46.219347+00:00,46.353254,12.818536,2.526562,123.198,9.99673,4.153972460187958,8,8,0.0680026,0.911832,0.603461,2024-03-30,999,0.043726106794036726,0,0,8.0,4,4,4,-0.01398645527654968,-0.010502683155388048,0.0522111702047225,4,174
0,2024-03-30 05:20:00.551723+00:00,46.376652,13.673427,8.230469,137.122,11.1299,3.521875650842886,27,27,0.251196,1.16107,0.804662,2024-03-30,999,0.2381455464683965,0,0,27.0,14,13,13,0.4398740735015283,0.4586341212847467,0.06744823076741598,11,175
20,2024-03-30 05:43:37.029396+00:00,44.676311,10.152764,20.748437,213.861,15.9942,6.425898769822008,9,9,0.218939,4.63055,2.98819,2024-03-30,999,0.25531943775551474,0,0,7.995349972284737,5,4,4,2.3407474700013466,2.3289050378999465,0.03296493529330756,3,176
25,2024-03-30 06:17:43.141491+00:00,46.472291,13.733154,4.172656,151.721,13.3441,4.961550614475277,12,12,0.191288,1.56652,1.3102,2024-03-30,999,0.19159194226375512,0,0,12.0,6,6,6,0.041093135023415085,-0.020427828151234007,0.08849384850198788,6,177
3,2024-03-30 06:38:34.165208+00:00,46.36144,12.926065,5.589063,252.349,8.23566,5.632105760725734,6,6,0.0255857,4.40648,1.80008,2024-03-30,999,0.010778080193212568,0,0,6.0,3,3,3,-0.05310052542178134,-0.05198518707779165,0.15547486035565763,3,178
26,2024-03-30 09:01:56.043114+00:00,46.504826,12.953974,6.392969,65.7791,6.01877,1.877430113213272,29,29,0.185542,0.740985,0.700306,2024-03-30,999,0.2916286760444799,0,0,28.958385542199583,14,15,14,0.7907753737490592,0.7884721424597848,0.05188874361043179,14,179
8,2024-03-30 09:59:41.958656+00:00,45.716391,13.850525,7.885938,67.8079,6.78093,5.235118059795786,18,18,0.485817,2.44966,1.49328,2024-03-30,999,0.6343448035831355,0,0,18.0,9,9,9,1.0654726796335798,0.950629819268678,0.15399690211500736,9,180
6,2024-03-30 11:32:20.515355+00:00,45.976323,14.834753,9.264063,125.799,15.7891,5.071680697756908,16,16,0.411239,2.80038,1.39645,2024-03-30,999,0.35743300363367503,0,0,16.0,9,7,7,0.5587103694798264,0.5479093002840077,0.08131050843583215,6,181
4,2024-03-30 13:26:39.409735+00:00,46.350295,12.822613,2.182031,125.388,10.4479,4.441307960499925,7,7,0.0564843,1.06107,0.635545,2024-03-30,999,0.035131072244383624,0,0,7.0,3,4,3,-0.10233485534489717,-0.10233485534489717,0.012648661389563443,2,182
5,2024-03-30 14:35:26.113151+00:00,46.351923,12.820888,5.895313,103.665,10.2233,4.010708964759223,20,20,0.209675,1.10511,0.708954,2024-03-30,999,0.4588762489524718,0,0,21.0,10,10,9,0.6354021537465421,0.6967069813166009,0.0685382972204155,9,183
21,2024-03-30 15:50:57.456464+00:00,46.353516,12.820376,1.110156,197.065,10.0576,4.923640898765871,6,6,0.036239,4.13847,2.13223,2024-03-30,999,0.02540840480683452,0,0,5.983993237365773,3,3,3,0.0026846727433454585,-0.00706407360321748,0.027762617685718968,3,184
19,2024-03-30 16:32:08.287026+00:00,45.932851,14.605477,10.986719,63.6346,12.5953,3.424586047977186,30,30,0.52711,1.50487,1.33689,2024-03-30,999,0.4091416374588398,0,0,30.0,16,14,14,0.833948707751596,0.792893234864378,0.06007544475656929,12,185
11,2024-03-30 17:04:28.881136+00:00,44.669957,10.159774,19.676562,110.986,15.7108,4.766179581174003,14,14,0.28648,3.61489,1.91394,2024-03-30,999,0.505661038388189,0,0,14.826693302370566,9,5,5,3.0263633362413858,3.3257886319598065,0.23933199836562605,5,186
18,2024-03-30 17:21:41.278178+00:00,44.675034,10.15511,20.901563,212.465,15.9343,7.467206572741911,8,8,0.250242,5.88449,2.8776,2024-03-30,999,0.3096092642200598,0,0,8.0,5,3,3,2.6795757317879105,2.6987207765385555,0.05467439694033362,3,187
14,2024-03-30 17:27:37.470326+00:00,44.665349,10.191587,23.734375,193.936,13.45,10.10796260380894,6,6,0.128921,9.41783,4.63468,2024-03-30,999,0.12151180402372487,0,0,6.0,3,3,3,2.177986498082941,2.187306835610553,0.046716627890175076,3,188
23,2024-03-30 18:45:45.029906+00:00,44.668667,10.164481,21.514062,206.272,15.3283,6.9609298947769895,8,8,0.161057,4.22941,2.56629,2024-03-30,999,0.1396609606448822,0,0,8.0,4,4,4,2.570068650046433,2.527516131479784,0.09244574478750134,3,189
12,2024-03-30 21:01:27.838042+00:00,46.363037,12.818521,7.158594,131.248,9.13955,3.0837080276835547,16,16,0.186737,1.49765,0.708218,2024-03-30,999,0.25548732781590655,0,0,15.804694410047318,8,8,7,0.5594056100774845,0.5755907668465639,0.05221442293048576,7,190
24,2024-03-30 21:06:36.993449+00:00,46.352886,12.820338,0.191406,103.931,10.112,3.6215430136890547,8,8,0.0896396,1.10687,0.616817,2024-03-30,999,0.3101480594656002,0,0,8.0,4,4,3,-0.003702697166647617,0.02311533890164741,0.04573676127959839,3,191
7,2024-03-30 21:20:13.931262+00:00,44.671165,10.16923,20.442187,108.27,15.2101,7.723520181885978,10,10,0.364239,4.89649,2.36084,2024-03-30,999,0.4790642230277846,0,0,10.0,6,4,4,2.9795894298446393,3.0900872238859978,0.2209997691239076,4,192
2,2024-03-30 21:36:08.178924+00:00,45.709493,10.830571,1.454688,288.984,11.0739,7.356450978562965,6,6,0.0531784,6.32177,1.66284,2024-03-30,999,0.05181620730323182,0,0,6.0,3,3,3,0.38227749297766156,0.4917896359816165,0.1748099940858988,3,193
8,2024-03-31 00:43:20.747599+00:00,44.690956,10.130495,22.509375,227.567,16.5749,10.459276504615412,6,6,0.166246,9.56359,6.60469,2024-03-31,999,0.15661964400021094,0,0,6.0,3,3,3,2.0345462618050707,2.0345462618050707,0.029487208806497023,2,194
19,2024-03-31 01:25:10.760500+00:00,44.676256,10.162206,20.901563,210.301,15.4104,5.439404250467141,10,10,0.167418,3.55888,2.42702,2024-03-31,999,0.1321899443799572,0,0,10.0,5,5,5,1.7373659475902974,1.7042030080899324,0.03777355086556101,3,195
17,2024-03-31 01:56:33.837017+00:00,46.352162,12.807221,10.163672,49.4349,9.03105,1.4649039149377683,105,105,0.332047,0.610399,0.530672,2024-03-31,999,0.48002234911435926,0,0,105.75603855881018,57,48,47,1.658144380254907,1.732316463361044,0.04864323563398295,47,196
16,2024-03-31 02:08:24.557717+00:00,44.669846,10.178657,20.595312,201.152,14.9124,10.567309023587793,6,6,0.145033,7.73474,7.5089,2024-03-31,999,0.1291850141807297,0,0,6.0,3,3,3,1.6939179804967934,1.6939179804967934,0.004874515399710622,2,197
25,2024-03-31 03:31:02.816898+00:00,45.666532,10.735571,2.966797,110.931,3.20661,2.3222894091822406,10,10,0.12339,2.15526,0.749188,2024-03-31,999,0.10233784446638114,0,0,10.0,5,5,5,0.4423469432220326,0.46451247511474225,0.12239581111136788,5,198
11,2024-03-31 03:31:30.419735+00:00,45.666829,10.737379,1.894922,113.409,3.25487,2.256066577031804,10,10,0.118907,1.81657,0.706124,2024-03-31,999,0.09620943683074952,0,0,10.0,5,5,5,0.05920022042348039,0.10536201375179322,0.10357355422022088,5,199
26,2024-03-31 04:38:55.176132+00:00,45.667151,10.736786,2.813672,112.12,3.28468,2.2835237463183953,10,10,0.116929,1.96718,0.696448,2024-03-31,999,0.08814088028973255,0,0,10.0,5,5,5,0.4874233429542497,0.5095449622931232,0.1206921836413046,5,200
7,2024-03-31 04:39:19.104442+00:00,45.666848,10.735578,3.273047,110.598,3.2416,2.2316507791318965,10,10,0.112629,1.86764,0.743496,2024-03-31,999,0.0928197940389826,0,0,10.0,5,5,5,0.4052554618604434,0.423314709503406,0.123996309200218,5,201
27,2024-03-31 04:47:26.166864+00:00,45.667144,10.737386,2.316016,113.045,3.28972,2.552989757127905,8,8,0.120825,1.46816,0.73224,2024-03-31,999,0.08803716391337917,0,0,8.0,4,4,4,0.12512676817904742,0.06880397418764927,0.12680681826834442,4,202
31,2024-03-31 06:50:11.270018+00:00,46.330661,13.214061,4.555469,125.468,9.00163,3.4748948904966896,14,14,0.137155,1.42321,0.593411,2024-03-31,999,0.2380968987570024,0,0,14.0,7,7,7,0.2888495466818834,0.2758028083402575,0.052790760803554056,6,203
23,2024-03-31 09:14:34.866585+00:00,44.672982,10.182235,23.121875,201.057,14.466,10.261229945771609,6,6,0.103535,8.90755,4.37,2024-03-31,999,0.09653533680429036,0,0,6.0,3,3,3,2.4280476196996306,2.4459425443011336,0.06406252375789152,3,204
14,2024-03-31 10:20:54.258514+00:00,46.363258,12.805459,10.393359,66.1087,8.46195,1.5121705823087552,69,69,0.255623,0.658221,0.632334,2024-03-31,999,0.3623135713548209,0,0,72.0,35,34,34,1.1918555489434708,1.1879856983348174,0.04736675855201836,33,205
29,2024-03-31 11:49:43.918470+00:00,46.059394,14.599013,11.446094,84.0151,5.78828,2.357410634573451,31,31,0.393624,1.67388,1.34344,2024-03-31,999,0.26209610875989175,0,0,30.973251019057994,18,13,13,1.237849936325357,1.2160301911706153,0.04972673745773106,10,206
18,2024-03-31 12:05:29.947310+00:00,46.350823,12.804404,7.847656,89.7557,9.62918,2.8447301629504333,21,21,0.242877,1.08252,1.02023,2024-03-31,999,0.3119194228843131,0,0,20.989412592783726,11,10,10,0.6728034358014756,0.6727778177169406,0.07413695472518383,9,207
21,2024-03-31 12:38:51.124091+00:00,45.803287,14.363614,5.933594,124.922,8.57033,4.668189809765665,10,10,0.195745,1.8037,0.920316,2024-03-31,999,0.2574166422474421,0,0,10.0,5,5,5,0.6452725302790601,0.6010540141546077,0.11609643736145112,5,208
10,2024-03-31 19:59:09.320355+00:00,46.584756,10.372827,1.167578,115.079,5.54221,2.633446031343722,8,8,0.0962064,1.06012,0.855636,2024-03-31,999,0.07865865668664285,0,0,8.0,4,4,4,0.3535346271035569,0.31047344007019406,0.23207495290508753,4,209
30,2024-03-31 21:16:47.693407+00:00,46.56436,12.389471,5.895313,136.825,16.9029,8.312753334485512,8,8,0.245247,16.3793,2.9579,2024-03-31,999,0.13557322249078002,0,0,8.0,4,4,4,0.489674826127136,0.423090001459148,0.1222835351071394,4,210
5,2024-03-31 21:19:49.900540+00:00,44.645289,10.167753,24.959375,195.731,13.6505,10.221229231359601,6,6,0.0980509,9.57473,4.63642,2024-03-31,999,0.08168650751709769,0,0,6.0,3,3,3,2.0413384025697447,2.018463186975075,0.06398350124477778,3,211
3,2024-03-31 22:00:47.383605+00:00,44.637006,10.180634,17.379688,104.717,12.3074,7.782913400520399,12,12,0.473725,3.99694,2.53418,2024-03-31,999,0.5461604938537118,0,0,13.0,7,5,5,2.4442609853734827,2.5598973765171373,0.2565343378892855,5,212
22,2024-03-31 23:11:36.418029+00:00,45.739675,11.017092,6.852344,65.2692,13.1755,4.2745702357079125,22,22,0.38051,1.141,0.900247,2024-03-31,999,0.19438738290814225,0,0,22.0,11,11,11,0.5585964845043422,0.5748508274718451,0.06177589405965927,11,213
28,2024-03-31 23:14:28.570383+00:00,46.415545,12.926716,6.450391,78.6135,2.56132,1.6194921117436787,11,11,0.121609,1.05276,0.750145,2024-03-31,999,0.07825092729546881,0,0,11.0,5,6,5,0.2264871013739589,0.2721472147934769,0.1393402086447083,4,214
4,2024-04-01 03:36:52.474546+00:00,44.670807,10.120834,21.284375,122.737,18.4059,15.65161892584917,8,8,0.297139,15.8768,7.3143,2024-04-01,999,0.5114375908870473,0,0,8.0,5,3,3,2.5153658259696963,2.5153658259696963,0.06841471517241393,2,215
2,2024-04-01 04:01:58.356406+00:00,46.353001,12.81092,8.134766,108.278,9.68582,2.4528044357428906,26,26,0.198595,0.852505,0.71678,2024-04-01,999,0.2854761792512718,0,0,26.0,14,12,12,0.8500898440926004,0.8471251199972516,0.04279290095936093,12,216
1,2024-04-01 11:23:52.427077+00:00,46.343961,13.475169,10.297656,134.443,9.47114,3.2024039876317913,14,14,0.0818904,1.28509,0.724402,2024-04-01,999,0.14747320958260882,0,0,14.0,7,7,7,0.6908679010785594,0.6625930727295193,0.11782886521808254,7,217
3,2024-04-01 11:37:27.255117+00:00,44.672371,10.178687,23.045312,202.22,14.7156,6.75441137331744,7,7,0.174289,5.7206,2.91869,2024-04-01,999,0.13551483624709096,0,0,4.399822806438507,4,3,3,2.8963799309351868,2.905785887398986,0.07652864148207343,3,218
7,2024-04-01 15:07:56.076752+00:00,46.354226,12.812211,10.316797,52.8408,8.58613,1.4804031342847122,97,97,0.325081,0.660627,0.578824,2024-04-01,999,0.4711720949480213,0,0,100.31515377506423,53,44,43,1.6683174811507395,1.7185262903233811,0.04903806883168037,42,219
6,2024-04-01 20:07:22.134509+00:00,45.712265,14.216247,16.575781,72.6655,16.3082,3.5834454091000185,31,31,0.338026,1.49923,1.284,2024-04-01,999,0.4278322004369584,0,0,31.0,15,16,14,0.9381737364346111,0.9702512265834848,0.030958614960346388,11,220
5,2024-04-01 20:49:01.956300+00:00,46.342702,13.475078,10.374219,134.542,9.49259,3.7616023181617697,16,16,0.14939,1.29149,0.872717,2024-04-01,999,0.199503471699353,0,0,15.919406478807874,8,8,8,0.6756081273759659,0.697271539873961,0.08502597703829239,6,221
0,2024-04-01 21:37:43.380185+00:00,47.152536,11.105588,1.454688,197.139,10.8724,5.621189491557814,6,6,0.195114,9.94261,4.66802,2024-04-01,999,0.06937810489892018,0,0,6.0,3,3,3,0.12487812546063748,0.12487812546063748,0.19923153285261175,2,222
11,2024-04-02 06:21:57.931292+00:00,46.653798,9.635721,3.292187,165.925,9.47203,7.148347221561079,8,8,0.436951,7.02993,3.02897,2024-04-02,999,0.11463429159465649,0,0,8.0,4,4,4,0.16406202569864256,0.14083853113492584,0.049021667341387284,3,223
4,2024-04-02 07:19:10.692539+00:00,45.631762,14.239485,8.153906,105.413,15.9958,6.066524622879231,11,11,0.213549,1.3601,1.20452,2024-04-02,999,0.1177390555555931,0,0,11.0,5,6,5,0.3933062703351891,0.3339168906455454,0.06912235697503107,4,224
9,2024-04-02 08:46:25.759205+00:00,45.738743,14.085584,0.076563,159.904,17.296,10.111628849992467,7,7,0.110241,2.82671,1.75713,2024-04-02,999,0.1997264797762422,0,0,7.0,3,4,3,0.35054376110522023,0.3433282990248361,0.09446940788838405,3,225
3,2024-04-02 10:22:53.090688+00:00,45.941941,14.309362,7.464844,107.873,10.4432,4.936414700974788,14,14,0.224033,1.44029,0.910804,2024-04-02,999,0.45269410809825467,0,0,14.0,8,6,6,1.030583178433882,1.0572661732821138,0.059413659224660825,6,226
15,2024-04-02 10:50:46.803203+00:00,46.277008,13.257488,8.938672,91.0457,2.95912,1.6643735337958243,34,34,0.183282,1.01316,0.530962,2024-04-02,999,0.2282460825970176,0,0,34.0,18,16,16,1.1131077750960885,1.0885140035836085,0.09084183386011391,16,227
10,2024-04-02 11:57:36.923192+00:00,46.464266,13.540901,3.119922,154.291,1.60821,1.8605136226322019,17,17,0.174759,1.18561,0.699854,2024-04-02,999,0.323370229287637,0,0,17.0,9,8,8,0.7422103005171641,0.7160346532745927,0.1004244037054784,8,228
2,2024-04-02 16:47:13.182762+00:00,45.930041,12.325556,10.680469,176.691,12.1907,4.716939622255091,16,16,0.22445,1.96319,1.06419,2024-04-02,999,0.36122043074962434,0,0,16.0,8,8,8,0.9034271642843256,0.8456694676972506,0.049388921079341036,8,229
6,2024-04-02 17:42:00.897353+00:00,46.485215,13.118522,6.239844,97.726,7.46258,5.517357827801274,9,9,0.221532,1.64599,1.23441,2024-04-02,999,0.12295129152686143,0,0,9.0,4,5,3,0.42503762345858026,0.4908112247560903,0.1544625717773596,3,230
12,2024-04-02 20:59:50.480303+00:00,46.151883,13.942334,9.149219,94.1348,13.978,6.106080002751355,10,10,0.136924,1.30037,1.06633,2024-04-02,999,0.09340411069458879,0,0,10.0,5,5,5,0.14670666485241016,0.19608934816680557,0.0706100506067621,5,231
3,2024-04-03 04:24:47.452968+00:00,46.352744,12.825194,7.311719,102.43,12.3684,3.7231364734589034,14,14,0.163055,1.11135,0.759779,2024-04-03,999,0.1636214239663578,0,0,14.0,7,7,7,0.410836037801589,0.4669762848743959,0.10451257658290895,7,232
2,2024-04-03 04:29:43.952994+00:00,45.994813,14.721746,3.828125,177.923,22.626,8.65357504156519,6,6,0.320396,16.7403,9.88955,2024-04-03,999,0.07382892168528207,0,0,6.0,3,3,3,0.14165459599047292,0.14165459599047292,0.14152972889663484,2,233
0,2024-04-03 07:01:45.972846+00:00,46.62312,9.82628,0.842187,185.02,5.99386,7.677748563218256,6,6,0.252971,11.816,4.04962,2024-04-03,999,0.017716087487475298,0,0,6.0,3,3,3,-0.07314964468122187,-0.07314964468122187,0.016775547917299738,2,234
4,2024-04-03 07:46:38.631855+00:00,46.063158,14.973795,9.110938,175.139,1.86657,5.56294392385902,6,6,0.0945652,5.92133,3.01937,2024-04-03,999,0.0822893850674353,0,0,6.0,3,3,3,0.20280224763172083,0.20280224763172083,0.11351624814650907,2,235
6,2024-04-03 21:14:18.193733+00:00,46.253074,13.721081,6.928906,101.109,3.03314,1.9609975522677228,18,18,0.160762,1.17917,0.921368,2024-04-03,999,0.329002681866298,0,0,18.0,9,9,9,0.399294172969615,0.46951046149938214,0.12735567544154194,8,236
5,2024-04-04 01:11:40.770341+00:00,46.010986,14.258551,6.699219,118.953,7.76472,5.042524060428468,10,10,0.162979,1.82142,0.974203,2024-04-04,999,0.13372275044520068,0,0,10.0,5,5,5,-0.026655562319927384,-0.030523589996722444,0.029556902424803574,4,237
10,2024-04-04 06:04:09.076149+00:00,46.363286,13.161539,2.105469,135.679,15.0784,7.279245702681013,8,8,0.0488191,1.34584,1.18037,2024-04-04,999,0.04180574427651139,0,0,8.0,5,3,3,0.0718882575837082,0.0718882575837082,0.0032420264467102333,2,238
15,2024-04-04 07:38:31.384766+00:00,46.161448,12.459782,9.302344,165.456,7.56031,4.727487281844342,8,8,0.0969547,2.00716,1.13454,2024-04-04,999,0.3963521179119694,0,0,9.0,4,4,4,0.9196238423614886,0.9343497072496066,0.10272155728577953,4,239
3,2024-04-04 08:27:24.680547+00:00,45.799699,14.321763,7.885938,94.5226,10.4005,3.8453951812525067,14,14,0.185551,1.21763,1.08058,2024-04-04,999,0.46676038560345384,0,0,13.928133201933013,7,7,7,0.9883929148507117,0.942497624694284,0.14539366734803383,7,240
9,2024-04-04 09:47:30.015872+00:00,46.598051,13.563985,8.498437,154.712,6.73385,3.0919619014470405,17,17,0.156421,4.21153,1.98365,2024-04-04,999,0.08576468455474544,0,0,17.0,8,9,8,0.981738222883639,0.9480098440263518,0.08710182681824902,8,241
6,2024-04-04 10:59:45.902572+00:00,46.049464,13.661977,6.852344,93.4808,7.2363,4.1155714548528985,38,38,0.382466,1.38962,1.06335,2024-04-04,999,0.6279878392809893,0,0,38.98302685400162,21,17,17,1.1914100528596911,1.1349872464872763,0.06958861079443952,17,242
16,2024-04-04 11:28:10.486248+00:00,47.199061,12.471956,1.071875,225.354,50.3371,5.086067940953994,106,106,0.813724,4.06835,2.64136,2024-04-04,999,0.7316934864538709,0,0,137.77201579457235,64,42,29,2.755626021639114,2.7560484986927962,0.048004345270294076,28,243
4,2024-04-04 19:44:20.941527+00:00,45.123952,14.769958,0.153125,299.089,45.4548,10.484305890234221,14,14,0.55985,7.62222,6.0676,2024-04-04,999,0.5999222722051564,0,0,15.990468753159043,10,4,4,1.1306699701244214,1.1217974240873314,0.012563008767038104,3,244
14,2024-04-04 21:12:36.641948+00:00,45.944868,12.221897,10.335937,195.531,10.2044,5.678194290441284,12,12,0.240509,3.77761,1.33825,2024-04-04,999,0.28471226764263036,0,0,12.0,6,6,6,0.5816019077012338,0.5487289141997029,0.08760417400950428,6,245
12,2024-04-04 21:20:37.981135+00:00,46.695721,10.179744,7.158594,69.9759,6.27999,2.135593594296443,31,31,0.345113,1.22585,0.897996,2024-04-04,999,0.29762501964573645,0,0,30.921394067858074,18,13,13,1.218359690586794,1.298078654475862,0.10672247969899366,13,246
1,2024-04-04 22:47:13.384863+00:00,46.086162,14.272288,12.594531,68.8543,1.0462,2.3393048540111225,35,35,0.300347,1.27342,0.950143,2024-04-04,999,0.3035949733143846,0,0,34.921620824610514,18,17,16,0.684610982747202,0.682345582972022,0.0855312248767707,15,247
7,2024-04-04 23:13:02.405240+00:00,46.096304,14.578213,8.996094,111.721,7.03244,3.0824657500124797,15,15,0.364816,2.45534,1.22105,2024-04-04,999,0.3248366669239572,0,0,14.66870446022769,7,8,7,0.21891800857012628,0.10879562323663095,0.1265881796430935,7,248
0,2024-04-05 00:31:43.626513+00:00,46.05733,14.837128,9.302344,136.95,11.6185,4.20087100492267,19,19,0.375057,2.79943,1.58094,2024-04-05,999,0.37255891261032154,0,0,19.0,10,9,9,0.47130220724912864,0.43138163903731996,0.0711333227275863,8,249
6,2024-04-05 04:15:35.436430+00:00,47.203588,12.491976,5.359375,266.634,50.7707,10.6468142653096,35,35,0.580866,7.42832,5.12828,2024-04-05,999,0.43858540551766434,0,0,35.981148498394155,16,19,15,1.4341062013988892,1.463196339582531,0.055815814994002996,14,250
5,2024-04-05 07:50:01.759363+00:00,46.362659,12.8261,6.718359,99.272,9.55732,2.76051132944605,29,29,0.209444,0.736948,0.604566,2024-04-05,999,0.286943786537327,0,0,28.687713378671056,15,14,14,0.6211412386501017,0.6217406726230099,0.06437685707061241,14,251
8,2024-04-05 07:58:47.381622+00:00,45.583199,13.907968,8.613281,199.168,9.26779,3.718876954135482,18,18,0.164294,3.33134,1.12119,2024-04-05,999,0.32791568947606836,0,0,18.0,10,8,8,0.8049352344690284,0.7852441120751688,0.08494814460442268,8,252
1,2024-04-05 11:13:34.228584+00:00,45.590586,10.319203,0.535938,216.918,3.07732,7.900204047997748,6,6,0.126702,8.08655,5.00752,2024-04-05,999,0.14776053060496253,0,0,6.0,3,3,3,0.9397804173163964,0.882323403195532,0.1181732509917708,3,253
12,2024-04-05 12:28:31.817940+00:00,46.355066,12.81591,10.546484,29.749,8.30369,1.3585430872813713,140,140,0.407638,0.602654,0.566431,2024-04-05,999,0.5247544190553555,0,0,155.74017138515651,86,54,53,3.262966360713588,3.2923887091089115,0.03879857670778746,53,254
11,2024-04-05 12:35:30.269760+00:00,46.352843,12.816383,10.087109,63.496,8.43041,1.6932089563902029,61,61,0.285484,0.698638,0.638277,2024-04-05,999,0.369338495565464,0,0,61.0,31,30,30,1.2227777969090665,1.2674109365605861,0.04946244144199402,29,255
7,2024-04-05 13:04:34.960445+00:00,46.30269,13.306329,9.876563,199.57,5.55071,5.845176934875453,6,6,0.0339836,9.74161,1.72479,2024-04-05,999,0.06154825322993473,0,0,6.0,3,3,3,0.4619646394877906,0.39465193638703844,0.09975238681047284,3,256
4,2024-04-05 18:06:43.778782+00:00,46.319491,12.818315,4.325781,150.19,9.606,4.3458262735640965,10,10,0.0783045,4.90319,0.758518,2024-04-05,999,0.10936641677197799,0,0,10.0,5,5,5,0.02249148893327002,0.053849830114454544,0.08277176654125647,4,257
13,2024-04-06 00:36:31.628644+00:00,46.356815,12.82088,7.024609,103.233,9.79062,2.642752409893897,23,23,0.17736,0.925098,0.603366,2024-04-06,999,0.1641855822097005,0,0,23.0,12,11,11,0.34663444657449516,0.3781260957825384,0.0621202181997863,10,258
5,2024-04-06 01:37:00.531955+00:00,46.471778,12.893076,4.306641,146.718,1.88294,1.9920731412275001,8,8,0.104486,1.77456,1.08554,2024-04-06,999,0.0729999435860171,0,0,8.0,4,4,4,0.10303335788163542,0.09798397371259104,0.13220957770779385,4,259
7,2024-04-06 02:24:04.220267+00:00,45.872782,10.10997,15.465625,301.867,27.501,8.107143516677128,16,16,0.230463,4.27474,3.46973,2024-04-06,999,0.2583608202589316,0,0,16.0,8,8,8,0.8722145185578325,0.9078334344325817,0.0864495481670091,8,260
0,2024-04-06 05:41:43.546006+00:00,46.351179,12.819323,1.894922,123.536,10.2192,3.815490414088338,10,10,0.058071,0.782843,0.496768,2024-04-06,999,0.07888985839006064,0,0,10.0,5,5,5,-0.038642303949974144,-0.03589251653028036,0.019502528474083312,3,261
9,2024-04-06 08:05:31.366164+00:00,46.438145,12.993297,8.823828,88.4553,2.73085,1.6820497822597285,18,18,0.189004,0.93216,0.841609,2024-04-06,999,0.11635934751334169,0,0,18.0,9,9,9,0.3775094798444937,0.3986835369789268,0.10902716206873489,9,262
6,2024-04-06 08:41:25.334055+00:00,46.064684,14.196635,2.641406,137.589,5.31866,2.855072801173378,10,10,0.139069,1.56919,1.21827,2024-04-06,999,0.5551046008266034,0,0,9.847973728467416,5,5,4,0.484209656566138,0.49243041893742934,0.06391961965923376,3,263
4,2024-04-06 11:13:48.074445+00:00,46.249739,12.872364,2.488281,354.673,1.17709,1.6504241242783626,6,6,0.0387053,3.04061,1.01199,2024-04-06,999,0.022409306238843265,0,0,6.0,3,3,3,0.09256714301538504,0.09256714301538504,0.20157474953705512,2,264
14,2024-04-06 11:35:57.461957+00:00,45.325832,14.492616,9.034375,256.067,24.1392,7.256563649552038,16,16,0.399572,5.56179,2.64285,2024-04-06,999,0.47429961015819544,0,0,17.0,10,6,5,0.8619362945774265,0.8585505585421163,0.018413919612031034,3,265
10,2024-04-06 13:07:47.352476+00:00,46.251772,12.867633,2.564844,183.038,1.58725,1.6932381433218424,8,8,0.0528253,3.15695,0.522594,2024-04-06,999,0.10539850921292923,0,0,8.0,4,4,4,0.72852482486316,0.7029842402027193,0.17536243205150964,4,266
1,2024-04-06 14:58:25.773291+00:00,46.347745,13.212788,6.469531,168.084,9.35941,3.526863606662441,13,13,0.159964,1.08816,0.774591,2024-04-06,999,0.11530980812886178,0,0,13.0,6,7,6,0.41384595914263783,0.3516941417606658,0.09986951026099868,6,267
8,2024-04-06 17:36:53.635958+00:00,45.587761,10.054103,31.696875,296.814,20.2041,6.800583945515267,25,25,0.250932,5.45776,4.95672,2024-04-06,999,0.46977783857700095,0,0,24.97878991100478,13,12,12,1.3351956693447566,1.3042854917823268,0.10931702294667296,9,268
11,2024-04-06 18:25:19.292806+00:00,46.360128,12.831723,4.708594,96.5161,10.0587,3.7838710337430896,20,20,0.143918,0.702548,0.582793,2024-04-06,999,0.2689523680000939,0,0,20.0,10,10,10,0.5682847064693997,0.5997919533618963,0.07098048864605337,10,269
8,2024-04-07 00:11:40.997512+00:00,44.664507,10.118407,24.19375,221.989,18.9645,8.232489416938233,7,7,0.166015,6.44408,5.94598,2024-04-07,999,0.14152719318482146,0,0,7.0,4,3,3,2.10359471354768,2.10359471354768,0.06391115907500122,2,270
6,2024-04-07 00:40:26.252702+00:00,46.068463,14.265314,10.948437,136.169,1.39748,3.839157029869969,10,10,0.223675,2.67692,2.21403,2024-04-07,999,0.2955761813700872,0,0,10.0,5,5,4,-0.03197713712545417,-0.02483032165248078,0.016972639105684723,3,271
9,2024-04-07 03:07:46.536018+00:00,45.631278,14.451311,14.929688,143.526,12.1109,7.400799483839567,8,8,0.217918,4.90922,2.4163,2024-04-07,999,0.15886899041230415,0,0,8.0,4,4,4,-0.33931557296183645,-0.33931557296183645,0.02488571939980777,2,272
19,2024-04-07 03:10:08.275083+00:00,45.622481,14.47934,8.804688,130.48,13.0627,8.302449216947972,6,6,0.0646301,4.36457,3.9491,2024-04-07,999,0.045469435762821954,0,0,6.0,3,3,3,-0.1718677254386436,-0.1718677254386436,,1,273
23,2024-04-07 03:10:32.958157+00:00,45.628734,14.444485,15.427344,93.2643,12.2953,3.6611390986959234,16,16,0.319472,1.75913,1.60738,2024-04-07,999,0.2432611134792898,0,0,16.0,9,7,7,0.6689423034269942,0.6385415793905027,0.06869582203399656,7,274
22,2024-04-07 03:11:00.311945+00:00,45.628526,14.449268,14.202344,94.6724,12.3836,3.8802854147601047,14,14,0.308448,1.77468,1.54445,2024-04-07,999,0.4748202030334554,0,0,16.0,7,7,7,0.3974768767769806,0.3498603162206104,0.06314004264967889,5,275
13,2024-04-07 03:11:34.207784+00:00,45.626166,14.445459,14.891406,94.5988,12.0664,4.057001404978805,10,10,0.230862,1.88715,1.73253,2024-04-07,999,0.13081583043001682,0,0,10.0,5,5,4,0.03469927510640147,0.036767245487536515,0.0843017760553536,4,276
5,2024-04-07 03:12:09.113031+00:00,45.623524,14.455428,12.479687,121.75,12.155,7.5405221967712555,7,7,0.130035,3.12071,2.57707,2024-04-07,999,0.01465827283133786,0,0,7.0,3,4,3,-0.2388252888574461,-0.23319721557090523,0.016751919385816275,3,277
25,2024-04-07 03:27:54.278555+00:00,46.356343,12.815379,9.589453,30.1363,8.24926,1.4107369350803856,151,151,0.455321,0.598336,0.579934,2024-04-07,999,0.5713325255967366,0,0,166.61621628445732,98,53,51,2.3061741192493197,2.3718692204423157,0.03718829201973425,51,278
1,2024-04-07 03:34:33.095851+00:00,46.323087,11.117609,11.560937,100.032,10.3238,4.46835646518941,17,17,0.508048,2.53864,1.46456,2024-04-07,999,0.29917739083577544,0,0,17.0,9,8,7,0.5431104398605567,0.5061413130402446,0.13210518390561876,7,279
16,2024-04-07 04:38:49.687595+00:00,46.291435,13.303118,10.182812,252.453,4.29648,4.807083388084712,6,6,0.0358397,6.27513,2.18561,2024-04-07,999,0.018965653077952935,0,0,6.0,3,3,3,-0.12371545688782071,-0.12371545688782071,0.08459970205651235,2,280
24,2024-04-07 05:44:00.491835+00:00,46.685398,12.576393,10.144531,129.33,8.46258,2.797431268145832,78,78,0.444576,1.73161,1.26106,2024-04-07,999,0.39948422392487426,0,0,82.0,47,31,29,1.470667569726561,1.4094191796232916,0.05349930918303747,28,281
10,2024-04-07 07:03:53.910678+00:00,46.029953,14.181595,6.239844,76.2368,8.37207,3.9653851137058553,16,16,0.310501,1.31033,1.04509,2024-04-07,999,0.31623743877631993,0,0,16.936367626641054,9,7,7,0.6627757606966531,0.6831932624927968,0.14340528821517648,7,282
0,2024-04-07 07:39:26.759394+00:00,46.360233,12.99714,4.172656,159.704,9.02353,4.925812775573184,8,8,0.0592386,1.25086,0.769602,2024-04-07,999,0.05371831365952701,0,0,8.0,4,4,4,0.039593398467018814,0.024559237048859428,0.04363601383288855,4,283
11,2024-04-07 07:44:44.474054+00:00,46.089128,14.123673,9.685156,67.7512,10.7032,4.531403943591875,15,15,0.193857,1.24223,1.15717,2024-04-07,999,0.4550027235160001,0,0,16.0,9,6,6,0.4342665412105224,0.3511289365593987,0.1706857274291143,6,284
14,2024-04-07 09:02:47.280508+00:00,46.357034,12.818765,5.129687,104.5,9.67105,4.192303793858455,14,14,0.146472,0.959319,0.712679,2024-04-07,999,0.1644070227834695,0,0,14.0,7,7,7,0.2752669080331458,0.2896439427319035,0.0855047057762317,7,285
4,2024-04-07 09:26:11.685408+00:00,45.716008,13.852299,9.302344,67.1532,6.91329,5.651617591451141,21,21,0.298158,1.91833,1.22063,2024-04-07,999,0.5058196374513748,0,0,21.0,11,10,10,0.8089432400432836,0.7367037684809108,0.11349416467132287,9,286
15,2024-04-07 11:51:50.547517+00:00,45.826555,11.010417,12.403125,169.135,15.084,7.012464973174554,9,9,0.255146,3.87361,1.55833,2024-04-07,999,0.10534026846331265,0,0,9.0,5,4,4,0.424814642195058,0.43595058348970217,0.13226714005898202,4,287
3,2024-04-07 16:08:07.385963+00:00,46.039076,11.829324,6.239844,101.47,8.48021,4.229657752111866,9,9,0.211583,1.42876,0.938182,2024-04-07,999,0.036002405433747095,0,0,9.0,5,4,4,0.5615112848540437,0.49552224946486334,0.17758183297049498,4,288
21,2024-04-07 16:15:08.719140+00:00,46.295454,12.236799,6.967187,246.59,7.10995,4.695788261836344,8,8,0.146307,6.51576,2.43125,2024-04-07,999,0.06887983508471172,0,0,8.0,4,4,4,0.7431645722336148,0.7142931208202835,0.06007941907670972,4,289
7,2024-04-07 17:49:32.203181+00:00,46.356519,12.809309,10.316797,65.0366,8.6152,1.5949657300393634,68,68,0.289918,0.719516,0.598177,2024-04-07,999,0.37030421312123935,0,0,67.97388628185897,35,33,32,1.1028869139903759,1.1100949873241017,0.046769161019619324,31,290
20,2024-04-07 18:48:31.554159+00:00,46.013334,14.201946,0.650781,172.775,8.79924,5.035799132213278,6,6,0.0932196,5.51465,3.47221,2024-04-07,999,0.03847035075293878,0,0,6.0,3,3,3,-0.3021625645451935,-0.3021625645451935,0.055829821909879174,2,291
2,2024-04-07 22:27:41.816344+00:00,46.663336,9.882777,5.895313,100.27,11.0086,4.9821547246146425,10,10,0.301447,1.63956,1.21764,2024-04-07,999,0.06936228558384884,0,0,10.0,5,5,5,-0.033564313529575784,-0.033564313529575784,0.3092365390703615,2,292
18,2024-04-07 23:40:01.635898+00:00,46.232905,13.821464,5.014844,95.7576,6.56163,3.985435220901225,14,14,0.224089,1.18443,0.90442,2024-04-07,999,0.31349128719864744,0,0,14.0,7,7,7,0.04854241688345273,0.10231801820111697,0.0883932663940637,7,293
12,2024-04-07 23:59:42.934735+00:00,47.352755,10.950608,4.670313,189.607,11.6032,5.8262921485280845,6,6,0.24005,9.12836,4.02967,2024-04-07,999,0.058027157831042564,0,0,6.0,3,3,3,1.412076600997472,1.3453786110678267,0.19551881143910946,3,294
7,2024-04-08 05:19:06.635375+00:00,45.583368,10.39765,10.910156,113.98,7.13998,3.090917096914765,43,43,0.311246,1.49242,1.08922,2024-04-08,999,0.4366213361359756,0,0,44.0,23,20,20,1.5771736991832064,1.6197973985285072,0.062300696761070626,19,295
11,2024-04-08 08:26:27.802465+00:00,44.677546,10.157499,19.982812,212.613,15.6131,5.810235563210841,10,10,0.197825,3.60827,2.61867,2024-04-08,999,0.17880045617959134,0,0,10.0,5,5,5,2.7450028692430934,2.6997919810960793,0.052305884481758894,3,296
9,2024-04-08 09:22:24.406908+00:00,45.798273,14.333077,7.005469,124.0,9.64419,5.513511294991605,8,8,0.118332,3.75385,1.16899,2024-04-08,999,0.45374667543897823,0,0,7.861467451827673,4,4,4,0.8645043099979408,0.8546254912313955,0.15816393322505112,4,297
15,2024-04-08 09:23:02.715171+00:00,45.800262,14.330841,6.316406,123.98,9.9233,4.01340569840628,13,13,0.211977,1.41788,1.03849,2024-04-08,999,0.3515157672128317,0,0,13.0,8,5,5,1.0235745004469445,1.0614439972459875,0.15180085318134523,5,298
3,2024-04-08 09:23:45.727635+00:00,45.798698,14.33793,6.546094,122.766,9.40977,5.341036537976501,9,9,0.124456,2.5862,1.1621,2024-04-08,999,0.4197879717356814,0,0,9.0,5,4,4,1.218501634731623,1.3130682970183176,0.2133926914373124,4,299
5,2024-04-08 09:47:27.955374+00:00,46.125538,13.538731,0.076563,283.159,9.79838,5.8360022789577455,6,6,0.0295925,10.4259,1.06858,2024-04-08,999,0.11898644184008496,0,0,6.0,3,3,3,0.3964479252805145,0.5655372151938596,0.3344005610964502,3,300
1,2024-04-08 10:56:00.748662+00:00,45.798644,14.316855,8.039063,172.77,10.616,7.11726773418002,8,8,0.115449,6.15396,1.14232,2024-04-08,999,0.3526924695843872,0,0,8.0,4,4,4,0.4064766351915773,0.3470041589484627,0.19195811398471163,4,301
8,2024-04-08 11:09:23.900066+00:00,46.586149,10.492222,6.469531,117.551,5.5293,4.027598564901919,14,14,0.338364,1.8088,1.60084,2024-04-08,999,0.2386400852287058,0,0,14.0,7,7,7,0.9300883698120341,0.9431513186191569,0.09498450784371773,7,302
4,2024-04-08 12:10:54.157815+00:00,45.435537,14.304933,10.335937,223.809,11.8632,4.8503319783289065,15,15,0.360769,3.80456,1.76417,2024-04-08,999,0.44998872688903735,0,0,16.936672124048908,9,6,6,0.9889420075863296,0.9447734292363276,0.10513679709481238,6,303
17,2024-04-08 13:32:59.507508+00:00,44.681347,10.155181,20.135938,111.784,15.505,6.873306555072311,10,10,0.238278,4.83707,2.65144,2024-04-08,999,0.6083035773682235,0,0,11.0,6,4,4,2.6377176567036904,2.6027888625989135,0.05122753664897062,3,304
12,2024-04-08 14:57:05.595129+00:00,46.139349,11.187925,9.302344,109.163,15.043,4.254376805126691,19,19,0.229714,1.42834,1.11546,2024-04-08,999,0.2357572895393683,0,0,18.998867179138472,11,8,8,1.0267373279578484,1.076115583268269,0.1186947819243395,8,305
14,2024-04-08 20:50:03.073650+00:00,45.999768,14.886558,1.990625,153.235,11.0088,7.175628125815885,7,7,0.257278,7.38418,5.09064,2024-04-08,999,0.44064925150253725,0,0,7.0,4,3,3,-0.2608908385516613,-0.2608908385516613,0.029801643779032716,2,306
2,2024-04-08 22:05:50.449795+00:00,45.435649,14.578872,4.134375,244.025,18.6074,8.302215366996931,6,6,0.175508,8.42544,6.34332,2024-04-08,999,0.1687623930220877,0,0,6.0,3,3,3,0.16542125434201338,0.16542125434201338,0.022457857929535918,2,307
9,2024-04-09 00:08:08.661591+00:00,46.378389,12.960584,11.216406,96.7018,5.05977,2.7305345447366163,15,15,0.165929,1.46726,0.920382,2024-04-09,999,0.14048697140638242,0,0,15.0,7,8,7,0.15098831660864162,0.22791301088028515,0.06610526073788439,7,308
11,2024-04-09 00:48:54.940353+00:00,46.354181,12.8192,3.713281,104.521,9.9441,4.9561618516751444,12,12,0.139888,1.03711,0.649755,2024-04-09,999,0.19913147754956442,0,0,12.0,6,6,6,0.1273621614029416,0.11799956187312044,0.1292499693885469,5,309
10,2024-04-09 01:20:32.144290+00:00,45.717417,10.867725,3.081641,88.967,2.3131,2.0294054055313837,19,19,0.188298,1.03065,0.837111,2024-04-09,999,0.1796279169942354,0,0,19.0,10,9,9,0.582522006046624,0.5402826461140134,0.062287644978582184,8,310
8,2024-04-09 05:06:24.067486+00:00,46.353183,12.820964,0.076563,183.502,10.1144,5.001107247400319,6,6,0.0404514,3.60577,2.95925,2024-04-09,999,0.023976504469188014,0,0,5.999705319221261,3,3,3,0.08733753500630918,0.12295808961166155,0.08630592795869792,3,311
16,2024-04-09 06:51:01.657821+00:00,46.350874,12.813528,2.220313,129.776,9.9939,3.9974982551590936,7,7,0.065432,1.07134,0.56423,2024-04-09,999,0.03729961069228889,0,0,7.0,3,4,3,0.01343501029652927,0.05135116397222261,0.136625673565697,3,312
7,2024-04-09 08:07:55.697502+00:00,46.260078,13.78718,3.407031,108.701,5.27304,2.8843672789712476,9,9,0.0895323,1.62499,0.781937,2024-04-09,999,0.29837320515355104,0,0,8.331899165298232,4,5,4,0.6554919385343272,0.5436982470171448,0.2569805967071815,4,313
0,2024-04-09 08:09:56.690860+00:00,46.267274,13.780456,3.177344,146.045,5.51143,3.289534693539498,15,15,0.118712,1.36159,0.796894,2024-04-09,999,0.4665458104943483,0,0,15.0,7,8,7,0.7030200418928041,0.6102482385186718,0.15476968489593337,7,314
14,2024-04-09 08:10:27.865909+00:00,46.262921,13.727909,0.038281,105.822,3.93594,2.7615980518533103,13,13,0.170923,2.74994,1.24251,2024-04-09,999,0.5735638364624859,0,0,13.0,6,7,6,0.31518531999089566,0.2955564250055759,0.15234622471013165,6,315
13,2024-04-09 08:24:32.316858+00:00,45.742999,14.073905,9.570313,143.817,16.7593,7.114663379247117,8,8,0.12745,3.01431,1.75115,2024-04-09,999,0.4477947931444707,0,0,8.0,4,4,4,0.19371058044890543,0.2324610495806927,0.07039140496054053,4,316
5,2024-04-09 10:01:55.923752+00:00,46.142503,11.188021,9.914844,72.2271,15.2709,4.13438965265733,25,25,0.320024,1.35511,1.12986,2024-04-09,999,0.3827982578505543,0,0,24.996102121564537,12,13,10,1.0626163743776027,1.1546436961059772,0.0761013558648339,10,317
1,2024-04-09 10:59:20.755805+00:00,46.061689,13.655639,6.699219,115.218,8.43001,4.174964442962359,9,9,0.156597,2.17526,1.06821,2024-04-09,999,0.33223561092146664,0,0,8.935263982659915,6,3,3,1.0102120143749571,1.0044460685816905,0.09168324155076468,3,318
17,2024-04-09 17:24:55.251049+00:00,46.363461,13.209901,6.603516,61.6382,4.88606,2.3891441982433794,45,45,0.19043,0.641845,0.442203,2024-04-09,999,0.4913533274235436,0,0,45.0,24,21,20,1.02118213385566,1.0223595678941342,0.05919615869288944,20,319
3,2024-04-09 17:49:27.384460+00:00,46.367594,13.208964,3.694141,84.6783,4.42963,2.6796876683673414,22,22,0.141689,0.690203,0.509988,2024-04-09,999,0.3471031579397677,0,0,22.0,11,11,11,0.7153563341368893,0.696959316702727,0.07878981794290459,11,320
2,2024-04-09 20:47:07.314282+00:00,46.367279,13.208943,3.311328,84.4339,4.46181,3.4658521462982232,15,15,0.133042,0.72423,0.625526,2024-04-09,999,0.2444965820078932,0,0,15.0,9,6,6,0.3287987672212747,0.3363883086836309,0.09342782010162712,6,321
0,2024-04-10 00:25:16.212130+00:00,46.095681,14.894101,8.766406,172.999,8.90254,3.44545761837234,21,21,0.258534,2.84016,1.55192,2024-04-10,999,0.3458054827238471,0,0,21.0,11,10,10,0.6371486588030643,0.6383070048074673,0.044056967015369264,7,322
8,2024-04-10 07:13:11.159317+00:00,46.575674,10.424267,8.192188,179.79,8.97703,5.099494023920412,10,10,0.184573,4.97214,1.79466,2024-04-10,999,0.08157999720169139,0,0,10.0,6,4,4,0.8916600905656397,0.9119563587483901,0.061363410916105164,4,323
1,2024-04-10 09:24:37.532375+00:00,45.582509,13.901318,8.115625,203.033,9.7049,4.922131489507366,15,15,0.300524,4.34838,1.53831,2024-04-10,999,0.4671925961800693,0,0,14.433305634070045,8,7,7,1.002984732995919,0.9760536767690962,0.07872069750532393,7,324
11,2024-04-10 13:32:28.410341+00:00,46.362407,12.818483,8.000781,139.887,9.19134,3.060353035190548,20,20,0.209327,1.04127,0.858952,2024-04-10,999,0.19849186515358397,0,0,20.0,10,10,10,0.9524966885786768,0.9504234166532822,0.05126768120739344,10,325
7,2024-04-10 14:26:22.224444+00:00,46.611275,10.260545,0.038281,152.993,1.03205,8.19929856756052,6,6,0.12568,19.0862,2.42891,2024-04-10,999,0.6047724095226465,0,0,5.633809437538399,3,3,3,0.4331742103832702,0.4331742103832702,0.04551600213349272,2,326
9,2024-04-10 19:53:27.020054+00:00,46.401892,12.473378,0.535938,172.049,10.2814,8.102504983028396,7,7,0.134635,10.1109,3.62144,2024-04-10,999,0.019883662036468477,0,0,7.0,3,4,3,0.31644518128940535,0.30447018050071417,0.17264146758518686,3,327
10,2024-04-10 22:55:36.398816+00:00,46.297466,13.325708,8.632422,148.22,5.76099,2.1518544328090594,14,14,0.101522,1.18966,0.672905,2024-04-10,999,0.14870873435887796,0,0,13.999999999999991,7,7,7,0.34649620382003343,0.39845791249868123,0.14987671818680656,6,328
12,2024-04-10 23:58:08.977758+00:00,46.243269,13.242134,6.163281,251.82,1.03937,2.2345040836838943,6,6,0.0601396,2.72984,2.26631,2024-04-10,999,0.06257797644432635,0,0,6.0,3,3,3,0.11251181187521946,0.11134908445725733,0.07548629025562337,3,329
6,2024-04-11 04:32:52.128511+00:00,45.524642,14.295158,9.072656,187.597,6.70365,3.352797294797286,24,24,0.289481,2.3018,1.19015,2024-04-11,999,0.34811834863197993,0,0,24.182591078710793,13,11,9,0.9785973537093421,0.8750635146497718,0.11268169070180485,8,330
21,2024-04-11 04:59:22.271672+00:00,46.350708,12.813822,9.895703,54.2825,8.734,1.5495798720943688,84,84,0.3252,0.707883,0.581285,2024-04-11,999,0.4785091570387865,0,0,87.73893417416656,45,39,38,1.550412347132123,1.6118653249547612,0.049416576402666446,37,331
1,2024-04-11 09:32:10.705681+00:00,46.107222,14.789286,1.301562,202.754,6.83758,6.1063112432957425,7,7,0.430791,6.08634,5.10147,2024-04-11,999,0.35156218034066306,0,0,6.312515688542708,4,3,3,0.8032997347879072,0.8032997347879072,,1,332
2,2024-04-11 11:26:33.496413+00:00,46.352684,12.821846,2.316016,103.039,10.1996,4.231322417400971,11,11,0.0900185,0.773149,0.524806,2024-04-11,999,0.09490378451055588,0,0,10.977841220704873,6,5,5,0.3602774745199356,0.3358982796684815,0.09173619929668923,5,333
3,2024-04-11 11:35:29.439125+00:00,45.54579,14.295162,8.345313,181.863,6.98612,5.241388594637875,6,6,0.173381,8.65784,1.72456,2024-04-11,999,0.0541543830199307,0,0,6.0,3,3,3,0.7411563030106718,0.7411563030106718,0.00583319377674929,2,334
10,2024-04-11 12:24:30.519064+00:00,45.528265,14.299061,8.766406,184.844,6.38899,3.5037977538665097,31,31,0.397665,2.38663,1.4165,2024-04-11,999,0.5599272469069797,0,0,32.0,18,13,12,1.3318840945596662,1.2454560691987182,0.09655840268623522,11,335
13,2024-04-11 15:38:02.068643+00:00,46.147226,11.188771,3.521875,134.093,15.5867,6.839739103211467,7,7,0.132902,4.56599,2.72139,2024-04-11,999,0.3940026094300366,0,0,7.0,4,3,3,0.6490385288878574,0.6003283532586452,0.11164530694979784,3,336
18,2024-04-11 16:14:45.978587+00:00,46.435221,13.042131,8.919531,128.695,3.92881,2.592566759024731,10,10,0.108529,1.16808,0.970807,2024-04-11,999,0.05370417216267261,0,0,10.0,5,5,5,0.21948843483016484,0.32534505981358786,0.10486674855949231,5,337
4,2024-04-11 17:27:54.965290+00:00,46.888114,11.235222,11.101563,96.4817,14.1716,5.614205144096535,17,17,0.582693,3.04975,1.87736,2024-04-11,999,0.3601845713410087,0,0,18.0,9,8,8,0.7576568721194556,0.7461833823085332,0.0574833410615746,8,338
16,2024-04-11 18:25:36.744319+00:00,45.744885,14.213587,12.173438,122.646,16.2727,7.293610011510076,10,10,0.273843,2.38246,1.59605,2024-04-11,999,0.49843644409367965,0,0,12.0,5,5,5,0.32387650778323007,0.3703551355332051,0.07625031609184006,5,339
8,2024-04-11 20:06:36.911159+00:00,45.83379,11.57499,8.153906,234.341,1.78604,2.4799409670393366,12,12,0.162861,2.83776,1.61394,2024-04-11,999,0.1485730386153964,0,0,12.0,6,6,6,0.6535137575399305,0.6396236367129323,0.08949956311274618,6,340
14,2024-04-11 20:39:41.720137+00:00,46.288881,13.643968,7.254297,96.7776,9.85519,2.7168484131434347,29,29,0.221003,0.786206,0.648975,2024-04-11,999,0.27859148532627864,0,0,28.85356632090926,14,15,13,0.7737587114927648,0.7369815606079692,0.06338295823281881,12,341
7,2024-04-11 22:31:28.559759+00:00,46.141609,13.930603,8.766406,94.2488,12.6237,4.7801866281558505,11,11,0.120099,1.21038,0.957409,2024-04-11,999,0.16214582379815298,0,0,11.0,5,6,5,0.11132709351828557,0.016476801701096333,0.1474216795568184,4,342
9,2024-04-11 23:48:04.113256+00:00,45.4298,14.32119,10.489063,225.072,11.865,4.348688595427362,18,18,0.315145,3.66416,1.89163,2024-04-11,999,0.5936798612296211,0,0,19.0,11,7,7,0.867571426026649,0.8811759423263201,0.08399585347896725,7,343
1,2024-04-12 08:29:24.018448+00:00,46.048425,13.655852,7.005469,98.5132,6.99465,3.125504887214224,21,21,0.269783,1.52495,1.21283,2024-04-12,999,0.584735305064006,0,0,22.0,13,8,8,0.944246734662791,1.006439742245082,0.08887614258561036,8,344
7,2024-04-12 10:20:45.423510+00:00,45.94072,13.658043,10.795312,169.416,2.1158,8.12695262690758,16,16,0.313985,4.09438,1.41497,2024-04-12,999,0.7322167881043484,0,0,18.0,9,7,6,1.3535683943863734,1.3182512518083773,0.23324633089825497,6,345
6,2024-04-12 12:55:17.607684+00:00,45.008895,11.441098,12.785937,212.933,11.4565,8.220388676942228,7,7,0.208459,14.8103,1.50637,2024-04-12,999,0.39386827013184217,0,0,7.0,4,3,3,2.3381675953989163,2.3381675953989163,0.13535607886928047,2,346
8,2024-04-12 12:55:19.956675+00:00,45.110467,11.330364,10.948437,258.679,38.8322,6.746907587925004,68,68,0.548078,3.89764,2.45042,2024-04-12,999,0.49702009120852314,0,0,72.70372522238732,39,29,27,2.097525176893604,2.144727710699519,0.04533893664982386,27,347
2,2024-04-12 14:15:57.958448+00:00,47.34843,10.992606,8.192188,141.051,8.40571,5.139956750790808,9,9,0.381587,3.72691,1.54512,2024-04-12,999,0.1023094431083133,0,0,9.0,6,3,3,1.0356780923284743,1.1512562142985283,0.24070204485936617,3,348
5,2024-04-12 23:47:49.598839+00:00,46.400504,13.437287,1.607812,103.006,6.45875,2.958425594805453,10,10,0.125839,0.980542,0.614073,2024-04-12,999,0.20156544655629394,0,0,10.0,5,5,5,-0.13465219286076435,-0.13488155409281988,0.041266775617140046,4,349
12,2024-04-13 00:02:59.022278+00:00,45.517899,14.305366,9.302344,190.347,5.99813,3.6566866969977068,13,13,0.266077,2.57519,1.54053,2024-04-13,999,0.3361029425409837,0,0,13.0,6,7,6,0.0771828207531228,0.050681582351142396,0.05157653110832586,5,350
4,2024-04-13 02:08:55.980039+00:00,46.423896,12.868792,1.473828,103.499,3.79769,2.9436646548137917,10,10,0.077713,1.34221,0.514556,2024-04-13,999,0.10656079958458015,0,0,10.0,5,5,5,0.16079151304453326,0.16085481981768868,0.12481139289791772,5,351
25,2024-04-13 02:44:31.862686+00:00,46.504366,10.568163,2.14375,193.155,13.1014,7.39595659803382,6,6,0.381662,14.7843,3.49525,2024-04-13,999,0.0333271952588814,0,0,6.0,3,3,3,-0.14904937077058822,-0.11822053503928043,0.20013896492507494,3,352
0,2024-04-13 03:31:17.130238+00:00,46.279851,12.588816,9.608594,115.76,9.63308,5.313816566273247,7,7,0.133859,1.95252,1.45737,2024-04-13,999,0.041645140172869265,0,0,7.0,4,3,3,0.4113624810656176,0.29785698990996234,0.1719132893851096,3,353
11,2024-04-13 05:07:14.058147+00:00,45.819531,10.943387,9.378906,40.4365,15.069,2.9345066195188587,39,39,0.408006,1.08426,0.890125,2024-04-13,999,0.3890876049369905,0,0,39.0,22,17,17,1.2989175412734728,1.2835940090860751,0.07116388999912793,17,354
6,2024-04-13 06:11:32.366112+00:00,45.659214,14.411144,15.427344,108.889,8.82516,4.302437332489574,10,10,0.241144,2.20287,1.90811,2024-04-13,999,0.1419897916113789,0,0,10.0,5,5,5,0.2679542247287483,0.2300998687203375,0.06890251263773962,5,355
8,2024-04-13 06:27:11.573150+00:00,45.716738,14.191979,6.814063,139.73,22.0364,9.778815316795793,7,7,0.0929637,8.42271,2.37485,2024-04-13,999,0.059916445134751285,0,0,7.0,4,3,3,0.09249808508990887,0.09249808508990887,0.008709074341870071,2,356
14,2024-04-13 06:28:00.282545+00:00,45.555706,14.562133,10.335937,159.77,14.5323,6.998229776164827,7,7,0.097659,2.35204,2.02911,2024-04-13,999,0.16924853247816687,0,0,8.0,4,3,3,0.47798758819722087,0.5224204061094868,0.115315387309514,3,357
5,2024-04-13 08:03:21.566325+00:00,45.543173,14.297336,8.804688,180.705,6.74372,5.384890323859902,6,6,0.202081,9.01261,1.82345,2024-04-13,999,0.05421491503641026,0,0,6.0,3,3,3,0.4954975531268635,0.4954975531268635,0.011893681037558279,2,358
1,2024-04-13 08:05:08.673356+00:00,46.375511,12.587519,2.296875,234.327,13.132,6.998910700959114,6,6,0.083528,6.2717,2.60753,2024-04-13,999,0.0676060506131128,0,0,6.0,3,3,3,0.3782068323820672,0.3782068323820672,0.007842978528266875,2,359
16,2024-04-13 08:55:07.290184+00:00,46.383017,12.948405,10.967578,34.1551,4.1805,1.5293659960911907,63,63,0.266477,0.703967,0.53707,2024-04-13,999,0.28906116887812205,0,0,61.47982135355131,32,31,31,1.2465155105510781,1.256208075975997,0.05203263779252157,31,360
10,2024-04-13 10:49:19.877839+00:00,46.414149,12.962544,15.408203,46.421,2.96697,1.5941676668405993,37,37,0.217209,1.03107,0.781615,2024-04-13,999,0.216878388311478,0,0,36.99999962415082,20,17,17,0.9716510300063594,0.9778238684953362,0.0631199193743609,17,361
18,2024-04-13 11:24:37.590759+00:00,46.2574,13.151744,7.866797,77.7613,2.11379,1.090088670705278,37,37,0.179306,0.746812,0.525417,2024-04-13,999,0.2760274451861719,0,0,36.88133410211901,19,18,18,0.6790832726794164,0.6055967385236136,0.09089414283959213,18,362
17,2024-04-13 14:17:08.921086+00:00,46.055669,14.246672,7.847656,109.2,3.00866,4.251907630699425,9,9,0.138592,3.24016,1.41638,2024-04-13,999,0.32975544782810273,0,0,9.0,5,4,4,-0.05230047944194555,-0.08759131709221846,0.13529639390126968,4,363
21,2024-04-13 15:18:32.410703+00:00,45.890463,14.780675,7.732813,113.341,10.7273,4.978227927686718,22,22,0.495736,2.18568,1.59152,2024-04-13,999,0.5106367902144975,0,0,22.0,12,10,10,0.6665753285876818,0.6906268346000981,0.06849842380742723,8,364
26,2024-04-13 15:46:53.033678+00:00,45.847853,10.047041,6.278125,85.5811,24.9982,4.722063150784835,56,56,0.471173,1.81165,1.57237,2024-04-13,999,0.4539239817243445,0,0,59.602142885156866,35,21,19,2.190359284157175,2.2164901728992246,0.07354723794799924,19,365
3,2024-04-13 16:49:29.087278+00:00,46.037152,10.649802,9.876563,100.877,6.66747,4.3972677084753435,11,11,0.416338,2.74755,2.13746,2024-04-13,999,0.285460463340879,0,0,11.0,6,5,5,0.3111205341218352,0.30442080012130424,0.008907943577120997,3,366
22,2024-04-13 17:52:10.483927+00:00,46.058733,10.668998,5.167969,94.7204,9.4346,5.8156493360587,9,9,0.246767,2.46774,1.31758,2024-04-13,999,0.1103520415604595,0,0,9.0,5,4,4,0.4819419962094985,0.4063299761218804,0.12315049037801085,4,367
7,2024-04-13 18:04:40.557785+00:00,45.831198,10.968984,14.278906,79.538,14.3984,2.9152022914370797,38,38,0.453683,1.37732,1.15707,2024-04-13,999,0.45954941842408625,0,0,39.0,19,19,17,1.0379355771075933,1.1261782651549506,0.06478942980095478,17,368
2,2024-04-13 21:02:35.767427+00:00,46.882176,11.210472,5.129687,139.246,16.1704,8.712057277130356,8,8,0.37572,4.02066,2.68344,2024-04-13,999,0.17022147692301692,0,0,8.0,5,3,3,0.30950042876839573,0.2588025995820933,0.07906248267032834,3,369
20,2024-04-13 21:10:32.921835+00:00,46.523132,12.507439,7.005469,89.4368,11.1255,4.164911835801569,16,16,0.246711,1.54983,1.03427,2024-04-13,999,0.33946582959605986,0,0,17.0,8,8,8,0.512509241211588,0.5104650809996625,0.05400585110788465,7,370
9,2024-04-13 22:36:26.372296+00:00,46.248774,12.499679,6.699219,116.675,8.16977,4.504577294264135,10,10,0.134176,1.12671,0.859065,2024-04-13,999,0.11963567660076894,0,0,10.0,5,5,5,0.3154345726610419,0.33025008595652827,0.016617981855193347,3,371
23,2024-04-13 23:44:47.211642+00:00,46.321852,13.582954,5.703906,137.118,10.3109,4.360232436464827,9,9,0.132778,1.27478,0.844508,2024-04-13,999,0.07392599457258436,0,0,9.0,5,4,4,0.01084231589710688,-0.02963691580565031,0.18208981273486255,4,372
7,2024-04-14 01:20:42.071244+00:00,46.362732,12.812725,9.589453,50.1679,8.01259,1.501623195079245,77,77,0.288602,0.643392,0.562441,2024-04-14,999,0.4132960895058367,0,0,77.0,41,36,36,1.1822787757126025,1.2015741184783661,0.04752984588697065,35,373
2,2024-04-14 05:21:35.315589+00:00,44.649603,10.1855,16.001563,103.759,12.7246,6.392328840102016,13,13,0.410577,3.19827,2.54048,2024-04-14,999,0.3811840602852264,0,0,13.0,8,5,5,2.201988322620382,2.416617732877957,0.26133837497246765,5,374
3,2024-04-14 10:28:12.586383+00:00,46.358323,12.839519,2.296875,151.671,10.6213,3.937669691581558,12,12,0.116545,1.27734,0.563526,2024-04-14,999,0.0802273933242918,0,0,12.0,6,6,6,0.20935698406935713,0.15028878943642965,0.09758834107341875,6,375
4,2024-04-14 14:45:21.835558+00:00,46.509371,12.562169,7.579688,248.531,6.86949,4.158902559570253,6,6,0.145246,6.82746,2.1706,2024-04-14,999,0.17941632218614761,0,0,6.0,3,3,3,0.3111142492189711,0.20795142512908793,0.15739248011939755,3,376
1,2024-04-14 17:05:00.943881+00:00,45.966674,14.351359,8.460156,104.44,7.9813,2.8641767054425955,19,19,0.268292,1.43725,0.956043,2024-04-14,999,0.3352737582497443,0,0,19.0,10,9,9,0.2329307644242608,0.23885434752984458,0.058366158884369176,9,377
0,2024-04-14 19:15:26.645975+00:00,46.266871,12.93291,4.632031,213.782,2.5285,2.8938425838320923,10,10,0.125365,5.06964,0.909704,2024-04-14,999,0.13180905066456652,0,0,10.0,5,5,5,0.4504323163218672,0.3588591021648124,0.1435114718059581,5,378
21,2024-04-15 03:27:10.004336+00:00,46.351802,12.814192,3.866406,120.65,9.93653,4.40383348913194,8,8,0.0610549,0.9596,0.612708,2024-04-15,999,0.04103283644760805,0,0,8.0,4,4,4,-0.0347460439157089,-0.05977913061641127,0.06163645883366593,4,379
12,2024-04-15 07:20:56.416051+00:00,46.173621,14.007727,12.326562,119.866,16.017,9.336685868122585,14,14,0.307694,3.05464,1.55083,2024-04-15,999,0.46220417795118923,0,0,14.843503975636409,8,6,6,0.6239725118444311,0.5958469806045364,0.12163971015466686,6,380
9,2024-04-15 08:01:34.342250+00:00,46.178715,12.829829,0.076563,329.644,8.85579,5.038952559808437,6,6,0.099339,9.46499,2.72788,2024-04-15,999,0.1056963806066342,0,0,6.0,3,3,3,1.2879875860409198,1.2612834663987091,0.21266967772595607,3,381
8,2024-04-15 09:31:25.143929+00:00,45.958949,14.064511,7.847656,131.812,7.29702,5.799551111939612,8,8,0.146057,2.96226,1.5697,2024-04-15,999,0.12456976393164018,0,0,8.0,4,4,4,0.5351704321810518,0.5325964419797079,0.039750387691139345,4,382
19,2024-04-15 10:02:02.683037+00:00,46.129885,11.187636,9.225781,74.5357,14.3892,4.277632908513773,20,20,0.225184,1.37296,1.1486,2024-04-15,999,0.28637281528072317,0,0,19.99999962307694,12,8,8,0.8498430612486181,0.8660300710064955,0.07216977741787531,8,383
7,2024-04-15 10:16:35.268866+00:00,46.364719,12.726789,5.742188,183.503,6.89372,4.257159651692663,6,6,0.0224664,5.85363,2.44477,2024-04-15,999,0.38540851854518804,0,0,6.0,3,3,3,-0.12212968271663927,-0.12212968271663927,0.07229829485922379,2,384
1,2024-04-15 12:00:14.734582+00:00,45.53895,14.418614,12.671094,155.813,3.21612,3.785806320983682,15,15,0.306659,2.28689,1.79272,2024-04-15,999,0.23211999295848573,0,0,15.0,7,8,7,0.8482214427997998,0.8477858907009749,0.0052142149521475665,4,385
23,2024-04-15 12:48:39.201074+00:00,46.876678,11.341058,10.067969,79.9663,7.85892,2.980424013458488,44,44,0.639455,2.62835,1.42314,2024-04-15,999,0.45190484285302834,0,0,45.0,30,14,14,1.693449896450742,1.6911201557012812,0.09335979656907213,14,386
11,2024-04-15 13:59:05.047666+00:00,46.604122,13.632248,0.038281,182.049,2.95735,3.2148962036121786,8,8,0.0828501,2.9791,1.59921,2024-04-15,999,0.07668468854692717,0,0,7.364615440357607,4,4,4,0.48213624640427,0.48213624640427,0.010803404350848922,2,387
0,2024-04-15 17:51:36.187377+00:00,46.29412,13.660461,0.076563,256.533,9.41927,4.653235046717499,6,6,0.0550967,4.12974,3.05496,2024-04-15,999,0.050274124470040316,0,0,6.0,3,3,3,-0.13152891928951038,-0.03834425098080829,0.13912638244197506,3,388
16,2024-04-15 18:21:05.057769+00:00,46.411509,12.735029,8.613281,143.838,1.6754,2.2900225544740818,14,14,0.160792,1.23426,1.0168,2024-04-15,999,0.16287748868357516,0,0,13.887079232965842,7,7,7,0.4842109092362016,0.495191366141585,0.028362229820876817,5,389
4,2024-04-15 20:18:56.271428+00:00,46.409962,12.722764,8.307031,151.092,2.29606,2.5230797450734688,8,8,0.0953502,1.58434,1.14793,2024-04-15,999,0.10992651194777465,0,0,8.0,4,4,4,0.08424583837677463,0.01908307707219703,0.12185443589453412,4,390
18,2024-04-15 21:14:06.670126+00:00,46.274142,12.578173,5.129687,104.616,10.3196,4.1793968225092,11,11,0.0856319,1.04246,0.619041,2024-04-15,999,0.13604763490697783,0,0,10.705322375577365,5,6,5,0.5151305806214769,0.5678758443721326,0.08594888845990943,5,391
5,2024-04-15 22:53:08.266535+00:00,45.47931,14.344575,12.020313,205.39,6.09483,3.725624471145743,8,8,0.149227,4.1525,1.76157,2024-04-15,999,0.07730342846696346,0,0,7.969380263355025,4,4,4,0.5259177988955531,0.5259177988955531,0.11693719475700981,2,392
14,2024-04-15 23:17:49.577417+00:00,45.544033,14.41786,12.900781,145.603,3.42365,3.5643280853479244,15,15,0.247988,2.03365,1.55535,2024-04-15,999,0.20075893999003205,0,0,15.0,8,7,7,0.5034690156297152,0.49445909133102584,0.0751902646864407,7,393
22,2024-04-15 23:19:18.411173+00:00,45.48424,14.347393,11.254688,203.346,5.50646,4.169452266185572,33,33,0.459436,2.98113,1.78913,2024-04-15,999,0.6005401076974803,0,0,42.0,19,14,12,1.131697557556438,1.1770931227174792,0.050390145814593265,9,394
20,2024-04-15 23:25:46.812729+00:00,45.262631,10.955439,13.666406,77.6937,17.7623,3.883109089376707,58,58,0.432151,1.6013,1.43507,2024-04-15,999,0.3986907363572466,0,0,62.0,34,24,23,1.4922414846133287,1.5596484742481649,0.06411735039301093,22,395
3,2024-04-15 23:29:31.935889+00:00,46.570704,10.414416,8.192188,191.292,10.9986,6.001705840842252,8,8,0.11591,12.9917,4.59213,2024-04-15,999,0.1423249710342569,0,0,8.0,4,4,4,0.07361117978886493,0.07942890114465584,0.022106932454647978,3,396
17,2024-04-15 23:31:34.929027+00:00,45.482795,14.344275,11.982031,204.006,5.76547,2.7820065240757432,25,25,0.264972,2.63647,1.43639,2024-04-15,999,0.3259169706007749,0,0,25.0,15,10,10,1.0294340818791374,1.0785570377575848,0.06600276983851862,9,397
6,2024-04-15 23:58:03.392401+00:00,45.47931,14.344575,11.867188,205.39,6.09483,3.4857223067823404,8,8,0.108889,4.29829,1.65415,2024-04-15,999,0.08346268992568208,0,0,8.0,4,4,4,0.6164166014797469,0.6164166014797469,0.20149294256423078,2,398
5,2024-04-16 00:22:30.238829+00:00,45.47965,14.344005,11.905469,205.27,6.08226,3.110169304073333,10,10,0.132786,3.18722,1.58431,2024-04-16,999,0.154971333994826,0,0,10.0,5,5,5,0.3984515468291981,0.38657860930132704,0.01323401262683284,3,399
32,2024-04-16 00:35:38.685178+00:00,45.465074,14.293086,8.957813,244.269,9.78954,4.67371800604187,8,8,0.145591,4.86016,2.08609,2024-04-16,999,0.2976492772865462,0,0,8.0,5,3,3,0.32980327032800305,0.32980327032800305,0.01414409407733841,2,400
11,2024-04-16 00:44:57.848155+00:00,45.496676,14.322117,10.489063,230.149,5.74791,5.489050883349507,6,6,0.0673863,6.2798,3.19535,2024-04-16,999,0.060914497924416666,0,0,6.0,3,3,3,0.2258441032535655,0.20952464287734474,0.06703475825506434,3,401
30,2024-04-16 02:42:25.786500+00:00,45.4839,14.347962,12.517969,203.468,5.51898,2.889551695332686,19,19,0.203022,2.74232,1.555,2024-04-16,999,0.3013412876406996,0,0,21.0,10,9,9,0.9108645144278048,0.85816380016506,0.12311635711652347,8,402
17,2024-04-16 02:45:21.777779+00:00,45.479021,14.343951,11.905469,205.523,6.14606,6.74965384297595,10,10,0.266653,4.33054,1.97369,2024-04-16,999,0.6466056590188409,0,0,10.0,5,5,5,0.5587839292923138,0.47608682337723085,0.1188407285372953,4,403
8,2024-04-16 02:47:47.019420+00:00,45.483084,14.344899,12.020313,203.874,5.71341,3.7282575688919346,8,8,0.140451,3.90744,1.69796,2024-04-16,999,0.09108299418862757,0,0,7.526779325851862,4,4,4,0.4226975553104993,0.43535650627821276,0.03723652923012681,3,404
23,2024-04-16 03:21:00.015850+00:00,45.475637,14.341865,12.173438,206.926,6.55551,3.527764292012719,9,9,0.146569,3.46917,1.68095,2024-04-16,999,0.11089337761166249,0,0,9.0,5,4,4,0.38363188964563816,0.41494555185494764,0.03359336864666115,3,405
15,2024-04-16 04:21:34.638544+00:00,45.798997,14.556483,12.8625,269.746,33.1701,20.728351116285154,6,6,0.2077,36.4205,3.75054,2024-04-16,999,0.185434588672656,0,0,6.0,3,3,3,0.6071722060606638,0.6071722060606638,0.058969540796341646,2,406
4,2024-04-16 06:01:37.816767+00:00,45.481537,14.344167,12.211719,204.513,5.89173,2.8762479204686096,15,15,0.149479,2.77124,1.50942,2024-04-16,999,0.17912606393919392,0,0,15.0,8,7,6,1.148492669510408,1.0979136125094229,0.15274172718858178,6,407
1,2024-04-16 06:35:26.431384+00:00,46.13785,13.574156,13.053906,103.142,6.75183,1.957457151510602,43,43,0.241571,1.00961,0.737001,2024-04-16,999,0.3510290059878364,0,0,43.0,22,21,20,1.102908077059108,1.0293853618651878,0.0739904155628899,19,408
14,2024-04-16 07:32:17.690961+00:00,45.551114,14.348357,12.632812,184.396,3.62518,6.202755516703847,6,6,0.0952435,12.1952,1.62136,2024-04-16,999,0.05302653379064137,0,0,6.0,3,3,3,0.53109832848114,0.439314343806988,0.15400246537906787,3,409
2,2024-04-16 07:59:03.529617+00:00,45.563712,13.848294,9.417188,239.543,13.1234,4.51968419250726,11,11,0.171882,4.14691,1.54309,2024-04-16,999,0.19819541035530341,0,0,10.969657577709635,6,5,5,0.811285832428589,0.81587873296638,0.11566069887523069,4,410
9,2024-04-16 08:26:29.134679+00:00,45.743967,14.073383,8.153906,143.964,16.6499,6.262677063365155,14,14,0.113916,1.54463,0.987978,2024-04-16,999,0.33675563977204237,0,0,14.0,7,7,7,0.500501870857578,0.45328163938145494,0.07785379316771388,7,411
19,2024-04-16 09:14:53.476690+00:00,45.517594,14.364638,12.173438,282.964,1.69458,6.3012812982757715,6,6,0.122302,7.87736,4.40595,2024-04-16,999,0.20130480733666814,0,0,5.97161744764098,3,3,3,0.5973281614966642,0.5267478387307358,0.19642633618376334,3,412
13,2024-04-16 09:15:14.400957+00:00,45.558901,14.373005,11.560937,200.719,3.51471,8.62595530941356,6,6,0.0905294,10.205,5.18599,2024-04-16,999,0.3334541303503594,0,0,5.962789370440464,3,3,3,0.310446302168913,0.310446302168913,0.16611768832960983,2,413
33,2024-04-16 11:01:57.716566+00:00,46.399362,9.929608,6.507812,204.508,13.2936,10.056442164105553,11,11,0.385706,4.65055,2.27248,2024-04-16,999,0.27307305283694033,0,0,12.0,6,5,5,1.3409137820247143,1.3487050383978874,0.11391202079417685,5,414
21,2024-04-16 12:19:23.860007+00:00,45.546167,14.301187,8.421875,182.062,6.54889,5.1819907082124335,6,6,0.162897,9.46194,1.42441,2024-04-16,999,0.1539196277680798,0,0,6.0,3,3,3,0.6158981230063544,0.6975560522780682,0.13904613761436885,3,415
7,2024-04-16 13:48:47.674043+00:00,46.299167,13.04822,9.589453,67.8325,4.48187,1.3226705598901036,54,54,0.230718,0.676878,0.516611,2024-04-16,999,0.26669730379218193,0,0,53.96679437846198,27,27,26,1.2601945210671246,1.2095029773440196,0.05278939061454041,25,416
16,2024-04-16 14:36:05.219430+00:00,45.500695,14.346413,12.939063,196.69,4.03867,4.359451112238787,8,8,0.215139,4.78984,1.59856,2024-04-16,999,0.31771259915219036,0,0,9.0,4,4,4,0.6986895793744298,0.6211187653180572,0.11851709120129914,3,417
26,2024-04-16 15:08:43.736498+00:00,45.795615,11.081208,3.024219,179.438,12.6119,5.826095236090807,8,8,0.112991,3.26514,0.890535,2024-04-16,999,0.05226541677326463,0,0,8.0,4,4,4,0.6873370883447665,0.6531995764654305,0.14338611798021894,4,418
0,2024-04-16 15:19:42.663233+00:00,46.136754,11.192691,8.536719,120.985,14.5759,4.520199641608764,14,14,0.20295,1.93652,1.18286,2024-04-16,999,0.425167625660193,0,0,14.0,8,6,6,0.916253597249827,0.9048336986721516,0.052482381923382594,6,419
6,2024-04-16 16:26:08.808056+00:00,46.465485,14.487606,14.164063,212.604,19.3881,5.085259305089564,22,22,0.267954,3.46331,2.24604,2024-04-16,999,0.24781363680962548,0,0,23.0,13,9,9,1.0602446061834454,1.1008511389555782,0.07423164010692565,7,420
3,2024-04-16 17:49:43.184360+00:00,45.509834,11.046236,19.982812,203.79,19.1213,7.250261305635818,11,11,0.193815,10.0137,5.26952,2024-04-16,999,0.7787868877437776,0,0,11.0,8,3,3,1.5111815609393189,1.5143473208127167,0.03483848245557674,3,421
10,2024-04-16 21:02:04.976913+00:00,46.464011,12.888937,8.632422,93.9047,0.980653,1.7727987703064327,44,44,0.263524,0.867015,0.656089,2024-04-16,999,0.2633462157064162,0,0,43.845494110406484,22,22,22,0.9733713106793451,0.9638712263134447,0.05002490674944312,22,422
40,2024-04-17 00:23:30.706949+00:00,45.481927,14.342405,12.173438,204.404,5.92238,3.858746985745502,8,8,0.14836,3.96202,1.78385,2024-04-17,999,0.08404021838439726,0,0,8.0,4,4,4,0.5884280347464574,0.5301967305230592,0.11180383956205991,4,423
30,2024-04-17 00:36:23.319742+00:00,45.482216,14.343028,11.982031,204.271,5.86996,3.288375541205718,9,9,0.134268,3.21156,1.58499,2024-04-17,999,0.10143511924362941,0,0,8.927564156343115,5,4,4,0.5873737367304056,0.5846922891252604,0.040424548055959866,3,424
13,2024-04-17 00:43:17.571529+00:00,45.479208,14.34696,11.867188,205.367,6.02059,3.206000966936847,10,10,0.183502,3.19656,1.77083,2024-04-17,999,0.11605193256048069,0,0,10.0,5,5,5,0.7240748913219174,0.6706722540261193,0.13437238201244003,4,425
6,2024-04-17 02:29:57.352349+00:00,45.483185,14.342513,11.714063,203.897,5.79764,2.7726137307602006,26,26,0.296003,2.69935,1.41939,2024-04-17,999,0.42315497027158,0,0,30.0,16,10,10,0.9976537958551088,1.0357632268228971,0.0685437305333566,8,426
45,2024-04-17 05:41:39.536139+00:00,45.48106,14.340535,12.135156,204.803,6.08029,2.905189167679103,24,24,0.306633,2.79443,1.52134,2024-04-17,999,0.41720322887942307,0,0,24.0,14,10,10,1.287801643813376,1.2688716264020399,0.06699152857746556,9,427
26,2024-04-17 05:42:35.570197+00:00,45.534456,14.354112,0.076563,163.389,2.20868,4.489698686994484,63,63,1.27215,4.13258,3.70131,2024-04-17,999,0.6711175357462105,0,0,71.99493979101167,35,28,26,1.6641004824109753,1.639245659486136,0.06359362668364324,20,428
20,2024-04-17 06:38:59.579360+00:00,45.4839,14.347962,11.828906,203.468,5.51898,3.1805535681701698,10,10,0.139914,2.88013,1.64864,2024-04-17,999,0.13510040806570747,0,0,10.0,5,5,5,0.7198940520783772,0.685358077909535,0.12293560275572629,5,429
25,2024-04-17 07:26:32.584595+00:00,45.548973,14.354166,12.709375,183.526,3.1413,6.123168215883016,6,6,0.0877932,12.1892,1.57598,2024-04-17,999,0.06836949580456131,0,0,6.0,3,3,3,0.6563677039405736,0.5894574028693169,0.21777025541390949,3,430
39,2024-04-17 07:31:46.125458+00:00,45.480466,14.347068,12.173438,204.863,5.89125,3.7892920051112453,8,8,0.148036,4.08243,1.69732,2024-04-17,999,0.0888569008462338,0,0,8.0,4,4,4,0.7589721135667336,0.6572679233732708,0.17305842721536788,4,431
9,2024-04-17 08:12:41.944377+00:00,45.523135,14.353136,3.751563,187.285,2.21888,5.20451689400659,58,58,1.22796,4.24905,2.71968,2024-04-17,999,0.6229648280992415,0,0,65.9999640173637,44,14,14,1.8703485728020912,1.891943876974949,0.044806808387788936,13,432
4,2024-04-17 08:21:16.459869+00:00,45.545606,14.388633,11.407813,169.547,2.07742,7.58123387055168,6,6,0.0751273,8.90058,4.51147,2024-04-17,999,0.28090496632701606,0,0,6.0,3,3,3,0.6023346275051372,0.5720173511057918,0.23754561613755892,3,433
15,2024-04-17 08:58:56.875445+00:00,45.492843,14.352922,13.245312,199.752,4.45839,3.4474856054811887,11,11,0.247531,3.85536,1.60105,2024-04-17,999,0.30088881334944456,0,0,12.0,6,5,5,0.740058422191152,0.6232797945868549,0.1842643554220837,4,434
11,2024-04-17 09:18:14.899019+00:00,45.465949,14.347018,11.178125,210.574,7.37416,4.810005145527393,7,7,0.236184,6.06869,3.87328,2024-04-17,999,0.15178985639089335,0,0,6.837920869229024,4,3,3,0.5166509886676877,0.41537093853604845,0.14611701245050945,3,435
27,2024-04-17 09:20:33.467796+00:00,46.615485,13.777925,0.076563,233.924,10.5768,7.550977817475032,10,10,0.416803,5.41079,3.9785,2024-04-17,999,0.5373660508015439,0,0,11.899443383913672,5,5,4,0.7044665948852442,0.7071492879586907,0.052159920445646726,4,436
29,2024-04-17 09:47:28.172555+00:00,46.317107,13.261755,5.474219,111.768,6.95967,3.1633205496756096,21,21,0.194797,1.12366,0.707931,2024-04-17,999,0.3546566618025954,0,0,21.0,9,12,9,0.7420041404314596,0.640233779708766,0.1239140342451405,9,437
21,2024-04-17 10:13:43.848832+00:00,45.489374,14.345439,12.326562,201.327,5.09158,4.43208254661395,7,7,0.132551,8.91821,1.60881,2024-04-17,999,0.08416934697524212,0,0,7.0,4,3,3,0.6794109886009027,0.6737890827253656,0.2324693172649682,3,438
14,2024-04-17 11:40:23.791302+00:00,45.481587,14.342974,12.135156,204.525,5.93272,3.1640960162422376,13,13,0.159668,2.83284,1.60613,2024-04-17,999,0.26470017241786276,0,0,14.0,7,6,6,0.830000043546513,0.7148576366173865,0.14799867547150644,6,439
33,2024-04-17 11:48:43.915230+00:00,45.741549,14.078598,8.957813,142.38,16.9407,7.650735520196735,8,8,0.166814,3.1106,1.36735,2024-04-17,999,0.5168748979142417,0,0,8.0,4,4,4,0.31305829709796923,0.31083947938871115,0.025646204274140286,4,440
22,2024-04-17 12:42:39.814565+00:00,45.493184,14.374505,11.407813,284.383,3.88453,5.440173223345007,6,6,0.0792444,7.29867,3.94898,2024-04-17,999,0.2815430896682655,0,0,7.0,3,3,3,0.21787076614905343,0.21787076614905343,0.020651927877047283,2,441
34,2024-04-17 12:43:47.182950+00:00,45.562368,14.380499,10.795312,189.64,3.84882,7.4945278703864995,6,6,0.0395625,8.72716,4.90675,2024-04-17,999,0.3699096467385119,0,0,6.0,3,3,3,0.2551830894702069,0.2083807065966845,0.18798920126833096,3,442
19,2024-04-17 16:25:44.417685+00:00,45.547239,14.35042,12.785937,182.779,3.20897,6.049101338215454,6,6,0.126533,11.6162,1.72702,2024-04-17,999,0.04251649012640659,0,0,6.0,3,3,3,0.38570629161891795,0.3301628386097939,0.18988396178750608,3,443
31,2024-04-17 16:35:02.211751+00:00,45.471661,14.346312,11.867188,208.366,6.80575,4.864227328158091,7,7,0.169032,9.97783,1.65767,2024-04-17,999,0.056522172134495285,0,0,6.977356318142353,3,4,3,0.48680224080148854,0.39620690206954134,0.19252366037733729,3,444
2,2024-04-17 16:46:01.755995+00:00,45.548497,14.350529,12.785937,183.307,3.29895,6.190137074411195,6,6,0.119837,11.9905,1.61396,2024-04-17,999,0.06239228907133468,0,0,6.0,3,3,3,0.10041028725600454,0.10041028725600454,0.012733636323295383,2,445
23,2024-04-17 17:45:16.358551+00:00,45.546457,14.353949,13.321875,182.472,2.94899,6.473378561462321,6,6,0.150392,12.4285,1.67999,2024-04-17,999,0.08857601982729138,0,0,6.0,3,3,3,0.414143627694246,0.31617647088195855,0.17540021954218843,3,446
47,2024-04-17 19:03:39.909966+00:00,45.53748,14.342389,0.076563,162.573,3.18575,3.2340871045783537,90,90,1.15319,3.65947,2.2652,2024-04-17,999,0.6925686529334565,0,0,114.57377847560002,48,42,34,2.0060041910973982,2.0069914614770896,0.056196780905216695,25,447
16,2024-04-17 19:17:23.384563+00:00,45.489272,14.347825,12.326562,201.311,5.00247,3.3939481728512,11,11,0.137775,4.23748,1.52134,2024-04-17,999,0.20014538497279621,0,0,11.0,7,4,4,0.7747086897004043,0.6865351913283602,0.2046199533162261,4,448
44,2024-04-17 19:39:00.088350+00:00,45.549755,14.350637,12.479687,133.216,3.39236,5.740984584546452,7,7,0.10998,11.7991,1.46421,2024-04-17,999,0.5346945610343015,0,0,6.361293418103554,4,3,3,0.22758998775899286,0.22758998775899286,0.04189099576278288,2,449
37,2024-04-17 19:49:41.088923+00:00,45.481045,14.348315,12.096875,204.6,5.79032,3.124115394795781,12,12,0.197607,3.14535,1.555,2024-04-17,999,0.14953377973640916,0,0,11.941272427634058,6,6,5,0.5751547358081356,0.4639252457778671,0.1617761186609151,5,450
1,2024-04-17 20:02:55.977830+00:00,46.285391,12.426376,3.942969,126.186,3.24284,4.102319819321746,7,7,0.0865052,3.22247,1.43751,2024-04-17,999,0.09899114984556204,0,0,7.0,4,3,3,0.877525626526679,1.0932765661698967,0.38706633632969906,3,451
17,2024-04-17 23:27:21.819630+00:00,45.476982,14.347367,11.675781,206.239,6.23093,3.007999451462716,22,22,0.300001,2.70219,1.4915,2024-04-17,999,0.3793857235627703,0,0,23.0,12,10,10,0.7878050338701653,0.6725826336504204,0.11263379166448642,9,452
3,2024-04-17 23:59:20.638755+00:00,45.672286,14.066328,6.469531,93.6519,14.5907,6.411214627510141,10,10,0.158386,1.36282,1.26017,2024-04-17,999,0.1982811203662238,0,0,10.0,5,5,4,0.25356550973877046,0.2651087698889012,0.07471860022690555,4,453
8,2024-04-18 00:35:22.098529+00:00,46.401797,12.858301,6.603516,70.7181,3.27186,1.8248347788224555,24,24,0.172761,0.751508,0.68945,2024-04-18,999,0.18836668491903322,0,0,24.0,12,12,12,0.38651490841027736,0.3143849308685892,0.05731463604290619,10,454
26,2024-04-18 00:37:27.825001+00:00,45.518986,14.346788,5.053125,189.106,2.8297,5.496801178867578,59,59,1.05974,4.27936,2.32881,2024-04-18,999,0.5943970271528962,0,0,62.0,42,17,17,1.3979638831220076,1.3990631616776292,0.04711849533755699,15,455
2,2024-04-18 01:00:59.672221+00:00,45.481248,14.343544,12.096875,204.645,5.94363,3.834925123128221,8,8,0.134796,4.16023,1.70279,2024-04-18,999,0.09584612753013506,0,0,8.0,4,4,4,0.2121799415960428,0.2102823956068809,0.044687928853565456,3,456
10,2024-04-18 02:35:06.739534+00:00,45.480228,14.345252,11.905469,205.006,5.97966,3.3242062661633978,10,10,0.142323,2.98137,1.64266,2024-04-18,999,0.1606455989602451,0,0,10.0,5,5,5,0.4989754597343448,0.417538274839769,0.15893038629396278,4,457
18,2024-04-18 02:40:23.897607+00:00,46.115069,14.335334,7.617969,95.2745,6.89403,2.7285882063807283,25,25,0.370312,1.5407,1.11958,2024-04-18,999,0.39952948921897413,0,0,25.0,13,12,11,0.46590180771567447,0.4204001807477761,0.088506881892028,10,458
20,2024-04-18 06:12:02.642512+00:00,46.179671,12.18195,9.225781,86.2835,14.3348,4.181655569269187,26,26,0.352556,1.25537,1.10187,2024-04-18,999,0.5688156024617326,0,0,27.0,13,13,13,1.1562550410083474,1.2027769324496247,0.0833264926510097,12,459
17,2024-04-18 08:00:38.796751+00:00,46.269908,12.36484,6.775781,124.262,3.25434,3.1316823434058567,9,9,0.132233,2.58032,1.0592,2024-04-18,999,0.2607101285374895,0,0,9.0,5,4,4,1.0523417262475199,1.0915120032184866,0.15462712917527746,4,460
5,2024-04-18 08:45:22.339035+00:00,45.657584,10.260737,7.235156,149.347,6.67118,3.471459592160047,34,34,0.320218,1.8819,1.44298,2024-04-18,999,0.3586846545836887,0,0,36.0,21,13,13,1.6446666517096349,1.6887342033397352,0.09352832787713738,13,461
24,2024-04-18 10:05:20.513276+00:00,46.182916,11.208048,8.345313,163.132,17.6927,7.348337022755557,9,9,0.0725194,2.70624,1.26674,2024-04-18,999,0.19889612278968397,0,0,9.0,6,3,3,0.7032845303759894,0.7124017289285964,0.033149028622086366,3,462
15,2024-04-18 10:19:52.386643+00:00,45.886332,11.345435,6.392969,214.617,12.2083,4.376958864325777,10,10,0.160005,2.68941,1.31613,2024-04-18,999,0.15676209243139905,0,0,10.0,5,5,5,0.9025823559397764,0.9616908832490465,0.08864233826270507,5,463
12,2024-04-18 10:44:49.071049+00:00,47.243195,10.826463,8.804688,153.195,23.8222,7.695865123558234,10,10,0.140571,1.82625,1.66734,2024-04-18,999,0.08274456571080895,0,0,10.0,6,4,4,1.1118718867413577,1.03682597428109,0.20338111919626023,4,464
14,2024-04-18 11:18:14.145034+00:00,45.480908,14.344113,12.211719,204.765,5.95509,3.5219959256080915,12,12,0.179983,2.81222,1.58957,2024-04-18,999,0.21610520583201023,0,0,12.0,6,6,6,0.8179701900434883,0.7406957375966058,0.14419520616527323,6,465
25,2024-04-18 15:13:32.822364+00:00,46.129832,11.191267,9.685156,49.578,14.1653,3.9444188038290253,22,22,0.239489,1.23366,1.09217,2024-04-18,999,0.17581984044493323,0,0,21.845452127211825,14,8,8,0.8322793463456785,0.8023361342645317,0.07348684078673244,8,466
13,2024-04-18 19:38:56.363174+00:00,45.54162,14.415252,12.824219,148.337,3.11091,3.5276141937575884,19,19,0.314165,2.09552,1.68395,2024-04-18,999,0.37952607996210336,0,0,20.0,10,9,9,0.6181048110072265,0.6850413968543003,0.07162875993345064,9,467
22,2024-04-18 20:30:08.571656+00:00,45.582107,14.420591,6.660937,106.891,6.80433,5.460678007354032,72,72,0.784387,3.16747,1.90911,2024-04-18,999,0.5051901077071693,0,0,76.14576587829302,41,31,28,1.638516782864253,1.6750194328530115,0.05874685579529505,25,468
4,2024-04-18 20:52:09.109131+00:00,46.317816,13.259373,5.397656,201.913,7.07788,3.2312643500648472,10,10,0.143562,2.51294,0.907584,2024-04-18,999,0.15143047570771992,0,0,10.0,5,5,5,0.2021450767914866,0.14176118711062902,0.13826876708217764,5,469
23,2024-04-18 21:54:43.892277+00:00,45.533238,14.419313,12.135156,168.377,3.08179,4.300036802168093,8,8,0.196779,2.73622,2.3343,2024-04-18,999,0.0846368284942862,0,0,8.0,4,4,4,0.2387028046033075,0.2478750275797994,0.020231072299442734,3,470
21,2024-04-19 01:01:18.201617+00:00,46.35609,12.904447,6.928906,164.76,11.3547,5.529561293628999,8,8,0.0648401,6.25539,2.94216,2024-04-19,999,0.07209830779154718,0,0,8.0,4,4,4,0.191673565627424,0.191673565627424,0.1578777106579381,2,471
11,2024-04-19 01:35:43.014573+00:00,45.528416,14.29548,8.689844,184.741,6.6694,4.36155591503766,8,8,0.160103,2.81729,1.51813,2024-04-19,999,0.11371391251964386,0,0,8.0,4,4,4,0.3317857932734549,0.3532447763742266,0.10237964228478201,3,472
10,2024-04-19 02:10:44.151942+00:00,45.490464,14.379059,10.642188,279.561,4.15898,5.173222989587826,6,6,0.0413124,6.99889,3.53538,2024-04-19,999,0.020931714954043303,0,0,6.0,3,3,3,0.4677863382376748,0.4677863382376748,0.09879153505535299,2,473
8,2024-04-19 02:45:21.594079+00:00,45.528466,14.294286,8.766406,184.71,6.76288,4.558366988297454,8,8,0.174933,2.89034,1.5908,2024-04-19,999,0.09814412514306238,0,0,8.0,4,4,4,0.5282625886761838,0.5271432781031099,0.09888125097176076,4,474
16,2024-04-19 06:33:06.931578+00:00,45.701554,10.751064,4.517188,160.615,5.6582,3.2708688142449245,6,6,0.0331774,2.77293,1.79166,2024-04-19,999,0.028751208045276963,0,0,6.0,3,3,3,0.03063301152093952,-0.013909917199063315,0.13520388687326867,3,475
12,2024-04-19 08:01:30.460996+00:00,45.581648,13.907247,8.957813,201.057,9.24396,5.597259579472797,9,9,0.104886,5.55364,2.43077,2024-04-19,999,0.22089791993730437,0,0,9.0,4,5,3,0.7806929428695891,0.7824336913012488,0.12139046196892951,3,476
4,2024-04-19 08:14:30.348347+00:00,46.051938,13.663373,4.096094,94.2439,7.5315,3.7714944385481997,26,26,0.319596,1.42504,1.02039,2024-04-19,999,0.6117234880748962,0,0,27.0,13,13,13,0.7420796787232824,0.7039897985510482,0.062286684081723206,13,477
17,2024-04-19 09:19:00.857355+00:00,46.38062,13.754036,4.555469,169.201,16.1144,4.773831605743965,16,16,0.138771,1.24511,0.756229,2024-04-19,999,0.28651700601293156,0,0,16.0,8,8,8,0.3834516801313558,0.3471124732285782,0.060177850329974976,8,478
23,2024-04-19 09:46:33.755701+00:00,45.549755,14.350637,12.785937,183.835,3.39236,6.0763795141514985,6,6,0.128165,11.6936,1.63706,2024-04-19,999,0.05800886448282903,0,0,6.0,3,3,3,0.5570418827988546,0.4944987542579409,0.2254004580731908,3,479
1,2024-04-19 09:51:01.654907+00:00,45.672417,13.94321,9.264063,222.549,15.0864,6.829228360510432,10,10,0.127468,4.25677,1.54691,2024-04-19,999,0.2241589796446104,0,0,10.0,6,4,4,0.7023567891465566,0.6934512294437056,0.04775761264262223,3,480
27,2024-04-19 09:52:19.474331+00:00,45.520822,14.348144,4.364063,188.319,2.66373,5.044074424510407,60,60,1.10175,4.17952,2.3705,2024-04-19,999,0.6060551928641666,0,0,71.0,44,16,16,1.799245735086573,1.8201703169257835,0.04214617437601488,15,481
3,2024-04-19 10:21:41.857319+00:00,46.357557,13.712107,4.172656,151.286,14.5342,5.294109925190447,9,9,0.153164,1.47772,1.14792,2024-04-19,999,0.04456551503260559,0,0,9.0,5,4,4,-0.033765770884987965,-0.028230962411615046,0.00909515525522992,3,482
20,2024-04-19 11:50:32.029815+00:00,45.742224,14.069632,10.986719,143.345,16.834,5.859698191886677,13,13,0.13807,1.65647,1.21199,2024-04-19,999,0.22949909141104488,0,0,13.0,8,5,5,0.4380277597365774,0.4464006316633147,0.06212961916601333,5,483
9,2024-04-19 12:47:13.899901+00:00,45.573011,14.278298,5.589063,255.537,9.46069,4.5057839495475145,9,9,0.139734,3.84176,1.86797,2024-04-19,999,0.26720778132586903,0,0,9.0,5,4,4,0.563482060362299,0.6089485442038698,0.04580083986628901,3,484
24,2024-04-19 13:37:21.355632+00:00,45.566436,14.418021,11.484375,134.202,5.19907,5.574370063065422,7,7,0.206787,6.4322,1.88858,2024-04-19,999,0.07205429055598343,0,0,7.0,4,3,3,0.41581918744879176,0.41581918744879176,0.00818248151165002,2,485
0,2024-04-19 16:31:53.863836+00:00,45.878096,14.466008,14.164063,79.0657,6.55412,4.382951060643959,13,13,0.45877,2.38943,2.15673,2024-04-19,999,0.3594086755673633,0,0,13.0,7,6,5,0.2623432016266927,0.23272701636507875,0.031461615755477686,3,486
5,2024-04-19 16:49:52.532501+00:00,45.73094,10.790498,2.392578,149.101,5.7639,2.6184708514703767,10,10,0.0346194,0.732022,0.580491,2024-04-19,999,0.05619741141832233,0,0,10.0,5,5,5,0.6729000803764706,0.6759758887072971,0.034617380952578665,5,487
25,2024-04-19 21:01:06.955877+00:00,46.379361,13.753938,6.392969,127.071,16.1684,3.4269714763913632,39,39,0.231706,0.986633,0.681532,2024-04-19,999,0.36411758534853844,0,0,38.973760379619755,21,18,18,0.7229733111058034,0.715311172869386,0.03784993921839991,17,488
22,2024-04-19 21:08:35.141006+00:00,45.564498,10.605952,3.713281,166.199,10.9454,6.080502775264558,10,10,0.170063,3.39758,0.935125,2024-04-19,999,0.2599923752785775,0,0,10.0,5,5,5,0.3268581144116555,0.31664296526877145,0.09965594761357995,3,489
6,2024-04-19 21:16:39.262754+00:00,45.47931,14.344575,11.867188,205.39,6.09483,3.7051211721076003,8,8,0.165169,4.09795,1.79195,2024-04-19,999,0.06802654049519358,0,0,8.0,4,4,4,0.11150008058291354,0.07631116382846548,0.05544044700717376,3,490
2,2024-04-19 21:37:01.593677+00:00,46.104323,14.290808,11.675781,72.4657,3.48464,2.583824258729684,20,20,0.278147,1.32356,1.21534,2024-04-19,999,0.2780159195861478,0,0,19.99996611429045,11,9,9,0.42533392561248307,0.3787978818151858,0.10088379686076239,9,491
13,2024-04-19 21:37:32.085988+00:00,46.105104,14.287243,11.446094,72.8862,3.37959,2.312609305524822,20,20,0.234012,1.23753,1.10788,2024-04-19,999,0.27973799800216137,0,0,20.0,11,9,9,0.26830258658022527,0.1832190496452082,0.08743139252412412,9,492
7,2024-04-19 21:37:57.882282+00:00,46.104496,14.301719,11.292969,71.7902,4.10152,2.667898086509303,20,20,0.268045,1.22282,1.22094,2024-04-19,999,0.27672775727563986,0,0,20.0,10,10,9,0.23752823374939894,0.17544657442399547,0.08692083626422417,8,493
26,2024-04-19 21:39:52.446994+00:00,46.109933,14.292506,11.522656,73.8541,4.0542,2.4356471008748373,24,24,0.287698,1.31764,1.11768,2024-04-19,999,0.4644970841346749,0,0,26.0,13,11,11,0.20416351762558932,0.23098820101970285,0.051034552892615305,8,494
14,2024-04-19 21:41:33.360681+00:00,46.348298,12.82614,1.186719,202.959,10.7884,5.1092208995110004,6,6,0.0457373,4.62752,2.26306,2024-04-19,999,0.03941799209256107,0,0,6.0,3,3,3,-0.15644579039729498,-0.20060834283824502,0.09858495882784821,3,495
19,2024-04-19 22:42:36.079314+00:00,45.94845,14.84354,7.694531,137.619,16.1708,3.747640724509221,36,36,0.403568,2.37562,1.12144,2024-04-19,999,0.3839964927703457,0,0,36.0,25,11,11,1.086205878963811,1.0935611843032789,0.05820870421067257,9,496
8,2024-04-20 00:23:05.194655+00:00,45.547177,14.418135,12.747656,140.439,3.63794,3.982333976451498,14,14,0.336159,2.086,1.62909,2024-04-20,999,0.16377067098784656,0,0,14.0,7,7,7,0.20549303377963546,0.2362301817156771,0.07565070807809872,7,497
9,2024-04-20 01:50:42.342048+00:00,46.3799,13.756414,4.096094,174.772,16.3142,8.19460450540476,7,7,0.102873,3.39471,1.47872,2024-04-20,999,0.17528183607837955,0,0,7.0,4,3,3,-0.1578680010124344,-0.2009762326955422,0.07376657477530267,3,498
6,2024-04-20 02:19:28.850438+00:00,44.440691,10.058434,19.829688,236.868,5.54857,6.179206907039123,9,9,0.278712,7.10003,3.7294,2024-04-20,999,0.3339338669614243,0,0,9.0,5,4,4,1.7239429057179976,1.692122210693732,0.1484375825783002,4,499
11,2024-04-20 04:09:57.074309+00:00,46.268607,12.922394,4.689453,85.3828,2.62924,2.226107634414832,11,11,0.0924028,1.71826,0.713991,2024-04-20,999,0.08987979313318271,0,0,11.0,5,6,5,0.3801101140626183,0.3366480648270902,0.16936175889330646,5,500
7,2024-04-20 06:22:38.317345+00:00,46.351406,12.822376,4.344922,125.326,10.3378,3.563288046173085,14,14,0.0909576,0.781476,0.483427,2024-04-20,999,0.26330164749122337,0,0,13.999999880217878,7,7,7,0.3504392892764204,0.3544271139097819,0.07919469632970047,7,501
13,2024-04-20 09:52:31.066221+00:00,46.06665,12.129287,3.483594,192.284,8.37471,5.746251665216204,6,6,0.0682669,5.35079,1.46903,2024-04-20,999,0.022161713977926163,0,0,6.0,3,3,3,0.4275789406053258,0.436837222041792,0.05740470569420292,3,502
0,2024-04-20 10:10:41.507480+00:00,46.039834,14.661905,2.373438,128.34,7.5295,4.666438920633163,9,9,0.191582,2.45358,1.21665,2024-04-20,999,0.1961892032825789,0,0,9.0,5,4,4,0.480170290381596,0.4347492438680136,0.21338643169134514,4,503
15,2024-04-20 10:17:55.639073+00:00,46.538897,13.23039,7.216016,138.936,6.41913,2.136097680350784,54,54,0.251504,0.967623,0.594723,2024-04-20,999,0.47569006786355206,0,0,56.0,28,26,26,1.1848022970018477,1.1995109997240592,0.04538676597525458,26,504
5,2024-04-20 10:42:50.064391+00:00,46.541348,13.227813,6.967187,139.655,6.18038,2.5211412693460873,39,39,0.230635,1.13211,0.638439,2024-04-20,999,0.3911411242500474,0,0,39.0,19,20,19,1.0011295814808434,1.0289543393693257,0.059696669335130445,18,505
4,2024-04-20 12:48:31.596679+00:00,44.657372,10.152551,22.585938,206.473,15.3781,5.627563024969156,10,10,0.20121,3.84816,2.483,2024-04-20,999,0.25993013539170756,0,0,10.0,5,5,5,1.941849415367404,2.149164318987466,0.1996517186148514,5,506
10,2024-04-20 14:12:14.848810+00:00,45.509399,14.349557,12.632812,193.043,3.18423,3.0170163075462484,9,9,0.129285,3.94825,1.54033,2024-04-20,999,0.11121680490456047,0,0,9.0,6,3,3,0.8813671162499901,0.8465740823375407,0.27006982030830656,3,507
2,2024-04-20 15:58:24.505044+00:00,45.796558,11.126379,11.714063,162.244,10.5325,4.066639374225356,19,19,0.452462,2.63049,1.99198,2024-04-20,999,0.4645617584994036,0,0,20.0,9,10,9,1.0093051928683234,1.0806622688650183,0.06822065087132195,9,508
1,2024-04-20 22:48:16.418311+00:00,45.479548,14.346391,12.211719,205.246,6.00641,3.5976370161537976,15,15,0.21706,2.9165,1.6149,2024-04-20,999,0.3336550606845657,0,0,15.0,8,7,7,0.5528995535469066,0.47432981241877137,0.1168837894166901,7,509
12,2024-04-20 23:56:11.486070+00:00,46.363116,13.196194,9.110938,112.625,8.96341,3.783922343283488,17,17,0.190892,1.28967,0.945378,2024-04-20,999,0.2735474477463559,0,0,17.0,9,8,8,0.4331406574749991,0.39302658512070443,0.08616396255582308,7,510
1,2024-04-21 02:38:14.556182+00:00,46.390559,13.082743,12.077734,57.7156,4.34885,1.6947562125568385,40,40,0.205368,0.825237,0.632942,2024-04-21,999,0.1682076362388827,0,0,40.0,20,20,19,0.5329595561769439,0.5393730736769287,0.05106544595718757,16,511
28,2024-04-21 04:25:12.078809+00:00,46.375539,13.754857,2.028906,171.637,16.4221,6.022285778672414,10,10,0.173137,1.39967,1.07851,2024-04-21,999,0.24841663388311447,0,0,10.0,5,5,5,0.13983229144502146,0.10403599240690298,0.0722435556958539,5,512
30,2024-04-21 05:35:04.368939+00:00,47.346928,11.431054,9.723438,186.862,11.0501,6.306209162404938,8,8,0.141237,3.41019,1.45219,2024-04-21,999,0.06373010871064025,0,0,8.0,4,4,4,0.07883005236200669,0.09134946209177086,0.09057781437926098,4,513
13,2024-04-21 07:28:04.713153+00:00,45.554208,14.349822,12.403125,185.699,3.80547,6.024336975966733,6,6,0.128265,11.8294,1.62792,2024-04-21,999,0.061521748242118535,0,0,6.0,3,3,3,0.48644392164392153,0.5106913972776304,0.11037979226985185,3,514
14,2024-04-21 07:42:11.894350+00:00,46.354287,12.815558,7.924219,106.647,9.76933,2.865784622053793,20,20,0.194378,1.07712,0.635983,2024-04-21,999,0.15412895459508597,0,0,20.0,10,10,10,0.374433982233531,0.31797368223517297,0.06717639341545126,8,515
20,2024-04-21 10:24:14.563184+00:00,45.561381,14.344447,0.076563,123.619,4.69293,4.269447118773108,87,87,1.09224,3.82114,3.07482,2024-04-21,999,0.60117690203477,0,0,98.3984138784568,44,43,39,1.7626562553658263,1.7580712604816682,0.04087365148372588,30,516
6,2024-04-21 12:22:00.747022+00:00,46.407483,12.825783,8.134766,77.9857,5.81682,1.764167803810057,41,41,0.252837,0.751084,0.714028,2024-04-21,999,0.31555927952114876,0,0,40.999999999600114,20,21,20,0.8179129793794854,0.8512222267312626,0.029877894336754595,15,517
27,2024-04-21 17:25:14.268797+00:00,45.464078,14.4055,0.076563,196.417,7.35587,4.95789586417464,75,75,0.905826,3.52843,2.05748,2024-04-21,999,0.6522800471753051,0,0,99.0,62,13,13,2.9809619422439946,2.9136568857529435,0.07620524663089152,13,518
17,2024-04-21 17:29:38.038818+00:00,45.420077,14.43038,13.398437,274.744,12.6096,6.704499533895128,7,7,0.189614,5.65862,4.12865,2024-04-21,999,0.2374314008712996,0,0,7.0,4,3,3,0.38116544651501094,0.38116544651501094,0.02614470174954886,2,519
8,2024-04-21 17:30:39.053336+00:00,45.421541,14.425724,13.398437,275.609,12.3456,7.21937608107515,6,6,0.0759156,9.01758,4.92131,2024-04-21,999,0.05315510537055837,0,0,6.0,3,3,3,0.27147577131665557,0.27147577131665557,0.02389537640273698,2,520
4,2024-04-21 17:52:12.394199+00:00,45.413148,14.415427,13.704688,228.576,13.0522,4.341616657421518,14,14,0.206294,3.46744,2.07518,2024-04-21,999,0.18287743842068935,0,0,14.0,8,6,6,0.5969767212000486,0.5903200266229075,0.11133197039915936,6,521
25,2024-04-21 17:58:07.055214+00:00,45.63122,14.438102,12.709375,216.596,12.3589,8.899247664831,6,6,0.131367,17.5251,1.81813,2024-04-21,999,0.14400998174252796,0,0,6.0,3,3,3,0.49903098474635144,0.5034674840771249,0.06465110474339744,3,522
12,2024-04-21 18:45:02.565524+00:00,45.401288,14.397659,15.082813,232.664,14.1485,5.134153649823893,10,10,0.147908,4.63758,2.0649,2024-04-21,999,0.246567434461008,0,0,11.0,6,4,4,0.5714033916988812,0.5367363147932763,0.11832570898721644,4,523
3,2024-04-21 18:46:28.470787+00:00,45.401622,14.419207,14.776563,232.433,14.3691,5.626289523300414,11,11,0.26732,4.58594,2.37255,2024-04-21,999,0.3585404923975776,0,0,13.0,6,5,5,0.4277141039429088,0.4090481702365808,0.09260605389215458,4,524
23,2024-04-21 18:55:02.491526+00:00,45.436944,14.41989,6.048438,220.209,10.5715,6.313593746829138,43,43,0.871119,4.01904,2.16799,2024-04-21,999,0.5390588439936815,0,0,45.94452277502719,28,15,14,1.3881254667938467,1.4477621015191149,0.05262912797827788,14,525
15,2024-04-21 19:10:11.173222+00:00,45.410427,14.419973,14.623437,229.491,13.4258,4.583512103180267,13,13,0.221846,4.24662,2.21241,2024-04-21,999,0.23306937512412226,0,0,13.0,7,6,6,0.8120495162764829,0.7489050654021048,0.12419489113285628,6,526
24,2024-04-21 19:17:26.057110+00:00,45.407808,14.422136,12.785937,230.373,13.7488,4.647982487058229,12,12,0.151271,3.81463,1.83442,2024-04-21,999,0.21568121759516198,0,0,12.0,6,6,5,0.4033060027851897,0.4033060027851897,0.016582023399512313,2,527
5,2024-04-21 19:38:54.002975+00:00,45.417768,14.425395,13.245312,226.984,12.7417,5.763662576868982,8,8,0.160633,5.97136,2.24868,2024-04-21,999,0.24161352856504306,0,0,7.816791662542634,4,4,3,0.615246080309756,0.6686309052353625,0.18460409660127147,3,528
21,2024-04-21 20:25:24.038630+00:00,45.423748,14.433092,11.714063,263.453,12.2909,4.862539768474907,12,12,0.243578,4.50247,2.45826,2024-04-21,999,0.38766835039513897,0,0,13.0,7,5,5,0.5788158388732084,0.46960633115851946,0.13693673122990974,5,529
19,2024-04-21 20:36:40.363850+00:00,46.401959,12.99494,11.063281,138.864,1.44209,4.7507605391137115,9,9,0.133761,3.88328,0.986998,2024-04-21,999,0.03183466363913631,0,0,9.0,5,4,4,0.1518433750000832,0.16456000458386522,0.11302139225161911,4,530
2,2024-04-21 21:01:32.287379+00:00,46.753706,9.714983,1.339844,133.666,10.3428,5.285571605796293,11,11,0.21655,1.3166,1.04095,2024-04-21,999,0.11784800831198347,0,0,11.0,5,6,5,0.7485743879816174,0.7955140387882149,0.13388241040046212,4,531
26,2024-04-21 21:24:45.461657+00:00,46.356638,12.82695,2.698828,128.329,10.1024,3.7621934825311683,10,10,0.0529848,0.807695,0.502346,2024-04-21,999,0.056546372862422485,0,0,10.0,5,5,5,-0.034761158523095415,-0.01425034939611336,0.12266006163018915,4,532
7,2024-04-21 22:03:43.898685+00:00,45.45744,14.42766,4.134375,212.616,8.65419,5.301419441998529,44,44,0.972464,4.55284,2.96122,2024-04-21,999,0.5425706792373611,0,0,47.62857229450557,28,16,15,1.093510947563398,1.1392711397987993,0.06421581401942959,13,533
22,2024-04-21 22:17:33.528094+00:00,45.478255,14.339695,11.714063,205.948,6.38248,3.048455018529878,32,32,0.371719,2.84065,1.51071,2024-04-21,999,0.44959227373254723,0,0,33.0668992465056,20,12,12,1.2534798410286088,1.2172001437330144,0.06408536883876227,11,534
31,2024-04-21 22:50:44.385432+00:00,46.35932,12.810694,7.905078,87.9683,9.09596,2.1462285526010505,29,29,0.21284,0.866874,0.556121,2024-04-21,999,0.23009502985175326,0,0,29.0,15,14,14,0.5812524887917696,0.6219486431096577,0.05826402822289045,14,535
10,2024-04-21 23:51:58.912738+00:00,46.294078,13.635553,1.799219,107.328,10.7244,4.788947869835294,7,7,0.120033,1.35273,0.86272,2024-04-21,999,0.17826720283257097,0,0,7.0,3,4,3,-0.10451536497207203,-0.10451536497207203,0.005073556144079783,2,536
17,2024-04-22 00:11:47.841934+00:00,45.422222,14.424588,14.546875,225.438,12.2477,6.952481283685702,7,7,0.113434,14.4585,1.84962,2024-04-22,999,0.1298044952826514,0,0,7.0,4,3,3,0.5005513587909279,0.5324404960391043,0.06262554929497627,3,537
23,2024-04-22 00:26:17.137800+00:00,46.024489,14.176297,7.924219,57.0788,9.08749,3.065631337913938,68,68,0.467131,1.09852,0.821906,2024-04-22,999,0.5586377365611017,0,0,73.0,40,28,27,1.2953190468491527,1.2311833721349759,0.06377939574978184,25,538
1,2024-04-22 02:15:07.754783+00:00,45.547094,14.412734,18.298438,136.277,3.30119,8.23000206561335,7,7,0.168393,11.1756,6.3866,2024-04-22,999,0.45579484201088627,0,0,7.0,4,3,3,0.6459251845551759,0.6459251845551759,0.04148530352359536,2,539
12,2024-04-22 03:11:08.191084+00:00,45.41651,14.425286,14.010937,227.418,12.8741,4.256160358821082,14,14,0.188441,3.59688,1.99226,2024-04-22,999,0.1758540237631996,0,0,14.0,8,6,6,0.778119211643619,0.6722896999902019,0.1303499250279949,6,540
21,2024-04-22 04:30:13.177132+00:00,45.417127,14.41099,13.857812,227.232,12.5488,4.216823259279431,14,14,0.177483,3.46155,1.79353,2024-04-22,999,0.21168161262118507,0,0,14.0,8,6,6,0.7399129818879925,0.6747027641316545,0.0989547944614844,5,541
20,2024-04-22 04:35:38.505261+00:00,45.61518,14.42949,14.39375,210.45,10.4505,8.610472518973625,6,6,0.108092,17.0974,1.76318,2024-04-22,999,0.10036123112416735,0,0,6.0,3,3,3,0.6787736712836848,0.5980421066980297,0.13535998989526196,3,542
18,2024-04-22 05:16:41.814413+00:00,47.176073,11.531034,8.498437,158.71,12.6013,6.5190236999109,12,12,0.32636,2.07884,1.92444,2024-04-22,999,0.13731495675246727,0,0,12.0,7,5,5,1.0589015155219672,1.0540272404942332,0.09377477210225611,5,543
22,2024-04-22 07:27:19.526396+00:00,45.454718,14.432209,16.078125,213.645,9.08202,8.943070166335497,6,6,0.119094,17.9883,1.7724,2024-04-22,999,0.13290649179950428,0,0,6.0,3,3,3,1.100180661960219,1.100180661960219,0.005585465487399355,2,544
14,2024-04-22 07:54:06.045308+00:00,45.454862,14.414272,15.848438,213.627,8.53598,4.119789266455263,13,13,0.3299,5.16532,2.36088,2024-04-22,999,0.4424636099194009,0,0,13.0,10,3,3,1.1347853889242114,1.1512556559074576,0.09062834298978922,3,545
13,2024-04-22 09:13:27.242932+00:00,46.350426,12.823533,2.430859,125.938,10.4785,3.9299210551867323,10,10,0.0350338,0.815055,0.457111,2024-04-22,999,0.054222616159455145,0,0,10.0,5,5,5,0.4821891491226268,0.49055309389908053,0.1347380599943018,5,546
19,2024-04-22 09:18:41.015874+00:00,46.293217,14.17305,12.939063,150.171,13.6278,5.128134036859801,20,20,0.313615,2.53119,1.4915,2024-04-22,999,0.44618682082384764,0,0,20.0,12,8,8,1.0046201638935477,1.0055373141945985,0.0807060807384663,8,547
7,2024-04-22 11:13:04.595199+00:00,45.460368,14.418342,16.384375,211.529,8.06589,8.823999943336355,6,6,0.0931092,17.8606,1.72463,2024-04-22,999,0.07953275339861313,0,0,6.0,3,3,3,0.662179401669385,0.6626986940069468,0.05770554541957403,3,548
11,2024-04-22 12:21:31.715778+00:00,45.666915,13.954785,10.335937,217.782,14.1976,9.920165976434063,6,6,0.0861462,8.49625,5.60518,2024-04-22,999,0.0665208428807861,0,0,6.0,3,3,3,0.5794190300062619,0.5814508316432281,0.044084054391217375,3,549
8,2024-04-22 16:16:47.395216+00:00,46.490768,13.122549,3.560156,210.862,6.7807,3.826825485960916,8,8,0.0858201,1.54636,0.983654,2024-04-22,999,0.06531865815923374,0,0,8.0,4,4,4,0.13290032386815245,0.19198541787443935,0.10138813884617022,3,550
20,2024-04-23 00:26:18.522721+00:00,45.843442,10.998223,11.216406,21.6106,13.5805,2.2644142951324078,92,92,0.547396,0.960032,0.815325,2024-04-23,999,0.4492761223744594,0,0,92.90053256356515,54,38,38,1.5436429056067906,1.5515405487005454,0.03530593168341768,35,551
9,2024-04-23 01:03:25.129390+00:00,45.41651,14.425286,13.704688,227.418,12.8741,4.203491929336846,13,13,0.188026,3.66512,1.85104,2024-04-23,999,0.2841866498237831,0,0,13.0,7,6,5,0.8088729819297589,0.7661627417040797,0.07397593113967264,4,552
13,2024-04-23 01:05:10.570666+00:00,45.41053,14.417591,12.479687,229.459,13.3731,4.819279873591074,24,24,0.365424,3.5841,1.86151,2024-04-23,999,0.3761561387571989,0,0,23.8600747004946,14,10,9,1.1984727127057164,1.1325261829846565,0.09679092521788715,8,553
6,2024-04-23 01:21:07.610461+00:00,45.407064,14.410116,14.776563,230.651,13.639,4.81940073038132,10,10,0.167366,4.29212,2.24602,2024-04-23,999,0.15694381467215546,0,0,10.0,6,4,4,0.7878081396794915,0.8035803246041411,0.03886774001626805,3,554
1,2024-04-23 03:43:14.057581+00:00,46.776965,9.759193,0.803906,172.965,9.19775,6.032915132835866,10,10,0.19369,1.8198,1.50794,2024-04-23,999,0.09538329477016848,0,0,10.0,5,5,5,0.6647669512663048,0.6347278971178667,0.07067882940242896,4,555
18,2024-04-23 07:02:37.237763+00:00,46.510699,12.862876,4.249219,194.036,6.15228,4.540948425164065,6,6,0.0726507,3.53978,1.00131,2024-04-23,999,0.07636405737609109,0,0,6.0,3,3,3,0.04594552817523401,0.04594552817523401,0.016583994874049934,2,556
8,2024-04-23 08:59:32.297164+00:00,46.175159,13.527821,7.426563,156.504,7.46934,2.8232561520343844,8,8,0.0529861,3.49408,0.718492,2024-04-23,999,0.40239302941685984,0,0,7.714812485828763,4,4,3,0.8923644331670065,0.9062163851138958,0.035036003017595546,3,557
19,2024-04-23 08:59:56.017762+00:00,46.149969,13.535068,6.928906,187.895,8.39686,4.0728931240581305,9,9,0.0822845,3.67509,1.14877,2024-04-23,999,0.47330248324884266,0,0,9.663805647004134,5,4,4,0.9032917156027261,0.873664007725085,0.05002866428447384,3,558
5,2024-04-23 09:09:47.474332+00:00,45.91381,14.317784,7.541406,103.481,10.037,3.7988890218062434,18,18,0.254134,1.72407,0.93319,2024-04-23,999,0.40761918511721346,0,0,17.888874694223226,10,8,7,1.029369360885208,1.0035500324172721,0.0799805386109496,6,559
15,2024-04-23 11:56:30.707146+00:00,46.097518,13.491893,9.340625,239.011,9.54169,7.272186397501098,6,6,0.0371943,5.51171,1.93055,2024-04-23,999,0.0150276411430693,0,0,6.0,3,3,3,0.31202838853446613,0.31202838853446613,0.10820928132901542,2,560
2,2024-04-23 12:39:15.111458+00:00,46.321595,12.733973,8.957813,174.806,7.07818,4.523466690493033,6,6,0.0371301,6.08004,4.2466,2024-04-23,999,0.027317574107086445,0,0,6.0,3,3,3,0.12033179182046594,0.12033179182046594,0.02016618322413788,2,561
16,2024-04-23 12:56:45.879029+00:00,46.41452,14.322226,12.479687,213.409,16.3383,4.903341656462458,20,20,0.242619,3.17813,1.6431,2024-04-23,999,0.20514512826149003,0,0,20.0,10,10,8,0.7899795115795217,0.8522627787386043,0.08904243006009978,7,562
14,2024-04-23 13:37:22.928774+00:00,46.231783,13.612662,10.603906,101.283,6.97207,2.690966517814742,16,16,0.136744,1.32459,0.879837,2024-04-23,999,0.1385778832311265,0,0,16.0,8,8,8,0.5325538634809461,0.6732487250630308,0.1507775912793063,7,563
3,2024-04-23 17:16:29.485655+00:00,46.076652,12.305811,12.326562,142.974,7.31271,4.448308701068306,12,12,0.245181,2.95914,1.77486,2024-04-23,999,0.3532207574284105,0,0,13.0,5,7,5,0.9178458927701547,0.9710260975384659,0.11595695027833847,5,564
0,2024-04-23 17:27:32.298934+00:00,45.440448,14.411821,15.465625,218.97,10.0266,8.982887620359058,6,6,0.105214,18.405,1.72973,2024-04-23,999,0.09466707020525567,0,0,6.0,3,3,3,0.4988337944772827,0.4988337944772827,0.007932490785624857,2,565
10,2024-04-23 18:34:35.272343+00:00,46.398698,12.977692,5.014844,70.065,2.49403,2.209226991506305,32,32,0.221731,0.697584,0.540573,2024-04-23,999,0.36381102336327914,0,0,32.0,16,16,16,0.685740178074918,0.7079520649281936,0.05419595660977985,15,566
7,2024-04-23 19:04:24.689978+00:00,46.143912,13.719984,5.933594,165.757,6.65811,3.710619139712401,8,8,0.146864,2.18246,1.55197,2024-04-23,999,0.21194738021723533,0,0,8.0,5,3,3,0.7184767291682441,0.7184767291682441,0.11221827594224476,2,567
11,2024-04-23 21:40:10.462266+00:00,45.634215,11.917517,13.321875,265.265,4.19627,11.325056379550611,12,12,0.24695,9.14346,5.05551,2024-04-23,999,0.5431693561550206,0,0,12.0,6,6,6,0.8774663985755528,0.8239679822456335,0.12038648985204808,6,568
20,2024-04-24 01:21:03.014598+00:00,44.738765,10.26218,23.045312,205.82,4.89594,6.03124730051753,10,10,0.253953,5.78484,3.68039,2024-04-24,999,0.40044332900059465,0,0,9.76611586561516,6,4,4,1.5448804657501924,1.680140776893992,0.21497705533203254,4,569
6,2024-04-24 07:17:00.135006+00:00,46.185108,12.694431,8.345313,231.638,8.43269,5.885245355972851,8,8,0.206089,3.38317,2.19676,2024-04-24,999,0.43702390252103507,0,0,8.708166528326581,5,3,3,1.06450337468369,1.06450337468369,0.04859391216798581,2,570
11,2024-04-24 07:57:59.037049+00:00,45.438841,14.434411,14.929688,219.532,10.7612,6.4663402323107,7,7,0.0943921,13.3811,1.65943,2024-04-24,999,0.2871539737441091,0,0,8.0,4,3,3,0.8632335291927485,0.9761976750593815,0.19064416834587727,3,571
2,2024-04-24 09:23:03.451284+00:00,45.55485,10.371425,1.760938,225.241,4.8438,6.91809894407416,10,10,0.185157,4.39542,2.73346,2024-04-24,999,0.3472370231571844,0,0,10.0,6,4,4,1.0482267685125677,1.0875044380732994,0.15204281954296084,4,572
19,2024-04-24 11:37:32.854289+00:00,46.292726,12.912662,0.191406,273.663,5.38116,2.9794052594435687,6,6,0.0777401,5.6918,1.18898,2024-04-24,999,0.07151284373479791,0,0,6.0,3,3,3,0.25643513486705943,0.3412314395124023,0.16529852088390617,3,573
0,2024-04-24 12:02:57.371664+00:00,46.276552,14.591845,9.417188,207.506,11.6338,4.517086527840705,15,15,0.252026,3.19021,1.60287,2024-04-24,999,0.4287482981367254,0,0,15.0,8,7,6,0.7670509881474625,0.8202143324409914,0.112222728479795,5,574
7,2024-04-24 13:19:17.394064+00:00,45.94046,14.299577,8.307031,47.2229,11.1909,3.593444851392602,26,26,0.346378,1.20726,0.97042,2024-04-24,999,0.5443449773013017,0,0,27.0,14,12,12,1.0675011960535181,1.068036593498457,0.019176090419779974,9,575
15,2024-04-24 13:44:05.109335+00:00,46.724377,12.925735,10.871875,251.46,18.0577,5.746700096577165,15,15,0.150426,3.64471,1.48547,2024-04-24,999,0.20072378207850003,0,0,15.0,8,7,7,0.7566141726970955,0.7500847765491137,0.08466557484690823,7,576
4,2024-04-24 15:06:23.208817+00:00,44.60548,10.709622,31.696875,270.42,13.735,9.491826905290678,7,7,0.250405,13.5766,5.73449,2024-04-24,999,0.28435040812299756,0,0,6.7091842114414355,4,3,3,1.6815397400254308,1.6663597395336944,0.2644432879982997,3,577
1,2024-04-24 15:08:29.387443+00:00,44.623154,10.709989,32.003125,277.874,15.2612,9.841013667300741,7,7,0.259274,13.5813,6.28402,2024-04-24,999,0.28243829465702314,0,0,6.727718467671345,4,3,3,1.6822713038437704,1.6665160051412458,0.2588499424110152,3,578
21,2024-04-24 15:09:11.492047+00:00,46.271812,12.920772,4.421484,75.3554,2.99321,1.9906461513789937,14,14,0.0826715,1.10247,0.606507,2024-04-24,999,0.46860771181737926,0,0,13.153420798120631,7,7,6,0.5360966726520416,0.47826286532424833,0.1558598386706904,6,579
3,2024-04-24 15:35:27.463459+00:00,46.374964,12.922349,7.637109,73.2685,3.34763,1.9373819964064907,16,16,0.151724,1.03321,0.712588,2024-04-24,999,0.07875028276313942,0,0,16.0,8,8,7,0.476068176934269,0.48615620439524054,0.054237192987657626,6,580
18,2024-04-24 16:53:47.381631+00:00,46.27904,13.667211,2.411719,159.853,7.81099,3.8268577710701503,8,8,0.113247,1.14858,0.875427,2024-04-24,999,0.02875824917349466,0,0,8.0,4,4,4,-0.03522688454714379,-0.015697116793564114,0.15613127435304835,4,581
5,2024-04-24 20:12:01.557994+00:00,45.736975,11.426491,13.934375,181.018,16.5003,11.870158212930441,7,7,0.119949,18.8444,2.79385,2024-04-24,999,0.32829769801424247,0,0,8.0,4,3,3,0.26051087227510705,0.2361348853026346,0.034426435624068184,3,582
10,2024-04-24 22:30:27.946723+00:00,46.31842,13.608221,0.880469,148.835,11.217,4.742326992099975,6,6,0.0670242,4.96896,2.63697,2024-04-24,999,0.02257979387478281,0,0,6.0,3,3,3,-0.047949355790381475,-0.12630269627575164,0.16607020133241335,3,583
9,2024-04-24 22:34:34.008118+00:00,46.055141,12.108179,8.842969,54.4024,6.88216,3.5350164356053564,27,27,0.315653,1.10723,0.914804,2024-04-24,999,0.36906533636695954,0,0,28.0,14,13,13,0.9204536885174056,0.9439794025209269,0.07254813775544881,13,584
6,2024-04-25 00:59:20.028535+00:00,45.503345,14.482573,16.039844,194.61,8.42659,3.5178541044221827,15,15,0.2019,2.55253,1.61243,2024-04-25,999,0.4152343742853222,0,0,15.0,9,6,6,0.7624915252809984,0.7646892856027864,0.10346733224214652,6,585
9,2024-04-25 06:25:49.925972+00:00,44.886936,11.125414,23.58125,313.801,69.1306,20.886465952860476,22,22,0.365161,11.0717,8.45608,2024-04-25,999,0.6308984180831956,0,0,23.94444588116666,13,9,9,1.5155335677546826,1.485904254559816,0.08946679066120475,7,586
7,2024-04-25 09:25:44.579161+00:00,46.56104,9.899146,2.526562,198.507,13.7543,11.936409007737629,7,7,0.420316,18.1605,9.65254,2024-04-25,999,0.676007296662344,0,0,7.0,4,3,3,0.6211524018574287,0.6211524018574287,0.038795773353054286,2,587
3,2024-04-25 10:18:51.290065+00:00,45.957468,13.657487,9.072656,84.5856,2.81827,3.1958441138453546,33,33,0.408258,2.58501,1.48209,2024-04-25,999,0.5930472334361497,0,0,37.0,21,12,12,1.1171561720071754,0.9877263563954833,0.13156807245487598,12,588
1,2024-04-25 11:42:14.738563+00:00,46.649504,13.796508,4.746875,257.358,12.0747,5.485235983984645,10,10,0.190909,3.82258,2.44194,2024-04-25,999,0.30337326109701745,0,0,10.0,7,3,3,0.4602002874940325,0.4602002874940325,0.0027511123401109394,2,589
5,2024-04-25 11:58:07.932026+00:00,46.607226,13.633706,2.411719,182.632,2.59526,3.544594828749825,10,10,0.11145,2.84967,1.899,2024-04-25,999,0.07977734250898257,0,0,10.0,5,5,5,0.34872447999823314,0.29635774294856354,0.08810762701977498,5,590
4,2024-04-25 13:03:32.455950+00:00,45.679032,13.967762,0.076563,117.174,13.1819,6.9700013629840845,7,7,0.0914675,4.06766,1.5792,2024-04-25,999,0.3521550788083207,0,0,8.0,4,3,3,0.36120495463855395,0.36120495463855395,0.020142391619671574,2,591
2,2024-04-25 16:01:30.245155+00:00,47.184222,11.002814,8.498437,154.129,16.1155,7.84491720797613,8,8,0.198739,3.7914,3.68416,2024-04-25,999,0.422368438397875,0,0,8.0,5,3,3,0.42968146807661844,0.42968146807661844,0.032871167176274585,2,592
0,2024-04-26 00:21:36.239486+00:00,45.769652,10.653016,0.440234,125.56,2.00037,2.0573997180907746,6,6,0.0443883,2.38376,0.613492,2024-04-26,999,0.04315244546989784,0,0,6.0,3,3,3,0.2591937519338352,0.2591937519338352,0.12828284615971075,2,593
10,2024-04-26 03:56:11.964688+00:00,45.415149,14.427559,13.551563,227.889,13.0689,4.1640175672059785,14,14,0.146871,3.54946,1.7753,2024-04-26,999,0.1691957036876837,0,0,14.0,8,6,6,0.5193544790816136,0.40037369572369097,0.13603363671405833,6,594
5,2024-04-26 04:46:09.335739+00:00,46.406744,13.313875,4.230078,125.513,3.0898,2.1670894536220695,19,19,0.150296,0.908959,0.603703,2024-04-26,999,0.3288073911865943,0,0,18.027259368507845,9,10,9,0.5538758183954307,0.4192663170027229,0.1286899772728655,9,595
8,2024-04-26 21:07:20.965869+00:00,45.884066,14.609436,8.307031,59.9526,14.0891,4.140460083130859,22,22,0.37128,1.34522,1.19468,2024-04-26,999,0.2657309734853632,0,0,22.0,13,9,9,0.40158138709646424,0.3811757710032837,0.06525421561994187,8,596
17,2024-04-27 01:37:31.139053+00:00,46.188255,12.284816,4.364063,189.135,7.28823,5.514673217879732,6,6,0.169735,6.00205,2.3777,2024-04-27,999,0.006675716180639147,0,0,6.0,3,3,3,0.24451735814224784,0.24451735814224784,0.03386721029284201,2,597
16,2024-04-27 04:51:02.105771+00:00,46.309083,13.622103,6.546094,104.492,11.2828,3.3184510543324275,20,20,0.161444,0.906073,0.645964,2024-04-27,999,0.3344554652478532,0,0,21.0,11,9,9,0.21871543852040096,0.12937429425910318,0.08464199180394374,9,598
3,2024-04-27 06:45:11.900080+00:00,45.777647,11.056631,5.397656,97.587,15.3744,5.612733647697884,10,10,0.192764,1.09684,0.975692,2024-04-27,999,0.2243968563391929,0,0,11.0,5,5,5,0.4716475777782839,0.4189149699946082,0.05874266773948754,5,599
11,2024-04-27 16:52:04.417782+00:00,46.339752,13.22562,9.455469,155.525,10.0614,2.6304819710463705,15,15,0.147657,1.08836,0.918114,2024-04-27,999,0.19325210486089514,0,0,14.979814474630162,8,7,7,0.23708541141103506,0.2769182307412126,0.09520621728945185,7,600
19,2024-04-27 17:54:24.367585+00:00,45.238166,14.41816,10.259375,274.257,32.3817,10.869089106268289,11,11,0.453411,5.5236,3.84277,2024-04-27,999,0.5194216196884814,0,0,13.0,5,6,4,0.5419085288287928,0.537808126758005,0.03544695091113515,4,601
8,2024-04-27 20:39:05.977066+00:00,46.379406,13.752725,2.564844,173.736,16.0822,5.442829723590478,10,10,0.128288,1.46956,1.14203,2024-04-27,999,0.15940996819046205,0,0,10.0,5,5,5,-0.03752116611553258,-0.08284847257534578,0.05931037381005059,4,602
14,2024-04-27 23:49:11.465353+00:00,46.353268,12.828874,1.033594,202.132,10.4848,4.911423266223346,6,6,0.0516595,4.93268,2.45086,2024-04-27,999,0.02837390504484767,0,0,6.0,3,3,3,-0.21321008253108165,-0.2296120623987008,0.08579610346077107,3,603
2,2024-04-28 00:20:00.571027+00:00,45.799321,11.109605,10.182812,167.701,10.9332,6.444494472028043,7,7,0.197187,6.23607,2.87933,2024-04-28,999,0.112353338326968,0,0,7.0,3,4,3,0.24864313753042488,0.24864313753042488,0.18746550860736033,2,604
3,2024-04-28 02:18:59.585254+00:00,46.399884,12.853619,3.330469,102.787,6.69348,4.355951652624257,9,9,0.126764,1.30063,0.976692,2024-04-28,999,0.07502660129173183,0,0,9.0,4,5,4,0.17718648651114222,0.20914360481656258,0.056916034151808105,4,605
1,2024-04-28 05:36:04.551079+00:00,46.518351,10.449518,2.335156,138.422,7.56635,7.81211309441946,9,9,0.339506,7.20025,1.96462,2024-04-28,999,0.5502408718928232,0,0,9.0,5,4,4,0.024666631204659062,-0.05064984897327496,0.08689526768438281,3,606
5,2024-04-28 06:53:37.379763+00:00,46.071703,14.194812,5.703906,66.5052,5.24828,2.9647011485139614,24,24,0.259676,1.35605,1.00011,2024-04-28,999,0.6099620519067132,0,0,24.0,13,11,11,0.43354759119425895,0.45613551370684613,0.07038446487065071,10,607
6,2024-04-28 07:41:35.524510+00:00,44.341091,10.695956,20.135938,184.195,8.6738,9.82722982330219,10,10,0.466122,6.70287,2.88193,2024-04-28,999,0.6748960843529791,0,0,10.0,6,4,4,1.996872182035674,2.0221567753692002,0.28253741508316704,4,608
4,2024-04-28 09:12:39.410589+00:00,46.347285,12.817567,2.871094,177.835,10.4986,5.117505075718049,8,8,0.0566491,5.37977,1.05439,2024-04-28,999,0.0609848700963607,0,0,7.857929295600881,4,4,4,-0.11117229227452825,-0.03847226068118892,0.08893970583591772,3,609
10,2024-04-28 10:19:21.525782+00:00,46.271,12.926793,4.651172,58.7273,2.90055,1.6168186880414266,28,28,0.195813,0.913271,0.540497,2024-04-28,999,0.296630925514298,0,0,28.0,14,14,14,0.5946365148074174,0.5076944501563574,0.09797873685291271,13,610
0,2024-04-28 18:34:07.897842+00:00,45.804266,11.116971,11.254688,163.494,10.1584,5.523672229595091,11,11,0.342831,3.57305,2.01613,2024-04-28,999,0.27124693342223,0,0,12.0,5,6,5,0.49069193252664434,0.47660123828208667,0.1755970556906736,4,611
9,2024-04-28 20:04:07.842997+00:00,47.115111,9.905737,6.048438,159.252,19.1737,10.888363605243903,7,7,0.248427,6.11517,3.26565,2024-04-28,999,0.046694262464977855,0,0,6.990243645479,4,3,3,0.5941201260033137,0.5115708730266693,0.12908443788006077,3,612
7,2024-04-28 20:34:12.588446+00:00,45.49656,14.332286,9.149219,198.724,5.14399,3.17325334633086,8,8,0.160956,3.98882,1.51316,2024-04-28,999,0.271114485913635,0,0,7.612702177637731,4,4,4,0.09407010123219828,0.09407010123219828,0.013767361058551808,2,613
8,2024-04-28 21:25:25.476840+00:00,46.021188,14.60637,1.186719,166.592,11.5966,5.842374089357852,6,6,0.0838638,5.72124,3.45222,2024-04-28,999,0.06940052757119929,0,0,6.0,3,3,3,-0.3991407727503849,-0.3946927996332845,0.08705038259258105,3,614
9,2024-04-29 01:33:59.681328+00:00,46.163916,13.515486,13.360156,96.8541,6.57404,3.0502724796319427,11,11,0.0886151,1.75112,1.04362,2024-04-29,999,0.04928108292968116,0,0,11.0,5,6,5,0.19643969306054182,0.16137404500151764,0.1709312946455391,4,615
17,2024-04-29 01:34:33.534997+00:00,46.167191,13.512089,13.053906,163.443,6.27103,3.768057868451598,7,7,0.0604592,3.93677,1.57162,2024-04-29,999,0.05133459706521159,0,0,6.920877935304922,3,4,3,-0.11937691106541866,-0.0337937878020802,0.21035604014034343,3,616
6,2024-04-29 02:19:04.301533+00:00,45.567261,14.272413,9.149219,146.155,9.54264,4.284126608773368,17,17,0.221925,1.85079,1.07025,2024-04-29,999,0.2268284510917699,0,0,16.983617196682935,9,8,8,0.34598984410449407,0.38104512215171926,0.09886673273814305,8,617
10,2024-04-29 03:00:43.757333+00:00,46.270159,13.736966,2.717969,279.308,4.68132,3.4729642238295515,6,6,0.0376374,3.28398,2.07488,2024-04-29,999,0.03122193450150509,0,0,6.0,3,3,3,-0.22375579147541602,-0.08869641944289919,0.22630739541879855,3,618
5,2024-04-29 11:58:07.953184+00:00,46.353707,12.824644,1.071875,126.805,10.2416,3.751608841550515,9,9,0.0347505,0.781462,0.474771,2024-04-29,999,0.19721816374981155,0,0,10.0,4,5,4,-0.08628296909679449,-0.12513072029149308,0.17218628525246832,3,619
14,2024-04-29 13:18:05.104182+00:00,46.654413,13.783445,7.273438,259.294,11.211,5.9944670321889335,10,10,0.18745,4.19875,2.77203,2024-04-29,999,0.2503002197516806,0,0,10.0,6,4,4,0.39222069790618636,0.3999386194316521,0.09726907064998146,4,620
0,2024-04-29 17:40:39.563527+00:00,47.261829,11.570177,7.503125,173.135,5.01067,4.606623850500494,7,7,0.0709957,2.73225,1.70179,2024-04-29,999,0.03850203668100288,0,0,7.0,3,4,3,0.2421663191506982,0.2421663191506982,0.045698760589967025,2,621
2,2024-04-29 20:40:12.948347+00:00,45.883571,14.874078,10.335937,161.446,9.34186,6.2273205313360895,12,12,0.469393,3.13836,2.23195,2024-04-29,999,0.3407155183597207,0,0,12.0,6,6,6,0.22835866507292954,0.2651006622627965,0.09136607787704502,5,622
8,2024-04-29 20:48:10.185010+00:00,46.055979,14.925907,8.728125,138.459,5.59797,5.054808908356477,12,12,0.284018,3.37117,1.88668,2024-04-29,999,0.2292257338903507,0,0,12.0,7,5,5,0.1122978178922806,0.09649396294401524,0.13325949937169554,4,623
12,2024-04-29 21:41:32.318058+00:00,46.520241,13.621604,9.264063,265.151,8.75456,7.213604022955516,7,7,0.107349,11.7709,2.25773,2024-04-29,999,0.2295757344010563,0,0,6.608094255824685,3,4,3,0.633567070881451,0.5519069524665656,0.14116617129380662,3,624
13,2024-04-29 23:28:48.062083+00:00,45.185606,14.523185,12.096875,285.101,39.7093,11.068952570139597,14,14,0.358682,5.74436,3.80293,2024-04-29,999,0.4873524995813896,0,0,14.062079063311632,8,6,6,0.5829050070251512,0.5754916777297792,0.10386469393947186,6,625
1,2024-04-30 06:11:37.405779+00:00,45.850784,11.679255,7.158594,215.702,8.60724,3.7810619407780135,8,8,0.132074,3.01332,1.21486,2024-04-30,999,0.06596396397614337,0,0,8.0,4,4,4,0.8101125734873796,0.772916357293586,0.04458076477544173,3,626
3,2024-04-30 08:26:31.208159+00:00,45.751796,14.043348,12.632812,180.214,15.8473,10.55445702061456,6,6,0.103414,7.75811,4.73453,2024-04-30,999,0.08307402735131965,0,0,6.0,3,3,3,0.23794222323710276,0.2568920551316156,0.05568673523799635,3,627
5,2024-04-30 11:55:09.536347+00:00,46.005888,10.445544,5.397656,206.859,7.60262,2.874056366879397,15,15,0.231309,2.16519,1.1181,2024-04-30,999,0.19762215510147768,0,0,14.999125357127255,8,7,7,1.1127293411889145,1.0429404013343295,0.111948634736457,7,628
4,2024-04-30 12:13:23.964009+00:00,46.004976,10.4413,4.057813,233.087,7.90615,3.8889136786511473,6,6,0.0953766,3.69253,2.39325,2024-04-30,999,0.09741482146212138,0,0,6.0,3,3,3,0.4146777354919312,0.4146777354919312,0.03085804213349974,2,629
2,2024-04-30 15:41:14.862451+00:00,47.184157,11.007752,6.354687,152.582,15.7554,6.138512686310911,10,10,0.314211,2.66441,2.3356,2024-04-30,999,0.3130596888282693,0,0,11.0,6,4,4,0.6900263918140782,0.662060604411477,0.11443323862031189,4,630
0,2024-04-30 21:12:02.161677+00:00,45.889113,14.616533,4.517188,126.164,14.3874,6.788218764889653,7,7,0.208317,2.40972,1.24688,2024-04-30,999,0.09321172023864113,0,0,7.0,3,4,3,-0.33647977761825976,-0.28085092486834506,0.18218743787893424,3,631
1,2024-05-01 00:34:37.034614+00:00,45.695158,14.187166,7.771094,117.339,18.9364,6.690664316792466,9,9,0.183611,1.5896,1.35585,2024-05-01,999,0.10663811820227077,0,0,9.0,5,4,4,-0.2243802312837655,-0.21750737421678767,0.04847860078811383,3,632
13,2024-05-01 01:12:51.078311+00:00,46.31728,12.696653,9.378906,205.547,6.4485,3.7869996435172792,8,8,0.135769,4.13891,3.24614,2024-05-01,999,0.1303542369460166,0,0,8.0,4,4,4,-0.12224358530397395,-0.12224358530397395,0.3146040188904732,2,633
14,2024-05-01 11:11:54.261310+00:00,45.750861,10.828547,5.474219,35.0081,6.38208,1.9643968030924912,86,86,0.440372,0.778693,0.692696,2024-05-01,999,0.5691987060461471,0,0,97.477876566032,50,36,34,2.1354181861984207,2.109433914507273,0.06486160865573046,34,634
0,2024-05-01 12:19:09.658334+00:00,45.614527,10.827723,1.799219,167.5,7.64378,3.0273242145498718,8,8,0.0414015,2.5891,0.681298,2024-05-01,999,0.016121236792781525,0,0,8.0,4,4,4,0.7625989177863514,0.7081354361519643,0.13960500292400305,4,635
10,2024-05-01 12:53:36.991772+00:00,46.261274,13.289495,8.000781,112.524,0.879992,1.6861141153551855,12,12,0.134439,1.58135,0.834059,2024-05-01,999,0.16845215399191077,0,0,12.0,6,6,6,0.37418704147871884,0.3842959275572687,0.04383550233953067,4,636
3,2024-05-01 15:33:04.392222+00:00,46.402477,12.998624,10.680469,126.368,1.31809,1.8296277845507265,20,20,0.198393,1.5342,0.780046,2024-05-01,999,0.14392481260274062,0,0,20.0,10,10,10,0.4309661426184503,0.4384594332953604,0.08240192949377419,10,637
16,2024-05-01 15:49:07.459555+00:00,45.845659,10.923579,11.828906,21.1523,12.7503,1.9971170221096208,142,142,0.620103,0.951868,0.739257,2024-05-01,999,0.609657678002814,0,0,146.3251451407061,92,50,50,2.6638471204404137,2.6134022461812405,0.03550525728004818,47,638
9,2024-05-01 17:04:25.339105+00:00,45.779146,12.414799,23.428125,206.395,25.6272,15.690171891983848,31,31,0.665514,11.8246,5.7673,2024-05-01,999,0.7703017458925262,0,0,25.704749717387095,28,3,3,2.1368958761552745,2.1716576270737233,0.07454161457460623,3,639
7,2024-05-01 22:10:42.341388+00:00,45.094174,11.361946,14.853125,281.257,38.5338,11.778327555302576,23,23,0.332969,5.31664,4.22752,2024-05-01,999,0.2835663238737857,0,0,23.0,13,10,10,1.252140502334497,1.2678873096799692,0.08042975613895394,10,640
15,2024-05-01 22:41:59.165958+00:00,46.676861,9.978285,6.201562,147.034,13.7745,6.280435255617241,7,7,0.280846,6.30746,2.06083,2024-05-01,999,0.10267212829489218,0,0,6.19643242339269,4,3,3,-0.16006521543423147,-0.16006521543423147,0.07144315219297792,2,641
2,2024-05-01 22:54:45.813892+00:00,45.646719,13.946577,3.253906,157.623,11.4207,14.18686667308888,7,7,0.13878,19.4051,6.64102,2024-05-01,999,0.6772477347708623,0,0,7.0,4,3,3,0.05391005475389177,0.05391005475389177,0.03872469014197599,2,642
3,2024-05-02 07:21:20.675823+00:00,45.551229,14.556336,12.977344,162.966,13.9885,4.290429477336739,25,25,0.364934,2.34514,1.50565,2024-05-02,999,0.41007350872592896,0,0,24.943022861127698,15,10,10,0.9981346714475403,0.9800301077383184,0.07356084769683162,10,643
8,2024-05-02 08:38:51.849358+00:00,45.791544,11.101556,10.680469,121.229,12.0,4.7821653045456305,14,14,0.359159,2.25261,1.2804,2024-05-02,999,0.20484557954436003,0,0,14.0,8,6,6,1.051613544029723,1.1338259202263852,0.09511814981868455,6,644
2,2024-05-02 13:01:43.643450+00:00,45.183299,14.518219,10.565625,285.301,39.8483,13.97602851313634,8,8,0.189319,19.0508,3.6807,2024-05-02,999,0.05349785179097598,0,0,8.0,5,3,3,0.7679083152430439,0.7679083152430439,0.03101671339025569,2,645
10,2024-05-02 13:58:08.181763+00:00,46.200464,14.456235,6.048438,171.554,10.4747,7.987942225629827,10,10,0.271898,4.07203,2.63979,2024-05-02,999,0.2878528429711164,0,0,10.0,5,5,5,0.22648075282006533,0.19364831802385374,0.17522633489719824,3,646
5,2024-05-02 14:20:47.041545+00:00,45.840783,10.9349,11.867188,175.935,13.2146,7.305772101564625,8,8,0.257979,7.00596,4.12351,2024-05-02,999,0.1252886927533202,0,0,8.0,4,4,4,0.6598754666596987,0.6189819105680564,0.11715031985360914,4,647
1,2024-05-02 15:39:48.506749+00:00,46.363801,12.714572,8.039063,164.651,7.2106,5.431682538587836,6,6,0.0965032,5.46153,1.53743,2024-05-02,999,0.09435834730954311,0,0,6.0,3,3,3,0.535671641872113,0.5268733777605568,0.08491851226908298,3,648
7,2024-05-02 19:16:37.092580+00:00,46.009359,14.327301,4.938281,152.554,9.44876,5.805294092464222,8,8,0.101813,4.13437,1.08016,2024-05-02,999,0.3057704260903631,0,0,5.0340595714166305,5,3,3,-0.06558465678245029,-0.06558465678245029,0.3903448137946921,2,649
11,2024-05-02 20:04:53.879003+00:00,46.35942,12.828944,11.541797,53.3007,7.21868,1.4402658331016536,60,60,0.227777,0.69801,0.621315,2024-05-02,999,0.3658566540902565,0,0,60.999062148589765,30,30,27,1.168495193835322,1.2191477135357953,0.04703209542709304,27,650
14,2024-05-03 00:31:24.828479+00:00,46.360978,12.829647,11.924609,50.6793,7.06652,1.3524348745873125,85,85,0.279544,0.664832,0.579396,2024-05-03,999,0.44797202638207034,0,0,90.0,46,39,39,1.2532210711898186,1.2435348671363804,0.04859439972817998,38,651
1,2024-05-03 01:19:05.155649+00:00,46.829638,10.101082,5.971875,234.407,9.87785,4.858091240394729,12,12,0.266023,2.7712,1.47205,2024-05-03,999,0.24606253944046624,0,0,12.0,6,6,6,0.3922736480771424,0.605785352378571,0.22349994576577603,5,652
6,2024-05-03 02:04:50.289794+00:00,46.356149,12.822056,7.062891,102.6,9.9049,2.631494955343825,23,23,0.169214,0.961639,0.690581,2024-05-03,999,0.24252180639879903,0,0,23.0,12,11,11,0.5951528141196678,0.609568056433442,0.0464058957800789,11,653
11,2024-05-03 02:52:07.616286+00:00,45.764417,10.802399,3.024219,192.389,7.37028,3.0564807213525818,10,10,0.108866,1.2545,0.528447,2024-05-03,999,0.14620175153405413,0,0,10.0,5,5,5,0.2479838638378226,0.35006602124369013,0.10934630230874981,5,654
4,2024-05-03 04:21:02.248058+00:00,45.181728,14.525225,13.16875,285.746,40.1688,12.74232863333857,10,10,0.179229,6.27037,3.71382,2024-05-03,999,0.12860280352715628,0,0,10.0,6,4,4,0.8115306671652235,0.7305299868180994,0.13779959398859062,3,655
8,2024-05-03 15:50:29.268231+00:00,46.136301,11.180564,10.603906,47.4066,15.2607,3.275964178680835,40,40,0.296076,1.0759,0.893502,2024-05-03,999,0.3798046800534729,0,0,40.9198652896128,22,18,18,0.9954650389558414,0.9863558052274589,0.05712193459149477,18,656
7,2024-05-03 16:18:20.388544+00:00,46.121703,14.762821,12.096875,162.271,5.25832,4.4532419089916955,10,10,0.346904,3.44406,2.26782,2024-05-03,999,0.23047933771141424,0,0,10.0,5,5,5,0.45465336295783776,0.39400358813893244,0.11301704220846252,4,657
10,2024-05-03 18:02:04.907276+00:00,47.187942,11.007859,7.273438,153.68,15.6443,5.868514002709715,11,11,0.296653,2.63533,2.21386,2024-05-03,999,0.19047506593029145,0,0,10.87804404963611,7,4,4,0.6266313320832447,0.6687627573055861,0.06748400405580963,3,658
5,2024-05-03 18:34:12.714136+00:00,46.326498,13.157257,5.895313,159.331,4.60336,2.5348953232826004,21,21,0.224158,1.52441,0.558686,2024-05-03,999,0.17194108784337658,0,0,21.0,13,8,8,0.5129464219847333,0.5937254489869292,0.1719001568455408,8,659
9,2024-05-03 18:44:18.834100+00:00,45.712082,10.755206,3.770703,108.207,5.90859,2.514537870066784,11,11,0.0595424,0.715773,0.469673,2024-05-03,999,0.05202676263463293,0,0,11.0,6,5,5,0.3829275570291745,0.45126983776620677,0.08556051713287605,5,660
3,2024-05-03 21:47:27.780420+00:00,45.313466,14.544046,36.290625,261.544,27.0852,13.048277587482572,8,8,0.27207,15.7534,4.41533,2024-05-03,999,0.3605292173210012,0,0,9.0,5,3,3,0.754648033065212,0.754648033065212,0.007043364152941822,2,661
2,2024-05-03 22:49:01.328436+00:00,46.022392,14.60769,4.325781,104.478,6.63937,10.276527137121763,9,9,0.228921,8.41546,2.7119,2024-05-03,999,0.6244677835851961,0,0,9.0,3,6,3,-0.07881545878889429,-0.07881545878889429,0.2817013070234886,2,662
12,2024-05-03 23:27:45.348876+00:00,45.17261,14.531565,13.934375,297.068,41.2841,14.671300044644987,9,9,0.306014,6.91541,6.19056,2024-05-03,999,0.40516452157459804,0,0,9.937352908164828,4,5,4,0.6887321033213668,0.6683442612500339,0.10452906590426861,4,663
3,2024-05-04 10:03:33.153404+00:00,47.122857,11.395792,6.507812,127.556,17.8652,6.991947010668773,11,11,0.471538,2.28072,1.61478,2024-05-04,999,0.22035813022408615,0,0,11.0,6,5,5,0.517239487555588,0.49327396902588894,0.0823403257315651,5,664
0,2024-05-04 11:54:52.450535+00:00,46.287455,12.540659,0.497656,173.017,7.86306,4.976330756692123,6,6,0.0647309,5.60363,1.97794,2024-05-04,999,0.04239173143067544,0,0,5.915288139730344,3,3,3,0.2715605396808778,0.3938803539033793,0.19982452194618283,3,665
1,2024-05-04 16:29:19.243910+00:00,45.754591,10.792246,4.995703,72.9538,7.74324,2.5209382380375764,18,18,0.165452,0.906896,0.524783,2024-05-04,999,0.21890542463690743,0,0,18.0,9,9,9,0.7098300017121816,0.7107222998993665,0.07045947520631192,9,666
2,2024-05-04 18:33:56.270823+00:00,45.412942,14.420192,15.389063,228.637,13.1573,4.330764990160515,15,15,0.232293,3.95002,2.00926,2024-05-04,999,0.30490667837304264,0,0,16.0,9,6,6,0.8877039683176214,0.8026993386864739,0.14378256777713683,6,667
6,2024-05-05 00:55:22.046336+00:00,46.357243,13.720596,5.014844,153.006,14.4282,5.227871144165663,10,10,0.130323,1.24125,1.00754,2024-05-05,999,0.07058531204244377,0,0,10.0,5,5,5,0.021896414392136698,0.004395975053093526,0.10285559374475056,5,668
7,2024-05-05 01:49:03.279228+00:00,46.751661,10.108176,1.569531,148.897,7.89528,3.2225402712766833,8,8,0.19405,3.69507,1.75227,2024-05-05,999,0.10425699653928902,0,0,8.0,4,4,4,0.522726973789404,0.6197999807360903,0.26636453890130307,4,669
8,2024-05-05 02:28:05.872099+00:00,45.849876,10.143459,14.546875,314.976,25.2708,14.621759880397434,7,7,0.0951315,13.3966,5.06865,2024-05-05,999,0.21107025759487874,0,0,8.0,3,4,3,0.741498806228366,0.7343306617323269,0.10251557173927572,3,670
4,2024-05-05 02:49:51.327167+00:00,45.924922,12.116546,10.374219,143.405,7.65842,3.576858985199165,10,10,0.119398,2.01857,0.978218,2024-05-05,999,0.14002568879446348,0,0,10.0,5,5,5,0.487845366059897,0.4273324862770489,0.11157103900394617,5,671
3,2024-05-05 04:47:01.147531+00:00,46.471515,10.636982,0.535938,199.194,6.78572,11.807482542862386,6,6,0.202253,18.0983,5.7515,2024-05-05,999,0.05131471581212228,0,0,6.0,3,3,3,-0.042264235738001345,-0.06407266315929139,0.09699336068168671,3,672
1,2024-05-05 05:13:16.905584+00:00,45.767014,11.072579,4.210938,101.89,13.7923,5.173830254270041,12,12,0.254139,1.08885,0.969962,2024-05-05,999,0.14190455249888298,0,0,12.0,6,6,6,0.31503108754301395,0.30117131368845784,0.04281753917562323,6,673
0,2024-05-05 11:03:30.768552+00:00,45.974831,14.826155,3.215625,152.469,16.4253,8.398514630576052,6,6,0.273425,13.0348,5.82809,2024-05-05,999,0.11337028578816613,0,0,6.0,3,3,3,-0.5158252867010455,-0.5158252867010455,0.020289084872460172,2,674
9,2024-05-05 12:05:42.310001+00:00,46.450408,14.398503,13.857812,203.677,17.7447,4.077284954476447,47,47,0.318292,2.69586,1.47967,2024-05-05,999,0.3520978728734378,0,0,46.98507656020919,25,22,20,1.3833836929487562,1.3972634480451653,0.028163092873549123,16,675
2,2024-05-05 14:34:29.775109+00:00,46.353374,12.825232,0.038281,199.964,10.2988,7.839380587776052,7,7,0.107363,4.07666,1.40637,2024-05-05,999,0.37396055912611864,0,0,7.0,4,3,3,-0.01555439571882633,-0.01555439571882633,0.1515498749445593,2,676
5,2024-05-05 16:32:17.858127+00:00,46.372018,10.737095,6.048438,140.695,6.75928,4.552597928655682,9,9,0.439231,3.92721,1.63622,2024-05-05,999,0.12170293040977179,0,0,9.0,5,4,4,0.44148700580191674,0.4826425652873412,0.10844652468507579,4,677
8,2024-05-06 02:22:19.993868+00:00,45.799068,14.791274,8.039063,94.3805,3.77097,4.6354152672657065,10,10,0.382855,2.39547,2.02727,2024-05-06,999,0.18063005143077132,0,0,10.0,5,5,5,0.06150042990207044,0.06709786208592661,0.03977854610092561,4,678
0,2024-05-06 04:18:24.078147+00:00,46.008507,10.453142,0.019141,224.486,6.98713,3.139708919629334,6,6,0.0321981,3.97669,2.84157,2024-05-06,999,0.01094654302601045,0,0,6.0,3,3,3,0.5333177129020926,0.5333177129020926,0.018424129662019006,2,679
5,2024-05-06 09:06:24.935312+00:00,45.742464,14.063638,10.297656,147.043,16.8022,6.314655968459406,14,14,0.206148,1.76964,1.14182,2024-05-06,999,0.36417541102711587,0,0,14.0,8,6,6,0.8470944255787028,0.8626151413531431,0.060665156776926674,6,680
7,2024-05-06 11:41:58.037847+00:00,45.893372,11.319741,8.957813,143.647,10.2924,3.7260508182256453,12,12,0.252304,2.2696,1.52741,2024-05-06,999,0.4925094448897311,0,0,13.0,6,6,4,1.2504368105889192,1.1866963897267557,0.1529011427762243,4,681
4,2024-05-06 12:11:51.034443+00:00,45.453149,14.306432,10.029687,217.109,10.1442,3.635163517642638,11,11,0.138932,3.25311,1.4976,2024-05-06,999,0.3388484311360406,0,0,11.0,6,5,5,1.2104699302350685,1.1920294932175888,0.12452602956519204,5,682
2,2024-05-06 12:46:10.778297+00:00,46.076566,14.168604,6.163281,188.979,7.19685,4.393693924250982,8,8,0.0620443,2.41858,1.09734,2024-05-06,999,0.20551643735405511,0,0,8.0,4,4,4,0.4082532469759724,0.3539497369536043,0.23380509174705516,4,683
1,2024-05-06 14:17:05.203510+00:00,46.016322,14.782401,1.722656,157.127,11.3868,6.885493301136818,6,6,0.0949526,5.17146,3.96543,2024-05-06,999,0.08350982625985963,0,0,6.0,3,3,3,0.02835218360790892,0.02835218360790892,0.26178032961187203,2,684
3,2024-05-06 17:42:11.911398+00:00,46.317937,13.158509,2.947656,213.891,4.63716,4.38830365859064,6,6,0.0614688,4.99228,3.01861,2024-05-06,999,0.052901716353326945,0,0,6.0,3,3,3,-0.004307738302151328,0.08116774412440053,0.14978651983736735,3,685
6,2024-05-06 22:39:30.996535+00:00,46.063115,11.826707,6.469531,122.573,7.87696,4.01856096133927,11,11,0.257196,2.3368,1.23657,2024-05-06,999,0.33432363518473046,0,0,11.0,6,5,5,0.7138236455493407,0.6491145415553301,0.08948626413768465,4,686
10,2024-05-07 00:07:40.265336+00:00,46.571023,13.049142,7.273438,172.069,5.99771,3.829886747672834,11,11,0.199757,4.65504,2.84803,2024-05-07,999,0.2832953799967888,0,0,11.0,6,5,5,-0.017154443057994573,-0.026665315152044622,0.028751907084473127,4,687
4,2024-05-07 01:43:22.963475+00:00,45.427521,14.433422,14.317188,223.595,11.9045,5.262557277598031,8,8,0.130249,6.69648,1.79459,2024-05-07,999,0.16072225293787454,0,0,8.0,4,4,4,0.33541606235824195,0.307937254801828,0.12077299453285334,4,688
8,2024-05-07 17:53:31.241117+00:00,45.690316,14.189764,4.057813,163.761,21.0842,10.034198074584735,6,6,0.0702611,7.56424,4.8726,2024-05-07,999,0.033897633455746354,0,0,6.0,3,3,3,0.19763341676103197,0.19763341676103197,0.30527338227529544,2,689
12,2024-05-08 00:18:19.115927+00:00,46.327859,13.164034,0.574219,231.9,5.14411,3.139073621309319,6,6,0.0445001,2.56089,0.956919,2024-05-08,999,0.04004354497047158,0,0,6.0,3,3,3,0.11194418004584077,0.06397926766630002,0.17629793678217884,3,690
10,2024-05-08 01:27:27.190291+00:00,46.483794,10.731094,4.134375,125.609,7.09497,5.2960232344656495,12,12,0.538504,4.59433,1.4478,2024-05-08,999,0.24882207915515145,0,0,14.0,6,6,5,0.6100145950693225,0.46136307017717826,0.17479083633763243,5,691
3,2024-05-08 04:32:29.720061+00:00,45.882995,14.462225,8.613281,49.1254,5.95127,2.9822119139994054,31,31,0.349465,1.2886,0.988271,2024-05-08,999,0.35322426673499363,0,0,32.0,16,15,14,0.797987797315125,0.80610103761391,0.05167540397987388,12,692
7,2024-05-08 06:59:49.230188+00:00,46.619406,13.628524,3.560156,165.299,1.53935,3.534736821886461,8,8,0.144111,3.84154,1.77106,2024-05-08,999,0.08683359394293459,0,0,7.981847162567892,4,4,4,0.9071422531156198,0.9354440200217825,0.09028824425046796,4,693
6,2024-05-08 07:06:51.200057+00:00,44.526606,10.166396,22.509375,178.513,9.0111,6.625238486273531,8,8,0.155296,5.82543,3.26661,2024-05-08,999,0.2141144379499279,0,0,8.0,4,4,4,2.005385229779281,1.9893112463645224,0.17037972071401797,4,694
4,2024-05-08 08:06:46.629220+00:00,46.234205,12.52558,7.311719,53.8365,10.6268,3.682615904489633,22,22,0.22879,1.09395,0.846001,2024-05-08,999,0.30661532125172886,0,0,22.0,11,11,10,0.9224052411652979,0.9111488579347186,0.09852357073249368,10,695
11,2024-05-08 12:06:13.731529+00:00,46.287327,14.604994,8.804688,216.003,12.5053,5.307897625237321,10,10,0.158703,3.7574,1.60399,2024-05-08,999,0.3024150643394193,0,0,10.0,6,4,4,0.8187610206491595,0.8238876239487858,0.09121007798252628,3,696
5,2024-05-08 21:16:08.566865+00:00,46.76431,9.883492,6.967187,135.331,1.82523,2.793289261784393,14,14,0.34125,3.3701,1.26123,2024-05-08,999,0.11601060785348251,0,0,14.0,7,7,7,0.765648972837648,0.7223220662018521,0.18946953924284304,7,697
8,2024-05-09 08:50:07.874739+00:00,45.801348,14.320099,6.316406,77.1583,10.619,3.8520768683919067,18,18,0.182867,1.16051,0.88602,2024-05-09,999,0.4810426939276498,0,0,18.0,10,8,8,0.8583757551619071,0.8394691467776587,0.08885247541381287,7,698
7,2024-05-09 10:00:55.304157+00:00,45.601526,10.289371,1.378125,220.502,4.53468,4.119060888115154,13,13,0.14902,3.32171,2.90826,2024-05-09,999,0.4263630473161,0,0,14.0,7,6,6,1.0438788156897565,1.1078358788247595,0.0939208700995467,5,699
11,2024-05-09 10:05:51.799984+00:00,46.139313,11.190346,8.919531,109.884,14.9001,4.723199297086668,19,19,0.265761,1.60099,1.22824,2024-05-09,999,0.36579430102682864,0,0,19.985563207942093,10,9,9,1.066708749651353,1.12345576768616,0.09051515737834694,9,700
9,2024-05-09 10:24:42.707665+00:00,46.141458,11.194652,1.301562,153.854,14.8156,6.47114240300737,7,7,0.16866,6.69773,3.77382,2024-05-09,999,0.44288775165605343,0,0,7.0,3,4,3,0.6015591212230966,0.6015591212230966,0.018679453091998255,2,701
14,2024-05-09 11:59:21.892190+00:00,46.046858,13.6642,6.775781,92.944,7.01667,4.279835686098241,28,28,0.350599,1.57978,1.3511,2024-05-09,999,0.600936995551185,0,0,30.0,16,12,12,1.1011142045416986,1.0868861190896302,0.0741003261906229,12,702
1,2024-05-09 15:04:48.843824+00:00,46.188423,13.728246,14.661719,85.9531,4.46524,2.4626358439688154,20,20,0.232728,1.5005,1.13928,2024-05-09,999,0.14958649039463962,0,0,20.0,9,11,9,0.7341122131267388,0.677838309078707,0.10989889930599751,9,703
5,2024-05-09 15:14:40.677434+00:00,46.215729,13.698198,13.092187,155.864,3.2847,4.857001183858205,6,6,0.10976,4.94351,3.05639,2024-05-09,999,0.11668477338856448,0,0,5.657662452818033,3,3,3,-0.10323159639461055,-0.10323159639461055,0.05986505670317366,2,704
4,2024-05-09 15:17:20.213595+00:00,46.187165,13.728149,14.432031,112.193,4.60494,2.567439483220588,16,16,0.310328,2.24378,1.73482,2024-05-09,999,0.3552022084561543,0,0,15.721917981321702,8,8,6,0.5268450380644808,0.5259980136338315,0.009856428221011286,4,705
10,2024-05-09 15:17:50.502700+00:00,46.191526,13.729696,14.202344,54.651,4.10759,2.2241166561131633,23,23,0.252624,1.4222,0.988562,2024-05-09,999,0.20003766336936551,0,0,23.0,12,11,11,0.7126154496921651,0.6660668189416059,0.07576391325614436,11,706
12,2024-05-09 15:18:36.331941+00:00,46.190559,13.730228,14.164063,108.498,4.20907,2.147913755251826,22,22,0.218772,1.62902,0.963153,2024-05-09,999,0.16991773499835244,0,0,22.0,11,11,10,0.5291565775222045,0.5603455424140951,0.05844238762708392,8,707
13,2024-05-09 15:18:52.342512+00:00,46.185861,13.729261,13.742969,113.464,4.73721,2.3652440254654485,14,14,0.199665,2.21119,1.22226,2024-05-09,999,0.14934845154688947,0,0,14.0,8,6,6,0.4601615000186,0.4601615000186,0.26942608636883214,2,708
17,2024-05-09 16:08:03.207022+00:00,46.137637,11.196957,9.110938,58.4586,14.396,4.153343568740731,23,23,0.313563,1.5096,1.09721,2024-05-09,999,0.3412488651672337,0,0,22.591223154265737,13,10,9,1.0228286188402318,1.0928247318401554,0.05623172635305491,9,709
2,2024-05-09 16:43:15.420142+00:00,46.191031,13.726021,14.814844,107.894,4.20908,2.3254869167552843,18,18,0.22162,1.82232,1.11256,2024-05-09,999,0.12402825309183532,0,0,18.0,9,9,9,0.456981574727302,0.3488353947626217,0.07680256382846312,8,710
18,2024-05-09 17:01:51.635829+00:00,46.438515,12.822192,7.637109,51.6539,4.99134,1.699490270639994,73,73,0.316154,0.707996,0.637394,2024-05-09,999,0.5576446067940143,0,0,79.15190403160508,40,33,32,1.6805208797499018,1.6175960456597238,0.049336971142878584,32,711
16,2024-05-09 18:25:55.850698+00:00,46.013913,14.203204,0.727344,172.33,8.6934,4.862227596482913,6,6,0.094007,5.71223,3.53621,2024-05-09,999,0.02366542772135648,0,0,6.0,3,3,3,0.18764708830894583,0.052530550357593464,0.22903261604606281,3,712
3,2024-05-09 21:36:29.985356+00:00,45.772645,14.950032,8.345313,195.619,9.27998,5.258245772118302,7,7,0.229746,5.47527,2.83272,2024-05-09,999,0.13313319427918957,0,0,7.0,4,3,3,0.17157614422841272,0.17157614422841272,0.0479373630827995,2,713
0,2024-05-09 23:43:08.740645+00:00,45.651811,13.953585,3.751563,161.252,11.9127,6.689635416074631,7,7,0.115725,5.74073,1.31429,2024-05-09,999,0.1921656029932918,0,0,7.0,4,3,3,0.5211159291400648,0.3024765100836728,0.34722323414968265,3,714
8,2024-05-10 01:15:39.982613+00:00,45.561699,14.15505,10.029687,159.268,11.1385,8.222299374262652,6,6,0.0313129,5.55415,4.01774,2024-05-10,999,0.008910641169239363,0,0,6.0,3,3,3,0.1118069188548313,0.1118069188548313,0.2677379649032775,2,715
3,2024-05-10 11:29:14.959701+00:00,46.033998,13.696482,8.804688,186.754,7.10509,5.223054556483207,18,18,0.242281,3.32236,1.66522,2024-05-10,999,0.37220812413722226,0,0,15.305179580057146,10,8,8,1.0390974497546388,0.9480970226318782,0.10586116513576163,8,716
2,2024-05-10 18:51:28.150119+00:00,46.305269,12.742123,5.627344,150.426,5.52513,3.6046163873566353,14,14,0.170413,1.22177,0.96091,2024-05-10,999,0.1398855557303343,0,0,14.0,7,7,7,0.4713876148364879,0.4535187191138752,0.14906674885867457,7,717
4,2024-05-10 22:38:24.800555+00:00,45.131496,14.770655,5.359375,298.517,44.613,12.387970293797123,12,12,0.301354,7.29406,6.04659,2024-05-10,999,0.375248102887828,0,0,13.0,8,4,4,1.080626988344629,1.080626988344629,0.00253129671232577,2,718
7,2024-05-10 23:00:53.494316+00:00,46.484233,13.785283,6.010156,172.442,17.5586,5.162792839152081,19,19,0.243422,1.7024,1.19506,2024-05-10,999,0.31135426202926464,0,0,18.97158888377561,10,9,9,0.4729817025674655,0.551031539948108,0.069632568922063,9,719
9,2024-05-10 23:03:15.178667+00:00,46.483968,13.77551,7.388281,169.228,16.8264,5.726396537090319,14,14,0.190551,1.6813,1.1967,2024-05-10,999,0.20758770931717865,0,0,14.0,7,7,7,0.2284472420632282,0.18153672209701188,0.1041413028431533,7,720
13,2024-05-11 00:14:44.593258+00:00,46.194963,12.40823,8.689844,108.489,5.95606,3.8656567229902863,7,7,0.037089,1.52013,1.05605,2024-05-11,999,0.01628422648060196,0,0,7.0,4,3,3,0.1946773806291564,0.1946773806291564,0.002989475099320904,2,721
16,2024-05-11 00:34:14.361324+00:00,46.179157,12.384363,10.527344,35.0191,3.48134,1.9484013703546814,65,65,0.398105,1.06772,0.837147,2024-05-11,999,0.41931300210833367,0,0,67.0,40,25,25,1.1302088131886274,1.0585292215899809,0.06188801606170466,25,722
0,2024-05-11 02:00:26.792778+00:00,46.19115,12.409241,8.996094,144.494,5.66719,3.967098385470166,14,14,0.19027,2.46496,1.59021,2024-05-11,999,0.2745848162878994,0,0,14.0,7,7,6,0.574222043501757,0.5422825081402797,0.09014046082273014,6,723
9,2024-05-11 08:10:44.056804+00:00,46.019213,14.25805,0.038281,72.7867,6.85044,3.403275334145035,11,11,0.171225,1.33219,0.935453,2024-05-11,999,0.4782315192228361,0,0,10.843862008432621,6,5,4,0.20413452464608164,0.2095518699454677,0.0479297073265702,3,724
15,2024-05-11 08:25:18.809376+00:00,46.016036,14.303709,0.880469,154.313,7.91479,7.327747880488247,6,6,0.0344611,4.62518,2.68148,2024-05-11,999,0.23625610447853262,0,0,6.0,3,3,3,0.2989661424239496,0.006382633037130159,0.4169503842400957,3,725
19,2024-05-11 12:05:40.748173+00:00,46.179307,12.384674,10.278516,34.8851,3.50744,1.848560972756917,112,112,0.430874,0.949546,0.709035,2024-05-11,999,0.43932692945683577,0,0,115.25051103422496,67,45,45,1.7020521002841342,1.6923957890664294,0.04432416727010761,45,726
20,2024-05-11 12:05:52.499653+00:00,46.185247,12.393169,11.446094,80.3245,4.409,2.5609899257904156,19,19,0.214234,1.17622,1.01058,2024-05-11,999,0.23089361957909704,0,0,18.30486681557854,10,9,9,,,,0,727
18,2024-05-11 13:01:43.730591+00:00,46.180601,12.377166,10.603906,41.4942,3.40627,1.98896080906588,79,79,0.426862,1.04921,0.808478,2024-05-11,999,0.46518633466188863,0,0,84.0,44,35,34,1.330061166480275,1.2981232544613626,0.045524916414500266,32,728
5,2024-05-11 13:07:33.846771+00:00,46.177358,12.380633,10.680469,49.1782,3.17241,1.8649878283785124,71,71,0.389081,1.03707,0.79555,2024-05-11,999,0.42238065182646795,0,0,73.99995765636974,41,30,29,1.2311729757591878,1.2021130877434514,0.041357947098226155,25,729
4,2024-05-11 13:12:19.961301+00:00,46.188844,12.400632,9.149219,112.063,5.06119,2.3643185276100174,38,38,0.249525,1.40421,0.990214,2024-05-11,999,0.4163710832838316,0,0,39.79431489777221,21,17,13,1.2659809976658452,1.2521227695066783,0.09700439164241445,12,730
11,2024-05-11 13:12:22.596587+00:00,46.192496,12.186817,15.3125,279.088,49.019,15.803301015927019,14,14,0.418318,7.55075,6.13726,2024-05-11,999,0.3186362688986941,0,0,14.0,10,4,4,0.9028344851456037,0.8935252855806786,0.011886443032339858,3,731
12,2024-05-11 13:48:20.549263+00:00,46.196316,12.404663,8.613281,110.351,5.92441,4.503527084408398,8,8,0.0713758,1.96684,1.41799,2024-05-11,999,0.322318962315013,0,0,9.0,4,4,3,0.5427423764909063,0.5427423764909063,0.16251772167862844,2,732
2,2024-05-11 16:45:11.076088+00:00,46.285161,13.659477,6.067578,102.885,8.71603,2.796787639417766,25,25,0.190146,0.817335,0.697811,2024-05-11,999,0.314509453241181,0,0,24.563308707494254,13,12,12,0.5155332946036938,0.48603924355987016,0.08327993625961638,12,733
10,2024-05-11 20:55:02.524216+00:00,45.506068,10.610197,9.876563,218.448,7.21871,6.283160669599337,6,6,0.0389792,7.58086,3.3148,2024-05-11,999,0.47125393888900685,0,0,8.0,3,3,3,0.31810803519775854,0.31810803519775854,0.06324057745449307,2,734
7,2024-05-11 21:33:20.603866+00:00,45.741164,10.79344,3.713281,78.0319,6.75814,2.9339291572906117,13,13,0.109565,0.974703,0.554599,2024-05-11,999,0.1616222849572203,0,0,13.0,6,7,6,0.6564565452883908,0.6651348805155488,0.07462795482400182,6,735
17,2024-05-11 22:13:39.373125+00:00,46.312084,12.757716,4.210938,142.233,6.83784,3.3290238359014492,8,8,0.11415,1.94038,1.01921,2024-05-11,999,0.12601144216497634,0,0,8.0,4,4,4,-0.14284959636675304,-0.11690447333345688,0.1489553032004561,4,736
3,2024-05-11 22:15:35.054964+00:00,46.315289,12.767021,0.344531,135.621,7.53385,3.7039014700717945,6,6,0.0484217,3.48394,2.08216,2024-05-11,999,0.009737080946455244,0,0,6.0,3,3,3,-0.28507320543061526,-0.21715653560412607,0.18759242734157436,3,737
6,2024-05-11 22:30:53.054684+00:00,46.0015,10.441845,0.191406,228.715,8.15324,3.3688674209591567,8,8,0.204094,7.39951,1.54746,2024-05-11,999,0.3575432044589669,0,0,8.0,4,4,4,0.6328818725293673,0.5869711172123068,0.08517499245004803,4,738
8,2024-05-11 23:12:36.289351+00:00,45.743781,10.799213,4.766016,52.4863,6.92476,2.006515935645665,19,19,0.141857,0.723462,0.549454,2024-05-11,999,0.17946248104033327,0,0,18.999944672429667,10,9,9,0.6758943217877121,0.7433159629175905,0.06607290375689077,8,739
2,2024-05-12 06:21:56.940239+00:00,45.899984,14.023481,14.508594,64.3638,3.25624,2.420337786343055,32,32,0.322936,1.30424,1.11359,2024-05-12,999,0.3351669295547634,0,0,32.93751445559621,17,15,15,0.5454063172593832,0.536060196708966,0.08697250585086982,15,740
3,2024-05-12 09:04:25.201179+00:00,46.181709,12.383285,10.067969,33.6651,3.69754,1.8142955988482141,80,80,0.405819,1.07736,0.852953,2024-05-12,999,0.46309297557374857,0,0,82.9299181645431,50,30,28,1.201942587320257,1.1577999192507562,0.06411846220811493,27,741
16,2024-05-12 09:05:13.140522+00:00,46.181321,12.379931,9.857422,32.9988,3.55509,1.8651061229860353,101,101,0.454307,0.936079,0.743119,2024-05-12,999,0.4863266942094068,0,0,103.6044901079521,62,39,39,1.3848536224580075,1.3734965478289851,0.04555268595889597,38,742
15,2024-05-12 09:09:17.827662+00:00,46.179219,12.381942,10.221094,33.1249,3.40274,1.8100490932568651,85,85,0.433637,1.06007,0.905934,2024-05-12,999,0.522553246043583,0,0,91.0,50,35,33,1.2092694124617265,1.18387659569667,0.05173126474659308,32,743
0,2024-05-12 10:27:07.133878+00:00,46.197608,12.403519,8.613281,111.723,5.99885,3.740140197907025,8,8,0.0843598,1.62656,0.892016,2024-05-12,999,0.10197310216585231,0,0,8.0,4,4,4,0.34401949107112845,0.3076302737302852,0.13917869269996885,4,744
4,2024-05-12 12:34:09.557989+00:00,46.164146,14.974137,13.857812,241.331,11.6125,4.309413834850396,15,15,0.247366,4.06021,2.31891,2024-05-12,999,0.45055532200034976,0,0,16.0,9,6,6,0.3716470489223898,0.4579204590693431,0.12031257442962845,5,745
11,2024-05-12 13:13:49.501797+00:00,44.637932,10.234907,25.189062,164.355,8.85842,9.185765945200215,6,6,0.0991198,9.07265,4.36075,2024-05-12,999,0.087590794488874,0,0,6.0,3,3,3,1.971455662372506,1.9820996394991013,0.05159833905823398,3,746
12,2024-05-12 13:15:41.467595+00:00,44.631543,10.246622,24.882812,157.032,7.69554,8.96006640600392,6,6,0.101068,8.88033,4.13307,2024-05-12,999,0.09191361049063351,0,0,6.0,3,3,3,1.8584729143751684,1.866593991235444,0.041923234885725795,3,747
6,2024-05-12 13:59:47.388602+00:00,44.647616,10.200815,20.978125,182.807,11.6171,8.901746289352443,7,7,0.251681,8.55769,3.77868,2024-05-12,999,0.25148466114002843,0,0,7.0,4,3,3,2.3714353981677414,2.3714353981677414,0.0037252264686300496,2,748
10,2024-05-12 20:25:05.430649+00:00,46.378296,10.851594,8.651563,127.772,13.1593,5.4198025425286485,10,10,0.480801,3.82146,1.66458,2024-05-12,999,0.23767670274284455,0,0,10.0,5,5,4,0.6046758366895083,0.5717148552929247,0.1473074689755464,4,749
5,2024-05-12 20:54:54.247184+00:00,46.323555,13.189878,6.43125,59.0668,5.97886,2.5239819928042277,29,29,0.2039,1.08159,0.58102,2024-05-12,999,0.26675961824758615,0,0,29.0,15,14,14,0.4189740266792366,0.39210701349512733,0.11367511423244465,14,750
14,2024-05-12 22:41:49.511388+00:00,46.347849,12.910927,11.426953,32.4505,5.97537,1.2896449937870498,119,119,0.408805,0.616676,0.547505,2024-05-12,999,0.48922801308248964,0,0,127.97618556406131,69,50,48,1.4836875026635454,1.4201026746711296,0.048055658193502486,48,751
8,2024-05-12 23:18:59.273365+00:00,46.348404,12.822498,1.263281,200.822,10.6126,4.818668218501871,6,6,0.0727874,5.90535,2.60434,2024-05-12,999,0.04538287494228934,0,0,6.0,3,3,3,-0.30839688606602955,-0.28138175768156204,0.11434608859421988,3,752
9,2024-05-12 23:26:26.284944+00:00,46.373182,12.838601,9.302344,153.03,9.46862,3.6432338656748344,13,13,0.155277,1.24236,0.916585,2024-05-12,999,0.08551305278126536,0,0,13.0,7,6,6,0.07197650502409329,0.08394754400159155,0.023542004997163805,5,753
1,2024-05-13 06:04:05.402051+00:00,44.340274,10.713544,25.265625,189.882,10.0774,11.944790119545843,9,9,0.384348,10.1048,5.10347,2024-05-13,999,0.5604043334382153,0,0,9.0,5,4,4,2.5536648589128936,2.5372262114036266,0.04298482949432028,3,754
2,2024-05-13 07:26:31.690201+00:00,45.607199,10.29065,3.598438,252.349,5.09509,5.900661149396735,6,6,0.049096,6.1561,4.57998,2024-05-13,999,0.04852534112999951,0,0,6.0,3,3,3,0.989446468645998,0.890751194253679,0.22404911149974982,3,755
5,2024-05-13 10:05:02.742862+00:00,46.1889,11.20884,7.541406,94.3422,18.2188,6.062653874335892,16,16,0.154664,1.30507,0.871147,2024-05-13,999,0.22658899026689425,0,0,16.0,8,8,8,0.614426852821911,0.6432826956944131,0.044862094078123645,8,756
10,2024-05-13 15:16:45.778767+00:00,46.1314,11.191921,6.507812,235.731,14.2358,6.503844247827588,8,8,0.135016,3.36615,1.42362,2024-05-13,999,0.1384087146571474,0,0,8.0,4,4,4,0.7819792566230988,0.7592463057434667,0.03912905264157433,4,757
7,2024-05-13 17:31:04.137628+00:00,45.955305,10.721148,9.149219,33.6197,8.11032,2.7580550393347845,45,45,0.406836,0.980422,0.916935,2024-05-13,999,0.45532102267491026,0,0,44.99967364112043,25,20,20,1.2164361678892288,1.1304862257366564,0.06664432353204032,20,758
8,2024-05-13 19:43:17.914057+00:00,46.068073,14.267095,10.833594,154.98,1.47584,3.3900872555142296,10,10,0.218019,2.33269,2.05428,2024-05-13,999,0.21775559674977807,0,0,10.0,5,5,5,-0.2018290822388752,-0.16383521006630763,0.07289013109379416,4,759
9,2024-05-13 20:23:02.284962+00:00,44.635437,10.230157,24.270312,165.518,8.9557,8.37905263141365,8,8,0.228406,5.40313,2.70682,2024-05-13,999,0.298228731436584,0,0,8.0,4,4,4,1.9663963498684993,1.9886631982105578,0.047653455767614136,3,760
12,2024-05-13 20:50:04.207045+00:00,45.500559,10.843902,19.542578,26.5458,2.54787,1.4812136375283613,162,162,0.514487,0.864604,0.788027,2024-05-13,999,0.6283198813334058,0,0,173.43494551993714,91,71,59,3.460104049216328,3.4444319573613034,0.03612066805001088,57,761
0,2024-05-14 00:27:44.817967+00:00,46.196378,12.402241,8.919531,138.053,5.83068,3.710966356624646,8,8,0.0379078,1.82115,1.13334,2024-05-14,999,0.0912499651286489,0,0,8.0,4,4,4,0.5485658770487483,0.47041585275280673,0.12914530633310092,4,762
3,2024-05-14 00:30:13.813364+00:00,46.177927,12.383087,11.982031,109.663,3.31418,3.5592339484782394,13,13,0.215459,1.80812,1.31658,2024-05-14,999,0.15484480455203675,0,0,13.0,7,6,6,0.6597207253671026,0.5932670884875785,0.11965371337741479,6,763
15,2024-05-14 02:24:37.236377+00:00,46.36583,12.743275,0.038281,166.917,6.67216,3.5111144811868495,10,10,0.108354,1.68814,0.508197,2024-05-14,999,0.12285168291833443,0,0,10.0,5,5,5,0.1927462569023194,0.15711402610635783,0.1423948245258208,4,764
5,2024-05-14 03:14:17.288962+00:00,46.171944,14.174867,4.976562,181.511,12.1642,8.545927451131327,6,6,0.165319,7.07165,3.5184,2024-05-14,999,0.11052484126105136,0,0,6.0,3,3,3,0.3240885543966743,0.3240885543966743,0.050876433376509045,2,765
12,2024-05-14 04:02:53.715728+00:00,46.338738,13.119777,0.497656,195.061,2.70122,1.8728084605746524,6,6,0.0240801,2.99374,0.553393,2024-05-14,999,0.08957413669470357,0,0,6.0,3,3,3,0.3286360157302503,0.3286360157302503,0.13912993584435712,2,766
13,2024-05-14 06:54:24.968409+00:00,45.954751,10.713892,9.149219,142.428,7.60678,3.77646116092831,19,19,0.313241,1.30408,1.18981,2024-05-14,999,0.3461797330796124,0,0,18.928945246344004,9,10,8,1.2177594462264762,1.262072457674209,0.08700556026430518,8,767
8,2024-05-14 08:01:11.685026+00:00,45.585485,13.914144,8.536719,193.853,8.95787,4.690700001065939,12,12,0.149555,4.29033,0.931613,2024-05-14,999,0.28494431894309463,0,0,12.0,7,5,5,0.8921019589123065,0.850207683362981,0.106039627406006,5,768
4,2024-05-14 08:49:15.103087+00:00,45.717504,13.829573,7.847656,116.707,5.18423,6.583226336683253,9,9,0.184499,3.41912,1.47719,2024-05-14,999,0.2514252824954532,0,0,9.0,5,4,4,0.773213917053388,0.8128233820303059,0.06313348737515345,3,769
14,2024-05-14 09:15:54.518912+00:00,46.6348,13.801454,2.832813,219.796,12.2689,6.935909457309834,11,11,0.249398,3.98838,2.16195,2024-05-14,999,0.25845840340511494,0,0,11.0,5,6,4,0.43013170859442845,0.4139349659451085,0.05747041274582074,4,770
20,2024-05-14 09:59:59.824291+00:00,47.183089,10.992903,8.039063,104.671,16.8745,5.914374776762122,10,10,0.224247,2.45457,1.59157,2024-05-14,999,0.23760586047366075,0,0,10.0,6,4,4,0.9882059255600086,1.0663322907491941,0.16724403558350262,4,771
1,2024-05-14 10:05:26.566727+00:00,46.160282,12.456084,9.378906,98.4654,7.25929,3.975618153193287,8,8,0.0795443,1.36452,0.934075,2024-05-14,999,0.11366467768088012,0,0,8.0,4,4,4,0.9828178644404398,0.9630406849681655,0.09775022748321119,4,772
19,2024-05-14 10:10:23.933844+00:00,46.126602,11.17482,3.598438,230.481,14.972,5.102812165855216,9,9,0.106428,2.97959,1.10858,2024-05-14,999,0.20293041643939455,0,0,8.999745687018178,5,4,4,1.0490390972743797,1.0430847579822031,0.06152460420596661,4,773
9,2024-05-14 11:16:27.590862+00:00,46.339921,13.122287,0.344531,197.965,2.9244,2.0256011947073884,6,6,0.0481667,3.15038,0.612135,2024-05-14,999,0.11248899747110125,0,0,6.0,3,3,3,0.43862722607918797,0.43862722607918797,0.2657579901821137,2,774
16,2024-05-14 12:57:27.795398+00:00,46.284212,13.206058,0.038281,213.699,5.0331,2.8144149836156003,6,6,0.0120584,4.44362,1.72575,2024-05-14,999,0.4442519926027751,0,0,6.0,3,3,3,0.8486211387854923,0.8486211387854923,0.25205197697743276,2,775
7,2024-05-14 13:03:09.893373+00:00,46.333372,13.169265,1.339844,208.841,5.67619,3.4870689411022546,6,6,0.081614,3.84694,0.958692,2024-05-14,999,0.07100988056309702,0,0,6.0,3,3,3,0.13247882756469642,0.13247882756469642,0.05602108515021764,2,776
10,2024-05-14 15:16:26.223253+00:00,47.484879,11.165367,7.579688,207.373,16.2573,7.1896348307824365,11,11,0.257051,2.97841,1.52263,2024-05-14,999,0.27003100456930074,0,0,10.980971070661218,6,5,5,1.234603180542079,1.2724011201955565,0.048203508756979166,4,777
11,2024-05-14 23:21:07.044877+00:00,46.742109,10.12399,0.650781,141.269,7.27778,3.6994480534263485,6,6,0.197579,5.73548,2.08646,2024-05-14,999,0.04466755372324613,0,0,6.0,3,3,3,0.12884654034289536,0.14475595161056032,0.35980691681670507,3,778
7,2024-05-15 03:22:31.574429+00:00,46.295147,12.536226,5.703906,122.797,7.28166,3.5816176094050016,11,11,0.127789,1.11758,0.807165,2024-05-15,999,0.16431288258292442,0,0,11.0,6,5,5,0.38082568187004273,0.3990705540711601,0.14524829342072415,4,779
9,2024-05-15 04:22:41.014855+00:00,46.27996,13.728007,4.555469,107.409,5.8119,3.063915158747056,25,25,0.216983,1.00689,0.855844,2024-05-15,999,0.4095136355052774,0,0,24.705340439735824,13,12,12,0.45996503624284024,0.4011106085132723,0.05967183379147585,11,780
3,2024-05-15 04:44:39.620966+00:00,46.30674,13.617067,7.617969,102.379,10.8173,4.7443251785686025,11,11,0.194031,1.34348,1.03553,2024-05-15,999,0.12033559154301192,0,0,11.0,6,5,5,0.3529327112673267,0.3744430098585072,0.06287055996809576,5,781
2,2024-05-15 09:27:47.167997+00:00,46.492979,10.426522,0.6125,151.389,4.57259,3.440341378409997,6,6,0.178046,3.79878,2.15249,2024-05-15,999,0.14437606594638253,0,0,6.0,3,3,3,-0.0005057571176245723,-0.0005057571176245723,0.030210421054359227,2,782
6,2024-05-15 15:50:46.531955+00:00,46.274968,13.295298,6.392969,293.845,2.38168,2.5993589786714724,6,6,0.0330885,2.83555,1.95361,2024-05-15,999,0.03353618949847,0,0,6.0,3,3,3,0.3209908886987346,0.3209908886987346,0.01875898377315488,2,783
4,2024-05-15 20:23:47.750996+00:00,46.188796,13.276623,11.560937,217.929,5.63279,3.995312102952659,8,8,0.0893005,5.32503,1.22294,2024-05-15,999,0.044225624894306884,0,0,8.0,4,4,4,0.36978035874130644,0.3727513880128135,0.19588392853065087,4,784
3,2024-05-16 08:21:03.216895+00:00,45.742999,14.073905,9.417188,143.817,16.7593,6.524706889968314,12,12,0.145798,2.26985,1.01373,2024-05-16,999,0.356239892799185,0,0,12.0,6,6,6,0.5751957006839525,0.5503396928581749,0.05288813800196395,4,785
5,2024-05-16 15:11:38.281916+00:00,46.143747,11.189271,8.460156,110.668,15.2932,4.9508492200833585,20,20,0.243516,1.48094,1.03696,2024-05-16,999,0.44494748935761025,0,0,19.998449117897657,11,9,9,0.926098067941659,0.9319636246914742,0.07769233590783223,9,786
9,2024-05-17 00:37:43.292628+00:00,44.658911,10.788615,30.31875,311.315,16.5768,12.011187659844467,6,6,0.231726,12.4834,10.5792,2024-05-17,999,0.22884058113705708,0,0,6.0,3,3,3,1.2037586522545587,1.1194474302882451,0.17115628438911298,3,787
7,2024-05-17 05:41:40.862526+00:00,46.205719,12.558276,0.019141,103.557,7.65428,3.5152240753613415,11,11,0.121356,0.898168,0.694037,2024-05-17,999,0.5175349079402745,0,0,11.0,6,5,5,0.9483124399197513,0.9503170453486196,0.01872558784594695,4,788
3,2024-05-17 08:22:34.096619+00:00,45.746277,14.039291,16.996875,181.739,16.4929,8.51281833472323,10,10,0.157797,3.24436,1.6769,2024-05-17,999,0.1668705702097809,0,0,10.0,5,5,5,0.5318403203929789,0.49682072068065053,0.09596176330762611,5,789
6,2024-05-17 09:21:46.992954+00:00,46.274293,13.761574,4.785156,107.153,5.48572,2.952118764548608,22,22,0.247618,1.31532,0.787279,2024-05-17,999,0.388667640427005,0,0,22.0,11,11,11,0.8278800566723554,0.8082921868608111,0.09789919522840865,11,790
5,2024-05-17 11:55:22.398383+00:00,45.752192,10.822564,0.650781,244.733,9.43685,5.102386706238562,6,6,0.0341336,5.40756,1.0243,2024-05-17,999,0.028961846562782008,0,0,6.0,3,3,3,0.6669608580442906,0.6426120810008598,0.11090638204945963,3,791
2,2024-05-17 12:01:15.574740+00:00,45.759779,10.82154,0.267969,199.818,8.79434,3.309471498593091,8,8,0.111062,1.43423,0.834483,2024-05-17,999,0.12601562363192245,0,0,8.0,4,4,4,0.4801729471776235,0.4716157143209114,0.06582453589349357,4,792
8,2024-05-17 12:41:34.236913+00:00,46.224779,13.802626,2.488281,189.042,5.09841,2.7299979853472416,6,6,0.047195,4.61464,0.822859,2024-05-17,999,0.11145530334219025,0,0,6.0,3,3,3,0.15004942842993274,0.15004942842993274,0.015516980966566063,2,793
10,2024-05-17 23:20:34.458559+00:00,46.1449,13.35297,10.833594,192.406,2.33505,2.126615809214255,12,12,0.060073,1.71395,0.919706,2024-05-17,999,0.09624891531344318,0,0,11.720138729473232,6,6,6,0.19229502617390687,-0.03107263515886105,0.17800419233953246,5,794
0,2024-05-17 23:44:59.253515+00:00,46.016576,14.756437,9.570313,99.2785,10.3868,4.79636118323047,17,17,0.373689,2.03839,1.29456,2024-05-17,999,0.2808206370005428,0,0,17.0,8,9,8,0.18293616189740433,0.15985079867877428,0.10709065979531188,7,795
3,2024-05-18 11:19:31.464945+00:00,46.062168,14.196421,6.086719,98.7754,5.43445,3.7785263661909254,14,14,0.262873,1.89101,1.24026,2024-05-18,999,0.48252207515671847,0,0,14.0,7,7,6,0.7167313172131909,0.7009573973857145,0.15574795069148495,6,796
1,2024-05-18 12:31:20.914941+00:00,46.153354,14.3702,11.446094,157.729,11.6852,3.122374833360018,29,29,0.368445,2.28403,1.16367,2024-05-18,999,0.3391527576067814,0,0,29.0,18,11,11,0.8483003763924016,0.7732986077973882,0.11539810105636397,9,797
2,2024-05-18 16:53:52.372520+00:00,45.738884,11.029096,6.775781,130.899,14.1473,5.159438012031931,14,14,0.37022,1.93446,0.986969,2024-05-18,999,0.17549905553839282,0,0,14.0,7,7,7,0.6456328339605009,0.5353069998113433,0.11687969664670722,7,798
4,2024-05-18 21:01:37.146522+00:00,46.496802,13.778346,5.742188,213.628,21.0235,9.04349517609204,7,7,0.110168,4.53659,3.31634,2024-05-18,999,0.03711431374947431,0,0,6.559232588906391,4,3,3,0.034320388881500984,0.1152753206796171,0.1569867258023694,3,799
5,2024-05-18 22:49:08.997898+00:00,46.509485,13.674453,4.976562,201.074,11.9738,6.188483093618339,12,12,0.609792,5.26164,2.30598,2024-05-18,999,0.6170422069970949,0,0,12.663136669765391,6,6,4,0.963375885636682,0.9814022866272263,0.06867063630186422,3,800
0,2024-05-18 23:49:19.643159+00:00,45.992685,14.889493,7.885938,211.934,11.3467,6.432350270313332,11,11,0.348617,5.48085,3.76093,2024-05-18,999,0.21415071690464363,0,0,11.0,6,5,5,0.6313696425361296,0.6303172813089863,0.025279746975697154,3,801
4,2024-05-19 04:29:32.311433+00:00,45.742544,14.029967,9.378906,92.4312,17.0043,5.674543875942805,13,13,0.206437,1.65703,1.16307,2024-05-19,999,0.13005848544632964,0,0,13.0,6,7,6,0.2165586238606053,0.15854147513900774,0.12312647047715217,6,802
8,2024-05-19 05:10:24.209544+00:00,46.372258,13.052348,11.388672,36.963,1.87973,1.1588174532686328,104,104,0.307673,0.567539,0.482701,2024-05-19,999,0.47527057641075215,0,0,117.88391834594388,59,45,45,1.7369898669040098,1.6636675331686015,0.061138783859947934,44,803
7,2024-05-19 06:08:20.624007+00:00,46.26419,13.684904,0.995313,234.173,5.67399,3.523534078166408,6,6,0.0456033,3.14876,2.08311,2024-05-19,999,0.04503969105193716,0,0,6.0,3,3,3,0.17637285442075123,0.17637285442075123,0.04018532010568876,2,804
2,2024-05-19 18:16:37.687458+00:00,45.900269,11.342279,7.694531,151.956,12.1407,7.226975439283019,6,6,0.0391091,4.07863,3.38523,2024-05-19,999,0.008685825992665524,0,0,6.0,3,3,3,-0.10393532334771323,-0.14557622760193833,0.07247750416185854,3,805
12,2024-05-20 07:02:03.931223+00:00,46.268628,13.761134,3.713281,171.269,4.88662,2.402405044949748,12,12,0.126376,1.6171,0.869118,2024-05-20,999,0.3982190973230385,0,0,12.0,6,6,6,0.24661200688591944,0.2683277634577685,0.12054567342537238,6,806
9,2024-05-20 07:07:08.110575+00:00,46.269167,13.763604,3.789844,212.806,5.01768,2.663236564783534,8,8,0.0958522,3.14997,0.921914,2024-05-20,999,0.16113992989937265,0,0,8.0,4,4,4,0.4226523289339011,0.40780918468133026,0.1475372271687087,4,807
8,2024-05-20 07:07:44.522548+00:00,46.220419,13.801071,2.641406,191.754,5.03817,2.8680255751997747,6,6,0.0683813,4.84437,0.877896,2024-05-20,999,0.08769567911144878,0,0,6.0,3,3,3,-0.10136798579055006,-0.10136798579055006,0.024658506233571353,2,808
4,2024-05-20 07:08:58.614123+00:00,46.269167,13.763604,3.789844,212.806,5.01768,2.579872942607833,7,7,0.102664,3.21317,1.46736,2024-05-20,999,0.17610830916300252,0,0,7.0,3,4,3,0.48100651843902315,0.5559822588524044,0.15273319409425806,3,809
5,2024-05-20 08:36:44.825214+00:00,45.740386,14.076097,9.723438,143.168,22.1263,8.722686914019096,14,14,0.148855,1.68615,1.40023,2024-05-20,999,0.24538391597747858,0,0,14.0,8,6,6,0.4468296353268988,0.4186677556445034,0.06834199182285398,6,810
10,2024-05-20 09:16:16.693083+00:00,45.704851,14.835241,4.517188,223.545,10.9701,6.310909443178534,8,8,0.188966,4.0619,2.68957,2024-05-20,999,0.35304407163769214,0,0,8.0,5,3,3,0.6386006079973195,0.5639714459400977,0.11410235839351236,3,811
7,2024-05-20 09:57:13.527824+00:00,46.223521,13.802527,2.488281,189.917,5.10296,2.768090298382623,6,6,0.0538393,4.62412,0.809447,2024-05-20,999,0.10155249089743375,0,0,6.0,3,3,3,0.09756826769852411,0.15075379405759226,0.13818011270930178,3,812
2,2024-05-20 11:05:08.929070+00:00,47.258257,11.450086,6.354687,117.61,12.8589,5.867491337871749,11,11,0.387906,2.43151,1.33265,2024-05-20,999,0.10096919061462924,0,0,11.0,6,5,5,0.8097190124324909,0.8193945557114728,0.1140338186677886,5,813
3,2024-05-20 13:54:29.583493+00:00,46.344522,13.146302,7.579688,260.431,4.62395,5.316592640028009,6,6,0.0340099,5.69601,4.06566,2024-05-20,999,0.020974699300627876,0,0,6.000000000000108,3,3,3,0.3491420703293074,0.3370200307885547,0.04190804542718982,3,814
0,2024-05-20 15:12:50.557058+00:00,46.776305,10.102326,2.794531,178.047,7.83643,3.472837168656198,7,7,0.183416,2.38268,2.00978,2024-05-20,999,0.06330628457067944,0,0,7.0,3,4,3,0.22229540769737008,0.026840421140452708,0.3103283761143237,3,815
6,2024-05-20 15:26:52.576907+00:00,46.197263,11.219406,23.734375,273.528,18.6096,14.573553135731862,6,6,0.182474,12.0293,10.6439,2024-05-20,999,0.549862515492749,0,0,6.005168548055726,3,3,3,1.0431507707557213,1.0431507707557213,0.008425768122601096,2,816
13,2024-05-20 16:52:50.315260+00:00,45.667286,14.181831,2.603125,202.827,18.7731,8.705835456749686,6,6,0.090357,8.25987,6.48159,2024-05-20,999,0.012698522646800702,0,0,6.0,3,3,3,0.06368435685112812,0.06708395843577408,0.01759021061797595,3,817
8,2024-05-21 02:51:58.862438+00:00,46.040937,14.356661,13.513281,73.832,8.61592,3.063385137392946,15,15,0.283408,1.85961,1.47362,2024-05-21,999,0.2910970148205662,0,0,15.0,10,5,5,0.3496409912259505,0.24510613119553581,0.1090311204924034,5,818
2,2024-05-21 03:42:07.328733+00:00,46.480578,12.920745,3.713281,139.277,4.01089,2.8105806161716833,13,13,0.154756,1.72013,0.743962,2024-05-21,999,0.30853039076536576,0,0,13.0,7,6,6,0.4485194430230228,0.4688307995412341,0.06220229135886685,6,819
7,2024-05-21 05:32:49.609380+00:00,46.2255,13.800255,2.488281,187.872,4.91039,2.6835314792265805,6,6,0.054652,4.50019,0.831578,2024-05-21,999,0.10397827701597334,0,0,6.0,3,3,3,0.140665033410634,0.21541198911678672,0.10990518822242311,3,820
9,2024-05-21 08:37:17.750238+00:00,47.256996,11.45004,6.201562,116.888,12.9559,5.9414100178324665,11,11,0.395605,2.30419,1.32277,2024-05-21,999,0.10085480714429802,0,0,11.0,6,5,5,1.2122060509285928,1.2057433137980513,0.11409125972207478,5,821
0,2024-05-21 08:49:42.758431+00:00,45.758919,11.087389,2.335156,152.112,15.66,6.721536877827868,7,7,0.172126,3.95867,1.81643,2024-05-21,999,0.08649144619382654,0,0,7.0,4,3,3,0.6198393537106395,0.5139768956002362,0.16665987964465445,3,822
6,2024-05-21 13:25:38.594127+00:00,44.473104,10.805693,31.084375,117.884,4.48591,10.18353278582634,8,8,0.413738,10.109,5.59674,2024-05-21,999,0.4150154204543329,0,0,8.0,4,4,4,2.725821922399609,2.732092002515955,0.09277688821655279,3,823
4,2024-05-21 17:22:47.363550+00:00,47.269735,11.443086,4.823438,150.711,12.4645,6.000823526816966,9,9,0.307279,2.87715,1.2972,2024-05-21,999,0.0843342244335832,0,0,9.0,5,4,4,0.9110756540599467,0.9019792009136358,0.10113163277184922,4,824
3,2024-05-22 00:10:05.240804+00:00,47.05522,9.580071,4.057813,150.672,7.18445,5.809694819867907,11,11,0.200658,6.29732,2.1657,2024-05-22,999,0.16475710608315397,0,0,10.999858734829473,6,5,5,0.9092055544636568,0.8965518393752403,0.02290192993658654,3,825
0,2024-05-22 02:47:52.290956+00:00,46.263458,13.764375,3.407031,208.999,4.47454,2.515001093439126,8,8,0.109509,2.90223,0.9658,2024-05-22,999,0.18895589768628707,0,0,8.000001223743176,4,4,4,0.17892813406795066,0.225396935117547,0.08292798495377413,4,826
1,2024-05-22 05:45:39.863778+00:00,46.022107,14.339293,10.297656,183.024,8.89478,5.577446835246392,7,7,0.119628,3.74909,1.82201,2024-05-22,999,0.07781499862432965,0,0,7.0,4,3,3,0.24214270417175332,0.24214270417175332,0.001658213789114904,2,827
16,2024-05-22 06:44:56.215261+00:00,45.28821,14.515554,8.26875,265.962,28.6972,8.896807854506019,10,10,0.39567,5.85301,3.9337,2024-05-22,999,0.43297573861861205,0,0,10.0,6,4,4,1.0239234475634542,1.0558951375518686,0.11478244572054441,4,828
19,2024-05-22 07:26:29.333822+00:00,46.577152,9.89377,1.110156,120.539,8.2931,5.021380338114212,8,8,0.222801,2.13744,1.33857,2024-05-22,999,0.14847245659431899,0,0,8.0,4,4,4,1.0604212625782008,1.0839699050019123,0.19561524201018288,4,829
13,2024-05-22 07:59:17.811107+00:00,46.051748,13.651263,6.775781,100.39,7.27885,2.976157136308498,23,23,0.258809,1.46633,1.12482,2024-05-22,999,0.6446550744207037,0,0,25.0,14,9,9,0.866854956347084,0.7894835527090409,0.11309297629586094,9,830
21,2024-05-22 08:10:13.289361+00:00,44.726583,10.078899,38.434375,168.587,19.0032,7.8623567713504325,69,69,0.848796,5.48017,3.26534,2024-05-22,999,0.7480349349442862,0,0,86.07633339516106,39,30,23,3.669556870508046,3.7379272951409,0.059774722170756626,22,831
14,2024-05-22 08:42:49.766814+00:00,45.590089,13.917505,8.804688,187.51,8.9953,5.047173723976618,10,10,0.190502,4.8163,1.15979,2024-05-22,999,0.20686794356033653,0,0,11.0,6,4,3,1.0071526726562885,1.0071526726562885,0.020874592503140776,2,832
23,2024-05-22 09:34:21.115805+00:00,44.718273,10.098898,39.429688,123.863,17.7029,7.169697762109641,80,80,0.888263,4.52128,3.1916,2024-05-22,999,0.8036452379978948,0,0,112.45245604952038,44,36,24,3.7493093535377535,3.838541081607484,0.05520943096585215,23,833
24,2024-05-22 09:34:23.971124+00:00,44.853645,10.508786,48.69375,278.073,76.3632,26.386351585620925,18,18,0.552633,15.1457,8.9788,2024-05-22,999,0.7346047682985876,0,0,31.434957325970196,12,6,3,3.6250909878048883,3.6250909878048883,,1,834
2,2024-05-22 12:26:53.084094+00:00,46.019013,14.337813,8.766406,179.595,9.07513,5.605017698455554,6,6,0.0390211,4.57918,3.64139,2024-05-22,999,0.015546899649545741,0,0,6.0,3,3,3,-0.0024161621012150913,-0.0024161621012150913,0.002624720742151476,2,835
4,2024-05-22 13:19:50.825367+00:00,46.018673,14.338388,9.110938,179.691,9.13292,5.5554955944541975,6,6,0.0386221,4.45126,3.6209,2024-05-22,999,0.01871631603503936,0,0,6.0,3,3,3,0.009391749315072731,-0.06022644184938608,0.17259431328415903,3,836
15,2024-05-22 14:43:54.590058+00:00,45.990632,10.888635,3.636719,167.455,5.48893,3.9154462580911513,8,8,0.0359927,3.73507,0.66212,2024-05-22,999,0.19118596060302673,0,0,8.0,4,4,4,0.9326712955012983,0.9978723417236928,0.1406060774917408,4,837
5,2024-05-22 17:27:49.228171+00:00,46.328106,10.276666,9.570313,144.718,18.0231,6.842344919689448,24,24,0.631714,3.46098,2.62368,2024-05-22,999,0.449459315346137,0,0,23.97084685296833,14,10,10,0.9666412692548869,0.8629638902228556,0.0902468916652158,8,838
20,2024-05-22 18:38:18.495159+00:00,46.643101,9.977376,5.167969,90.4674,11.0141,4.112821549739303,15,15,0.227647,1.13192,0.796661,2024-05-22,999,0.16235277844831755,0,0,15.0,8,7,7,0.98919428718074,1.012165885668997,0.10269575921828396,7,839
7,2024-05-22 21:06:22.566953+00:00,45.724663,10.759094,0.095703,172.113,6.55745,2.7964531463981297,8,8,0.0496115,1.34403,0.446452,2024-05-22,999,0.08612928138260142,0,0,8.0,4,4,4,0.26422404202362093,0.2706900069062668,0.0936416739100085,4,840
9,2024-05-22 22:05:04.119775+00:00,46.12372,14.339726,10.297656,98.5062,7.73558,2.7019827349559433,20,20,0.321157,1.5336,1.29552,2024-05-22,999,0.3230054077425247,0,0,19.77700632189161,11,9,8,0.1552724817281307,0.14248012738879678,0.07092138622362956,7,841
8,2024-05-22 23:09:39.458202+00:00,46.050933,14.838929,7.541406,133.001,12.0621,3.6152994066881927,31,31,0.419786,2.3802,1.54822,2024-05-22,999,0.3334662808447318,0,0,16.773149368916688,19,12,12,1.081979353273983,1.052863683211568,0.0494040501513968,11,842
18,2024-05-22 23:45:41.519936+00:00,46.051964,14.843867,6.622656,133.851,11.9743,4.796685001123172,18,18,0.382939,2.06818,1.39272,2024-05-22,999,0.283011637995933,0,0,18.0,9,9,9,0.25146212304038645,0.2772817164534854,0.05296841943281759,6,843
6,2024-05-23 00:32:06.782302+00:00,46.249922,12.615961,6.526953,77.9406,7.37462,1.9454822795389322,51,51,0.258871,0.841208,0.571503,2024-05-23,999,0.5521461256540002,0,0,51.996378279655694,26,25,24,1.181187616081729,1.1794450645331895,0.0608036098318576,24,844
11,2024-05-23 00:54:46.165757+00:00,46.567922,10.446109,9.110938,113.163,11.6724,5.341224896968859,14,14,0.449362,3.04964,1.51712,2024-05-23,999,0.28738274819674214,0,0,14.0,8,6,6,1.0085492007590147,1.0313487181566376,0.13610509372568105,6,845
2,2024-05-23 03:20:46.280948+00:00,46.510051,10.249986,0.076563,252.998,10.1098,5.063293661244625,6,6,0.0363871,8.74608,6.62094,2024-05-23,999,0.1164187192551715,0,0,6.0,3,3,3,0.27165550570151825,0.2577211559569519,0.12389759959390578,3,846
4,2024-05-23 03:36:55.146972+00:00,44.562067,10.147951,18.528125,170.592,10.3398,5.370406399891912,11,11,0.253619,3.13221,2.38679,2024-05-23,999,0.3714018168047542,0,0,11.0,6,5,5,1.7396613588564633,1.8413533308241294,0.10194776379009049,5,847
13,2024-05-23 04:22:22.340643+00:00,46.495635,13.00704,2.641406,184.821,7.31525,3.58335182475849,8,8,0.110731,2.24135,0.836657,2024-05-23,999,0.1481039797325104,0,0,8.0,4,4,4,0.004896039204315028,-0.008262983912531663,0.0701101688948136,4,848
7,2024-05-23 06:15:02.005685+00:00,45.88432,14.722209,2.679688,149.966,12.826,6.381330112131796,7,7,0.256696,4.98043,1.34247,2024-05-23,999,0.4172825247261793,0,0,10.0,3,4,3,0.8899863635524639,0.8899863635524639,0.03059149941938838,2,849
0,2024-05-23 06:26:27.101450+00:00,46.040578,14.365095,14.278906,63.2038,9.20225,2.507494785637649,34,34,0.427745,1.31286,1.20502,2024-05-23,999,0.4629654400459927,0,0,34.0,20,14,13,1.033560464836078,0.9971485541248956,0.068707947913662,12,850
8,2024-05-23 06:59:03.370152+00:00,46.018673,14.338388,8.651563,179.691,9.13292,5.611088762441742,6,6,0.039182,4.31107,3.60612,2024-05-23,999,0.016965793558489654,0,0,6.0,3,3,3,-0.1468479450217972,-0.1468479450217972,0.0236139110582807,2,851
9,2024-05-23 09:08:08.825453+00:00,46.095958,14.67018,8.536719,113.84,2.49918,2.802323054182012,18,18,0.358827,1.97333,1.20315,2024-05-23,999,0.21157135223146187,0,0,18.0,10,8,8,0.8867547881155159,0.743530307539485,0.11968137455127566,7,852
23,2024-05-23 09:50:06.702497+00:00,46.098513,14.766055,3.024219,189.0,5.0212,6.3731932341644875,7,7,0.256118,3.29616,1.89326,2024-05-23,999,0.5156002213201145,0,0,7.998171723766878,4,3,3,0.667796616802371,0.667796616802371,0.241441636271914,2,853
16,2024-05-23 09:57:32.631560+00:00,45.588578,14.387573,12.785937,108.184,6.7884,5.262879240491843,7,7,0.20633,7.87454,2.18342,2024-05-23,999,0.25993110637119454,0,0,8.0,3,4,3,0.217097813721037,0.20706070399924492,0.026545985384654663,3,854
12,2024-05-23 10:01:47.854642+00:00,46.136483,11.189654,6.507812,129.87,14.7333,5.587996895131564,8,8,0.0917296,2.21695,1.24074,2024-05-23,999,0.18474189132830998,0,0,7.999999978167477,5,3,3,0.7710334142243811,0.7854955794780032,0.03795945449829147,3,855
17,2024-05-23 10:13:13.222117+00:00,46.31972,12.584984,8.842969,108.121,10.842,3.563743719741923,19,19,0.24334,1.24679,0.88323,2024-05-23,999,0.2679405322765406,0,0,19.0,10,9,9,1.1086184351362371,1.049839087383363,0.09844510697876208,9,856
15,2024-05-23 10:31:00.488742+00:00,46.389801,13.081781,11.063281,41.9226,4.24013,1.5213437678578763,71,71,0.270243,0.639043,0.530834,2024-05-23,999,0.31912916852328704,0,0,72.0,36,35,34,1.356768218149177,1.3641956382684408,0.05168315961466742,34,857
10,2024-05-23 12:08:59.084343+00:00,45.457124,14.301984,10.029687,215.792,9.99566,3.778479654570076,14,14,0.276639,3.40445,1.6513,2024-05-23,999,0.46688955867683996,0,0,14.0,9,5,5,1.045862451464117,1.043270474818214,0.027329495705678948,3,858
22,2024-05-23 16:00:14.265674+00:00,47.181731,11.000274,6.201562,154.154,16.373,6.05863499478224,11,11,0.264851,2.5111,2.11983,2024-05-23,999,0.21471325732306046,0,0,11.0,6,5,5,0.658159698689502,0.6273434953381767,0.1608360340400297,5,859
21,2024-05-23 17:26:37.748335+00:00,46.032607,14.359557,11.063281,139.339,9.31041,4.467696766791587,9,9,0.18644,2.00676,1.2269,2024-05-23,999,0.1027675909570793,0,0,9.0,5,4,4,0.28974870659289004,0.27317035603360595,0.13138270629180898,4,860
19,2024-05-23 18:27:37.725938+00:00,46.314442,13.188657,4.325781,266.853,5.16485,4.127891289750736,7,7,0.0410331,2.9144,1.96915,2024-05-23,999,0.3299695838333981,0,0,7.0,3,4,3,0.33627721226557283,0.2458084740376565,0.130335684555708,3,861
3,2024-05-23 21:04:33.268090+00:00,45.888191,11.308116,14.891406,61.7872,9.33126,2.4410759512968867,48,48,0.433696,1.2898,1.0666,2024-05-23,999,0.399591737427681,0,0,47.91204762945501,26,22,21,1.034090152302011,1.0009326245456458,0.05679138870542096,21,862
5,2024-05-23 23:23:50.312034+00:00,46.355229,12.826561,0.038281,128.032,10.2031,4.591568511957542,8,8,0.100415,0.9612,0.688819,2024-05-23,999,0.12584447492254894,0,0,8.0,4,4,4,-0.07364994265768621,-0.05437097025794846,0.09538670464901605,4,863
9,2024-05-24 02:00:06.862848+00:00,45.631936,13.933102,0.019141,219.982,2.87453,1.6306843195419523,6,6,0.075639,2.29652,0.634914,2024-05-24,999,0.26024623120598195,0,0,6.0,3,3,3,-0.0467257033027042,-0.0467257033027042,0.10331806097370477,2,864
4,2024-05-24 03:17:13.581315+00:00,45.719621,10.75838,1.780078,93.9672,6.2165,2.460628232789342,12,12,0.0787199,0.610357,0.418208,2024-05-24,999,0.10542347349734134,0,0,12.0,6,6,6,0.3121044018796387,0.3907521206820359,0.11558803739844264,5,865
5,2024-05-24 03:40:20.229477+00:00,45.977292,13.082233,1.378125,206.577,6.13532,11.18577471612941,6,6,0.111767,26.4672,10.5855,2024-05-24,999,0.5854748802129501,0,0,7.0,3,3,3,1.0511808409530246,1.0511808409530246,0.09753792002201689,2,866
6,2024-05-24 10:59:51.530143+00:00,46.049816,13.652328,6.163281,101.596,7.08407,2.5214702853692326,29,29,0.254687,1.23865,0.960804,2024-05-24,999,0.5977040929769989,0,0,30.0,16,13,13,0.8538434935848789,0.8858614259388207,0.0833387444751695,13,867
12,2024-05-24 15:10:45.418517+00:00,45.906581,14.241761,7.732813,86.9629,13.8713,4.956275809516658,9,9,0.113013,1.53158,0.965823,2024-05-24,999,0.17081066965139918,0,0,9.0,6,3,3,0.3838902853202726,0.3919121174102018,0.05227523018971934,3,868
15,2024-05-24 16:46:04.984166+00:00,45.385882,14.784748,12.709375,281.555,35.3897,13.215344793080504,8,8,0.324409,7.05631,5.81373,2024-05-24,999,0.27847302100117965,0,0,8.0,5,3,3,0.7377553042928939,0.691893944657199,0.06590867500868915,3,869
18,2024-05-24 18:48:30.839657+00:00,46.34263,13.005135,2.832813,181.3,18.5149,7.865902872525187,6,6,0.131415,14.6784,3.43949,2024-05-24,999,0.5652930391025255,0,0,6.0,3,3,3,1.1956811231377125,1.1956811231377125,0.2864739659227957,2,870
1,2024-05-24 22:59:11.358343+00:00,45.923037,12.937559,2.220313,276.778,6.22844,4.085795271425136,6,6,0.0222569,6.93166,1.52222,2024-05-24,999,0.3036983761003103,0,0,5.87586819701227,3,3,3,0.8684506496227632,0.8652494847533294,0.15758658769655834,3,871
8,2024-05-24 23:57:34.928273+00:00,46.015097,14.761131,7.273438,99.9352,10.6898,5.913040664497412,8,8,0.283602,2.23259,1.34528,2024-05-24,999,0.16335639215775086,0,0,8.0,3,5,3,-0.2806300135009596,-0.2806300135009596,0.26905127885746416,2,872
13,2024-05-25 01:41:20.976393+00:00,44.789712,10.98667,17.226563,258.999,8.55629,5.169666672039891,7,7,0.0821717,5.62372,2.11736,2024-05-25,999,0.07664161500904908,0,0,6.625024275300185,3,4,3,1.5378921243130967,1.5378921243130967,0.004583358118199543,2,873
19,2024-05-25 06:57:51.391751+00:00,46.357261,12.821819,6.163281,102.614,9.79699,3.409037488793574,18,18,0.180241,0.879675,0.609012,2024-05-25,999,0.29396623937997307,0,0,17.988459878266003,9,9,9,0.5119988404153177,0.5153481756322035,0.03631493447969936,8,874
8,2024-05-25 10:55:14.389314+00:00,46.407064,12.845539,0.038281,179.729,6.19268,3.836756455653655,8,8,0.123003,2.01154,0.771361,2024-05-25,999,0.16816542128552406,0,0,7.9999999976591765,4,4,4,0.22539712055313102,0.11376916585786079,0.29600400795876397,3,875
7,2024-05-25 12:42:44.372109+00:00,46.105717,13.382317,10.948437,209.991,2.97555,1.9940302655677018,14,14,0.0973642,1.87319,0.92599,2024-05-25,999,0.07391011214747333,0,0,14.0,7,7,7,0.5099397096826267,0.4618292312882576,0.17898068818345686,6,876
11,2024-05-25 12:43:04.208744+00:00,46.10727,13.383032,10.986719,206.893,2.81307,1.7466293968670057,16,16,0.107419,1.46104,0.922986,2024-05-25,999,0.09562330823565994,0,0,16.0,8,8,8,0.4470507780553237,0.5157258981709834,0.1347839075063498,7,877
5,2024-05-25 19:17:59.038079+00:00,46.441584,10.59982,4.823438,148.971,7.50192,4.49981019599716,9,9,0.441524,4.50561,1.34373,2024-05-25,999,0.15059029544781616,0,0,9.0,5,4,4,0.669022879241122,0.6601460870492843,0.04971031086946103,3,878
15,2024-05-25 19:21:52.591564+00:00,46.2525,12.579085,3.502734,104.853,5.4322,2.7517700303622754,11,11,0.131236,0.865508,0.608201,2024-05-25,999,0.32026170473911164,0,0,11.0,6,5,5,0.3969726038629039,0.37660364110766253,0.08063765355597102,5,879
10,2024-05-26 05:41:33.702287+00:00,45.720824,10.763817,3.885547,67.8348,5.99589,3.2227702989819176,18,18,0.160341,0.712471,0.594682,2024-05-26,999,0.20368883202134347,0,0,17.91604630068983,9,9,8,0.7471569053051854,0.792613245206864,0.07510178136407653,8,880
21,2024-05-26 07:22:28.283580+00:00,46.069075,14.608376,11.292969,90.2352,6.85192,2.700303427394781,22,22,0.421891,1.66021,1.32183,2024-05-26,999,0.29264974956367906,0,0,23.0,13,9,9,0.6379162069659472,0.4897821397929705,0.13948077135658024,8,881
12,2024-05-26 08:36:50.246313+00:00,46.109101,13.389517,11.886328,53.3803,2.3952,1.1173444544991487,96,96,0.326662,1.05878,0.581148,2024-05-26,999,0.49179476365894415,0,0,103.549210976873,54,42,38,1.5647270234658415,1.5004360809219845,0.06956292554378708,37,882
3,2024-05-26 09:23:26.518205+00:00,45.715511,13.807179,12.020313,154.5,6.31745,5.464558500007114,15,15,0.224116,3.87108,1.689,2024-05-26,999,0.30883123469877577,0,0,15.0,10,5,4,0.8335465095329968,0.8632419080357304,0.05756619932113814,4,883
2,2024-05-26 15:27:09.390847+00:00,46.266834,12.556516,6.622656,153.486,3.3094,2.5683879963899536,9,9,0.110763,2.1449,0.904991,2024-05-26,999,0.03349304078367138,0,0,9.0,4,5,4,-0.0057654991310077675,-0.0057654991310077675,0.00944657352357392,2,884
15,2024-05-26 18:54:36.488929+00:00,46.035273,13.534255,12.613672,74.7056,6.6303,1.7450603685832762,47,47,0.24737,0.997213,0.674525,2024-05-26,999,0.39914474205964906,0,0,46.24900333360549,23,24,22,0.8531846770805193,0.7998713587342463,0.08738478318429566,22,885
19,2024-05-26 19:28:50.686410+00:00,46.041208,13.540432,10.450781,179.181,6.08127,2.6642039711703758,14,14,0.125277,1.31355,1.0875,2024-05-26,999,0.12320728385771908,0,0,14.0,7,7,7,0.6087520039330409,0.6534668248571526,0.10650040812211842,6,886
0,2024-05-27 00:49:20.009991+00:00,45.733096,10.7671,3.311328,133.353,8.17105,3.5567188812162254,8,8,0.0489814,0.701424,0.552948,2024-05-27,999,0.08743861593445434,0,0,8.0,4,4,4,-0.06868867279261387,-0.05626657315150985,0.09175403666588654,4,887
16,2024-05-27 02:05:39.207179+00:00,46.474641,13.053223,4.402344,244.449,7.82891,3.9316138671034313,8,8,0.0732287,1.68208,0.980793,2024-05-27,999,0.0628075046648692,0,0,8.0,4,4,4,-0.1242124319460997,-0.1544955027889625,0.05874105612862931,3,888
7,2024-05-27 03:39:32.024748+00:00,44.357305,10.183257,6.584375,236.373,17.5338,10.862802907169034,6,6,0.112986,12.3572,2.34297,2024-05-27,999,0.46564526534061546,0,0,7.0,3,3,3,1.3677371340227724,1.1792713502605576,0.31514522861522143,3,889
3,2024-05-27 06:46:09.877317+00:00,46.223368,12.487678,6.526953,100.184,6.48668,2.605537449356658,14,14,0.140381,0.829028,0.659149,2024-05-27,999,0.17617507031586574,0,0,13.999817450225603,7,7,7,0.6822311368956387,0.7571565077390517,0.10568828690818968,6,890
6,2024-05-27 11:37:32.355172+00:00,45.804384,14.300494,5.282813,179.396,12.0105,7.106894258394449,8,8,0.127391,5.81462,1.12533,2024-05-27,999,0.3943311636502884,0,0,8.0,4,4,4,0.686286478742587,0.6226433412789408,0.18247220976746256,4,891
2,2024-05-27 11:43:30.246313+00:00,45.731674,14.072979,17.532813,106.667,17.9471,11.449642614509852,10,10,0.216456,2.54944,2.22088,2024-05-27,999,0.2670426916982548,0,0,9.851825375120665,5,5,3,0.5373149937699845,0.5373149937699845,0.007635607808348044,2,892
8,2024-05-27 12:47:35.976916+00:00,46.03055,13.652696,2.373438,306.863,12.4334,7.911076728233648,6,6,0.0352475,13.7102,2.22078,2024-05-27,999,0.02277764684036426,0,0,6.0,3,3,3,0.5089288368347009,0.5089288368347009,,1,893
10,2024-05-27 13:13:31.816370+00:00,46.65934,10.082072,7.04375,137.05,4.40593,3.1890050956371954,16,16,0.382701,1.67436,1.38282,2024-05-27,999,0.30645988637175187,0,0,16.0,9,7,7,1.01857594659862,0.7955399854985251,0.18100568257951613,6,894
9,2024-05-27 14:15:09.146196+00:00,46.608805,13.64238,2.411719,141.045,2.34865,4.082126075956008,16,16,0.230994,2.81518,2.48747,2024-05-27,999,0.1655835889212434,0,0,15.999908366728976,10,6,6,1.0448143890436008,1.012794004203925,0.09257558052584601,6,895
18,2024-05-27 14:16:36.603149+00:00,46.600522,13.044351,8.996094,190.186,7.25923,2.814860209672942,19,19,0.298996,2.74148,1.19059,2024-05-27,999,0.3273024364977619,0,0,18.959806262980745,10,9,8,0.7334957412447505,0.7518276526076977,0.09895769979207145,8,896
13,2024-05-27 16:49:53.811425+00:00,46.613213,10.464003,2.526562,226.655,15.3778,7.595770665311059,6,6,0.274348,12.6141,9.28829,2024-05-27,999,0.023656794100015234,0,0,6.0,3,3,3,0.3563976755168783,0.3563976755168783,0.005974470213234717,2,897
1,2024-05-27 17:01:35.297465+00:00,45.444126,14.001785,12.939063,257.15,11.4263,6.652940026785151,9,9,0.211099,6.90068,2.81022,2024-05-27,999,0.35076797334310067,0,0,9.0,6,3,3,1.1522832643925607,1.1256447346268947,0.08103745922732036,3,898
22,2024-05-27 17:09:38.279568+00:00,47.284483,11.293304,5.321094,139.857,9.57363,4.9112327983918656,10,10,0.198004,2.02582,1.19669,2024-05-27,999,0.10317999665462196,0,0,10.0,6,4,4,0.8007030253970111,0.8208687014308906,0.046849445099840153,3,899
5,2024-05-27 20:00:41.931863+00:00,45.835526,14.691726,4.325781,64.006,12.0397,4.364994272619381,20,20,0.282922,1.18676,1.09007,2024-05-27,999,0.4237021064978816,0,0,20.0,11,9,9,0.5270928377108764,0.45628317907500837,0.05938187309785483,7,900
19,2024-05-27 20:18:24.011194+00:00,46.519859,12.680775,4.574609,59.1326,2.39257,3.0609816072626113,25,25,0.245336,0.784331,0.621358,2024-05-27,999,0.31727276965214596,0,0,24.131550571849537,13,12,12,0.9005777567766821,0.845770236790889,0.06961420709624115,10,901
14,2024-05-27 20:20:23.753598+00:00,46.51771,12.667232,0.631641,122.941,1.33999,1.2944807491809216,10,10,0.114379,1.03544,0.552938,2024-05-27,999,0.16358910750804714,0,0,10.0,5,5,5,0.15053522570647093,0.10916140171634225,0.17032573525414615,3,902
20,2024-05-27 20:21:55.018095+00:00,46.518019,12.678838,5.646484,58.0948,2.18738,2.2931111181100663,45,45,0.293884,0.802868,0.644973,2024-05-27,999,0.3765864164511408,0,0,46.0,23,22,21,1.0663196159851482,1.064723441816771,0.03533820548858572,18,903
11,2024-05-27 20:52:27.902190+00:00,47.282746,11.262934,1.301562,154.255,8.0481,5.190434182224065,6,6,0.177704,5.47153,1.86071,2024-05-27,999,0.06286935065851419,0,0,6.0,3,3,3,0.42451485170380787,0.42451485170380787,0.05152714771370637,2,904
4,2024-05-27 21:22:40.853096+00:00,44.385606,10.089623,13.934375,255.034,11.8089,10.795113616817565,6,6,0.0995476,16.3453,3.24726,2024-05-27,999,0.08766439591094742,0,0,6.0,3,3,3,0.7138265171968974,0.7138265171968974,0.03568352797953822,2,905
17,2024-05-27 21:37:36.550334+00:00,44.393182,10.089699,14.853125,253.073,10.9807,10.743931263741406,6,6,0.0875622,16.2636,3.3111,2024-05-27,999,0.0751883004780939,0,0,6.0,3,3,3,0.6480524148934712,0.6480524148934712,0.025759565409012364,2,906
21,2024-05-27 21:44:02.527720+00:00,44.405122,10.100393,9.723438,244.764,9.88637,6.874102559607327,7,7,0.209434,9.76973,3.51313,2024-05-27,999,0.30572568557203356,0,0,7.0,4,3,3,1.7264553133970486,1.714585749115555,0.3489527743787311,3,907
12,2024-05-27 21:49:52.581634+00:00,45.761484,11.014675,10.029687,119.937,11.657,4.169799371672455,19,19,0.361779,2.62141,1.44793,2024-05-27,999,0.24671975044716507,0,0,19.0,9,10,9,0.7324008241087575,0.5980093268665343,0.11842160538658206,8,908
2,2024-05-28 01:32:07.865838+00:00,46.652993,12.42843,10.182812,247.835,11.8152,4.633815781836822,8,8,0.0811788,5.84543,2.29327,2024-05-28,999,0.0654493576234206,0,0,8.0,4,4,4,-0.0460900568580076,-0.0460900568580076,0.007872487385526039,2,909
11,2024-05-28 01:34:20.252032+00:00,45.631959,13.932503,0.019141,146.27,2.82872,2.7280059750667704,8,8,0.128294,2.42369,0.72992,2024-05-28,999,0.2727948499027851,0,0,8.0,4,4,4,-0.04871963169118798,-0.04871963169118798,0.12271512407584262,2,910
1,2024-05-28 01:42:34.380577+00:00,46.386385,9.847985,6.890625,225.557,13.4642,16.227855526840262,13,13,0.705261,7.20489,6.70119,2024-05-28,999,0.812049172495732,0,0,15.0,7,6,5,1.3693660701916082,1.3739050077369128,0.05214228817658977,5,911
7,2024-05-28 10:31:27.595171+00:00,45.740386,14.076097,11.867188,107.488,18.7649,10.223283914672427,15,15,0.198457,1.77849,1.46441,2024-05-28,999,0.29986878174121484,0,0,15.0,8,7,7,0.4829299123060749,0.4711298424324597,0.06032839880631413,6,912
6,2024-05-28 14:58:47.899279+00:00,46.206323,12.523744,6.909766,88.5962,3.15569,1.7849838682744446,16,16,0.170163,0.935387,0.710398,2024-05-28,999,0.12182503405869917,0,0,15.789605179616917,9,7,7,0.7670852961880894,0.6994400740473355,0.0986187398779781,4,913
0,2024-05-28 17:07:51.043917+00:00,46.114045,14.633126,7.464844,137.778,5.46739,3.030657271946137,14,14,0.353123,2.72077,1.1329,2024-05-28,999,0.22808310430995543,0,0,14.0,7,7,7,0.3306510228699435,0.32436466146626053,0.09731806871192773,6,914
8,2024-05-28 21:18:14.852235+00:00,46.201959,12.971306,0.038281,357.516,7.78733,2.5023299542626267,6,6,0.20875,5.66263,3.5063,2024-05-28,999,0.7351157454641237,0,0,6.0,3,3,3,0.7897419159496585,0.7897419159496585,0.3039218810906684,2,915
4,2024-05-29 05:00:02.619879+00:00,46.454853,12.629164,0.038281,155.198,5.12514,3.9706827372632025,6,6,0.0641035,2.60717,1.44178,2024-05-29,999,0.13005531000603524,0,0,6.0,3,3,3,-0.19913854210153625,-0.19913854210153625,0.2746643318149443,2,916
22,2024-05-29 06:33:21.485070+00:00,45.919674,14.964452,11.867188,186.333,15.9756,4.269314827931995,21,21,0.320245,3.65072,1.90539,2024-05-29,999,0.29654087811138186,0,0,22.0,14,7,7,0.9706169330590534,0.9896278807115918,0.06382672698045541,6,917
6,2024-05-29 08:11:59.796512+00:00,46.30868,12.619601,7.464844,73.1381,8.84532,3.8998090722495635,13,13,0.15872,1.05675,0.804697,2024-05-29,999,0.23569664281640387,0,0,13.0,5,8,5,0.18580406933097446,0.22833722836095616,0.14184714769504753,3,918
10,2024-05-29 08:27:32.099060+00:00,45.741933,14.069007,9.264063,145.362,16.8652,6.848455665330688,9,9,0.116286,2.4291,1.13539,2024-05-29,999,0.2993485914089242,0,0,9.0,5,4,4,0.3250942629044311,0.3255478144269177,0.029867806490341563,3,919
14,2024-05-29 10:04:04.132015+00:00,45.896678,11.3301,7.847656,140.581,11.1418,4.052217380644825,12,12,0.233356,3.59257,1.24279,2024-05-29,999,0.37819501152588525,0,0,14.0,6,6,5,1.038108656404972,1.0048950526943916,0.08717038124656008,5,920
11,2024-05-29 11:29:20.905059+00:00,46.055532,13.647012,5.569922,104.478,7.6415,2.5658028178330463,22,22,0.169209,0.927606,0.678015,2024-05-29,999,0.5605875706808773,0,0,22.691675679059234,13,9,9,0.8984147157812922,1.0062376446182038,0.10254329637919483,9,921
9,2024-05-29 13:28:14.775725+00:00,46.205986,12.781752,3.828125,167.031,17.9057,13.753621704845601,6,6,0.186376,24.4628,14.6495,2024-05-29,999,0.9066047864203917,0,0,6.0,3,3,3,1.7121864717624073,1.7121864717624073,0.09745373171542016,2,922
23,2024-05-29 13:44:28.678496+00:00,46.068409,14.198161,5.397656,65.8151,5.08018,3.1200054326875777,28,28,0.269677,1.29749,0.857679,2024-05-29,999,0.5508090016523542,0,0,29.0,16,12,12,0.737788515413353,0.680645489419756,0.08102276698920499,12,923
3,2024-05-29 15:25:31.648303+00:00,46.108595,11.17609,0.038281,191.363,6.20221,5.109217444971391,7,7,0.167292,2.98348,0.815567,2024-05-29,999,0.2619328394146314,0,0,7.0,4,3,3,0.47444462597667414,0.47444462597667414,0.025568260372402563,2,924
12,2024-05-29 15:57:52.980432+00:00,45.735263,10.603907,8.421875,245.399,4.84746,2.7481372782304745,6,6,0.0260679,3.45652,2.00153,2024-05-29,999,0.01013096265924149,0,0,6.0,3,3,3,0.587752435930235,0.5873821994940744,0.0818199118967502,3,925
20,2024-05-29 17:43:47.155011+00:00,47.185484,11.00285,6.814063,154.501,16.0782,6.603784748157681,7,7,0.236115,5.07608,2.76273,2024-05-29,999,0.05766332514393415,0,0,7.0,4,3,3,0.5449513403487086,0.4455820706318221,0.20468650069916644,3,926
13,2024-05-29 22:36:43.404308+00:00,46.352256,12.8203,4.708594,103.998,10.1666,4.2168902285926295,14,14,0.129218,0.872811,0.546502,2024-05-29,999,0.07345172443310388,0,0,13.591032599486425,6,8,5,-0.002646551201433589,-0.010412401000937876,0.027309776587505673,4,927
8,2024-05-29 23:34:29.904248+00:00,46.016178,14.758212,8.230469,99.6324,10.4842,5.45630955866692,12,12,0.255061,1.85058,1.31516,2024-05-29,999,0.2307776238988623,0,0,12.0,6,6,6,-0.04101258927746092,-0.07822763674920186,0.16885369315431728,5,928
2,2024-05-30 00:58:44.254666+00:00,46.328238,13.181685,3.292187,208.696,6.03932,3.7912245251369643,12,12,0.135717,2.0284,0.772085,2024-05-30,999,0.11287488973830224,0,0,12.0,6,6,6,0.08707354637733607,0.1468196203646528,0.1576763667873004,6,929
3,2024-05-30 01:03:47.664744+00:00,46.334123,13.185119,2.105469,243.227,6.73721,3.59999112498906,9,9,0.0827657,1.93016,0.787625,2024-05-30,999,0.03671975243578412,0,0,8.92940725734773,4,5,4,0.0030799759381527902,-0.08353498947324323,0.1873465217512662,4,930
11,2024-05-30 01:05:04.986904+00:00,46.33244,13.183487,4.115234,103.641,6.51201,2.530023636253227,31,31,0.163007,0.84872,0.42799,2024-05-30,999,0.37472268510195694,0,0,30.77804049669141,16,15,13,0.3846207825043787,0.33156142177169157,0.09411482094273371,13,931
13,2024-05-30 01:38:27.195155+00:00,46.329754,13.18361,3.177344,166.495,6.26072,3.2108914494264673,14,14,0.124467,1.57473,0.570581,2024-05-30,999,0.10653412844302453,0,0,14.0,6,8,6,0.6713401538704389,0.625221667959758,0.11295917465398156,6,932
27,2024-05-30 01:49:58.686612+00:00,46.318534,13.17921,0.727344,220.493,6.23066,4.280157345238607,6,6,0.0494016,4.92894,2.4458,2024-05-30,999,0.04191330500183767,0,0,6.0,3,3,3,-0.29211747855207615,-0.356071566674228,0.10703746516858473,3,933
26,2024-05-30 02:15:39.551881+00:00,46.102302,14.078773,10.067969,66.9708,14.3415,3.1187776131042106,38,38,0.321274,1.16658,0.805433,2024-05-30,999,0.35060728605041497,0,0,37.011379373856975,18,20,18,0.5889102634608225,0.5954647090798518,0.05571987395760816,16,934
28,2024-05-30 06:29:44.613838+00:00,45.636531,14.424764,11.446094,84.7499,11.3112,5.426461406847007,62,62,0.601852,2.25065,1.30711,2024-05-30,999,0.4353662002264233,0,0,63.6524706506906,37,25,24,1.6156392376767805,1.6314434742007813,0.03540123611561114,20,935
7,2024-05-30 08:37:49.708061+00:00,46.351878,12.550921,8.957813,121.288,9.32353,2.656189074595406,15,15,0.161783,1.00479,0.717324,2024-05-30,999,0.07478129182621635,0,0,15.0,8,7,7,1.0788264912579824,1.0699669961174243,0.06619309652200604,6,936
20,2024-05-30 10:06:13.988269+00:00,46.141206,11.190404,8.536719,110.385,7.29002,2.2604199831004856,20,20,0.186688,1.15264,1.09676,2024-05-30,999,0.30762389082800506,0,0,19.99831663718021,11,9,9,1.2072584651736527,1.1611092212140424,0.14332297014344325,9,937
22,2024-05-30 13:10:24.171536+00:00,45.635419,14.406659,11.599219,128.772,11.4964,3.5703691685874728,32,32,0.320965,2.41811,1.41054,2024-05-30,999,0.45700932692136814,0,0,34.976181269132056,18,14,12,1.4054112471962097,1.3390423590481895,0.06961112406998272,11,938
0,2024-05-30 17:25:52.732120+00:00,46.719401,9.66037,0.995313,107.924,10.6675,3.95835071715481,11,11,0.200796,1.09962,0.657315,2024-05-30,999,0.16021571223932007,0,0,11.0,6,5,5,0.9030337902414513,0.9422430720302474,0.18294588055084587,5,939
12,2024-05-30 18:22:21.113091+00:00,46.517012,12.669631,0.172266,125.209,1.48012,1.695329953135967,10,10,0.109312,1.02668,0.640709,2024-05-30,999,0.23574280406768483,0,0,9.961335123292633,5,5,5,0.31181134992379506,0.3294182219899031,0.17786042827550602,4,940
15,2024-05-30 20:06:54.088918+00:00,45.87281,13.011611,0.229688,231.268,8.51179,7.669076997918328,6,6,0.0593767,12.696,7.93798,2024-05-30,999,0.46526180840217357,0,0,6.0,3,3,3,1.5041520675809639,1.5041520675809639,,1,941
21,2024-05-30 20:30:57.490635+00:00,45.686818,9.669408,19.982812,253.716,9.90238,5.6992239647166,50,50,0.448859,4.66728,2.50409,2024-05-30,999,0.5648961497706504,0,0,50.826389021749215,26,24,23,1.9144983770936743,1.9116656199494884,0.06395053228157452,18,942
6,2024-05-30 22:02:14.788532+00:00,46.339951,13.200101,6.469531,252.382,8.16237,5.40422022127152,6,6,0.0255388,4.58227,3.5333,2024-05-30,999,0.008260721168315657,0,0,6.0,3,3,3,0.10996760385806821,0.07612429505970986,0.15458217421992465,3,943
17,2024-05-30 22:14:16.917200+00:00,46.001605,12.938198,0.038281,280.024,5.87417,5.6230009247731765,6,6,0.0350064,6.55548,5.24564,2024-05-30,999,0.6619314337435913,0,0,6.0,3,3,3,0.8696155531552654,0.8696155531552654,0.3150634871021207,2,944
8,2024-05-31 00:06:05.130250+00:00,46.321262,13.616942,3.407031,154.683,11.9096,5.427007812782288,10,10,0.168959,2.49126,1.09943,2024-05-31,999,0.2664847046040333,0,0,10.0,5,5,5,0.043269005314759634,0.061217109096646016,0.0800998269933036,4,945
7,2024-05-31 02:00:54.404579+00:00,45.629459,14.427744,12.594531,88.0375,11.9017,3.9069036973030187,11,11,0.260195,2.0232,1.41835,2024-05-31,999,0.17465343985271647,0,0,10.716403323378284,5,6,4,0.33717997322436755,0.32168194994524235,0.15874703014944821,4,946
12,2024-05-31 03:01:14.030340+00:00,45.659718,14.421397,4.440625,77.1385,8.72768,4.872286875790464,75,75,0.843067,2.15694,1.53737,2024-05-31,999,0.5225669822198376,0,0,78.96068929337503,35,40,35,1.34983317659644,1.3509548026881788,0.03987231927892337,22,947
0,2024-05-31 07:17:50.132428+00:00,46.179458,13.865759,8.230469,140.126,11.342,3.7808238652441877,15,15,0.175006,1.61955,1.0547,2024-05-31,999,0.17665139204527694,0,0,15.0,8,7,7,0.5229581345776165,0.4581158898363644,0.1705379792806157,6,948
10,2024-05-31 07:46:19.774231+00:00,46.4631,13.49329,4.076953,146.842,2.90401,1.791577891133958,16,16,0.136248,1.02823,0.649316,2024-05-31,999,0.14146990873778947,0,0,15.861662771936375,8,8,8,0.634323233595346,0.681572873983622,0.08192714080731409,8,949
6,2024-05-31 10:34:33.920891+00:00,47.182313,11.003995,2.909375,154.827,16.0839,8.360980923312766,6,6,0.201366,13.7886,2.44379,2024-05-31,999,0.02816356996189112,0,0,6.0,3,3,3,0.2086867638870633,0.1562494973046089,0.19456946672521452,3,950
1,2024-05-31 22:45:58.324603+00:00,46.358103,12.814573,1.263281,158.877,12.1348,4.02195024832481,12,12,0.141856,1.24224,0.58666,2024-05-31,999,0.42944287881018905,0,0,12.0,5,7,5,0.15421308924362132,0.1709390695385986,0.053607760856804396,3,951
2,2024-06-01 00:27:32.189758+00:00,45.976578,14.909668,2.220313,159.965,11.6418,8.339547949379511,6,6,0.169886,10.8895,3.54163,2024-06-01,999,0.03157689075028994,0,0,6.0,3,3,3,-0.017756585730996033,-0.017756585730996033,,1,952
9,2024-06-01 01:53:34.216887+00:00,46.392937,10.604927,7.65625,108.37,7.76586,4.8601072004637915,22,22,0.57434,2.24423,1.36773,2024-06-01,999,0.2850586118014143,0,0,21.99982431261601,12,10,10,0.8443285556310615,0.9335364797482539,0.12141006659132962,9,953
12,2024-06-01 02:02:22.347511+00:00,45.98839,14.605762,9.838281,82.1607,8.64088,3.4117752417180123,17,17,0.411277,1.48981,1.34289,2024-06-01,999,0.15318175900679956,0,0,17.0,9,8,8,0.6506748414692112,0.655964552081459,0.09407114005622548,7,954
17,2024-06-01 04:01:27.676007+00:00,46.296236,13.593196,14.585156,117.273,8.65882,2.768332584788179,17,17,0.125558,1.39359,0.935241,2024-06-01,999,0.22306390358555978,0,0,17.0,8,9,8,0.5430658122136014,0.5138823389688303,0.08089991824463838,7,955
1,2024-06-01 04:25:01.646046+00:00,45.993828,14.892021,1.914063,143.466,11.1159,5.436515575255901,6,6,0.180939,7.81934,4.44421,2024-06-01,999,0.03177130663925152,0,0,6.0,3,3,3,-0.08382371584345316,-0.08382371584345316,0.10465927397299213,2,956
5,2024-06-01 16:12:35.211644+00:00,46.634417,9.939409,4.402344,92.9449,13.9955,4.395441024516198,13,13,0.225055,1.19734,0.79613,2024-06-01,999,0.09547145948932288,0,0,12.90547656016551,7,6,6,1.0649686617001786,1.0612152315189674,0.03327542668892846,4,957
6,2024-06-01 16:12:47.467341+00:00,46.635029,9.944303,2.258594,111.978,15.0243,5.0998851163531125,10,10,0.224693,1.16068,1.00039,2024-06-01,999,0.0941476945269619,0,0,9.754841563223552,5,5,5,,,,0,958
15,2024-06-01 17:25:36.602528+00:00,46.471086,10.116621,5.971875,112.652,19.6358,8.192795066398281,10,10,0.504144,2.46451,2.05577,2024-06-01,999,0.22923001339784654,0,0,10.0,5,5,5,0.5093257809847149,0.47119716618370233,0.21787922340543373,4,959
14,2024-06-01 17:54:21.381179+00:00,46.062481,14.855168,1.607812,141.554,11.0535,6.012782550533489,7,7,0.162211,6.51475,2.15312,2024-06-01,999,0.059287737453606104,0,0,7.0,4,3,3,0.016079462403435385,0.016079462403435385,0.16891310430417128,2,960
8,2024-06-01 18:53:40.266325+00:00,46.47931,10.113057,8.651563,77.0587,12.1663,4.756511894235103,18,18,0.497476,1.8083,1.64581,2024-06-01,999,0.2665356402872763,0,0,18.0,10,8,8,1.1847664886038223,1.2057542486924175,0.14548745384395548,8,961
4,2024-06-01 19:20:51.802984+00:00,45.946479,10.749321,10.948437,238.166,14.8808,8.498666365965898,8,8,0.134649,4.38531,1.916,2024-06-01,999,0.09679628854837914,0,0,8.0,4,4,4,0.801353230682108,0.788428335538905,0.08179008373068138,3,962
11,2024-06-01 19:34:03.478322+00:00,46.531491,10.252721,10.948437,141.314,9.91064,6.283525841436478,8,8,0.0864907,9.74687,2.3534,2024-06-01,999,0.0884039657372621,0,0,8.0,4,4,4,0.22457972057843978,0.08676514982933425,0.28269318678925903,4,963
16,2024-06-01 21:16:25.508769+00:00,46.500352,10.18645,8.957813,278.946,6.7428,4.182229560892132,8,8,0.175992,3.94893,1.98581,2024-06-01,999,0.11466331924813447,0,0,8.0,4,4,4,0.24486058386716114,0.1500996326082643,0.2569821660362543,4,964
0,2024-06-01 21:43:10.897292+00:00,46.508801,10.198141,7.464844,266.514,6.22271,3.6907642162565737,6,6,0.0721775,4.24935,2.16512,2024-06-01,999,0.07260398132327442,0,0,6.0,3,3,3,-0.33659093127380757,-0.33659093127380757,0.1897824668244006,2,965
3,2024-06-01 22:34:17.013422+00:00,45.99857,12.944655,2.373438,277.651,5.28252,4.186055565804161,6,6,0.0864028,5.17586,3.14164,2024-06-01,999,0.4543013032857287,0,0,5.937452117582531,3,3,3,0.7550901576343196,0.7550901576343196,0.2537988235470085,2,966
26,2024-06-02 02:03:32.331807+00:00,46.053552,12.921467,0.076563,275.391,11.3276,8.20278507581419,6,6,0.174013,8.95319,5.19983,2024-06-02,999,0.4773483094142332,0,0,6.0,3,3,3,0.9681128085555413,0.9681128085555413,0.05231331318824367,2,967
33,2024-06-02 03:59:21.510905+00:00,46.166303,13.762907,11.063281,57.5602,7.16799,1.636668573658088,76,76,0.296716,0.809948,0.65045,2024-06-02,999,0.38678005018491524,0,0,78.23636541565574,37,39,34,1.161215899233913,1.1474783003950675,0.05861843608019253,32,968
15,2024-06-02 06:23:32.366603+00:00,46.236499,13.784733,9.876563,97.793,3.81859,2.688308817825809,13,13,0.15726,1.96973,1.00168,2024-06-02,999,0.07836607735409264,0,0,12.728452746929824,7,6,6,0.2884600551806099,0.15534624141349762,0.182153557765738,5,969
20,2024-06-02 12:24:16.637009+00:00,46.350347,13.667773,6.699219,135.559,12.9809,4.4825420912691945,14,14,0.207933,1.21224,0.964687,2024-06-02,999,0.31965046173980477,0,0,13.967126122443226,7,7,7,0.3317650854431856,0.3627040618613522,0.03412458765133384,5,970
3,2024-06-02 14:12:05.437445+00:00,46.188489,13.169906,10.795312,166.781,7.11527,7.474317828404141,7,7,0.168783,8.08021,2.97717,2024-06-02,999,0.4315531128333459,0,0,6.946026454085833,3,4,3,0.9501679746024568,0.9501679746024568,0.2716053391315886,2,971
27,2024-06-02 14:59:41.388727+00:00,46.347918,13.665156,5.780469,124.772,13.0765,3.4251477778338266,28,28,0.199669,1.05321,0.523839,2024-06-02,999,0.44867908504242593,0,0,27.940943338004075,14,14,13,0.634635391924773,0.6437468057885468,0.06537260956749158,12,972
30,2024-06-02 15:01:49.342034+00:00,46.267726,12.867093,5.493359,87.5144,2.72847,1.7441103806812228,36,36,0.175345,0.820543,0.427867,2024-06-02,999,0.38906076895494845,0,0,35.872697323461836,17,19,17,0.8265854856555649,0.8385589032857326,0.065425295842227,17,973
8,2024-06-02 15:50:17.405281+00:00,46.009773,14.181097,0.650781,183.146,10.0508,5.3663163995426135,6,6,0.0983695,5.93028,3.76606,2024-06-02,999,0.059903086362716594,0,0,6.0,3,3,3,-0.20711362230898525,-0.2589390257433153,0.1657625910451377,3,974
16,2024-06-02 16:28:57.603842+00:00,45.257955,14.398409,43.79375,314.323,30.0766,10.962080140192372,8,8,0.195911,12.9129,9.26784,2024-06-02,999,0.5827113505367789,0,0,10.588823854340898,5,3,3,1.3697241659771413,1.3587404158611396,0.0387598551774311,3,975
17,2024-06-02 16:31:18.576082+00:00,45.603536,13.863373,0.229688,285.309,3.77511,6.2054866046104715,6,6,0.0907592,14.5226,5.43423,2024-06-02,999,0.48498914928389836,0,0,5.344637589626888,3,3,3,0.2271244205705928,0.12094155349351032,0.16698929191145162,3,976
10,2024-06-02 21:34:26.880708+00:00,46.508771,10.203019,7.082031,263.468,5.88545,3.4249931824749664,6,6,0.0407855,4.09253,2.10794,2024-06-02,999,0.035024681717700484,0,0,6.0,3,3,3,-0.40900472647515707,-0.40900472647515707,0.18684603547035894,2,977
11,2024-06-02 21:38:54.617070+00:00,46.505153,12.038787,41.190625,230.558,25.9747,16.219946485731697,13,13,0.53329,9.85826,7.33025,2024-06-02,999,0.675330033398178,0,0,20.176115665308657,8,5,3,1.4988232883767147,1.4988232883767147,0.2156176490100301,2,978
29,2024-06-02 22:41:21.852971+00:00,45.90628,12.928079,2.603125,273.781,8.13188,8.29438822337127,6,6,0.026617,10.6404,6.19702,2024-06-02,999,0.49633835093902956,0,0,6.0,3,3,3,,,,0,979
13,2024-06-02 22:49:06.730423+00:00,46.052639,13.114925,1.454688,178.299,13.7004,6.030076616428683,6,6,0.184733,7.9976,5.09358,2024-06-02,999,0.4392350732684034,0,0,6.0,3,3,3,0.9037750179457982,0.9037750179457982,0.06581840433301828,2,980
34,2024-06-02 23:52:58.937286+00:00,45.987006,13.074404,11.407813,77.9442,6.28366,2.3518336888479165,59,59,0.297623,1.13907,0.838216,2024-06-02,999,0.45206367669654646,0,0,60.21552125774447,28,31,28,0.871191415126027,0.8426925219271297,0.07753568080336824,23,981
18,2024-06-03 05:13:55.818246+00:00,46.369159,13.194777,8.383594,116.463,9.25637,3.724160308042606,13,13,0.12861,1.19613,0.861017,2024-06-03,999,0.23649959100893037,0,0,13.0,6,7,6,0.7227534099487133,0.7728882013750457,0.10861325683782516,6,982
7,2024-06-03 05:17:45.387837+00:00,46.373351,13.192019,9.723438,82.3575,10.9116,3.615265232316987,19,19,0.156431,0.94778,0.816442,2024-06-03,999,0.30087459454378845,0,0,19.0,10,9,9,0.6558345659267479,0.6310364137865582,0.11908820564157334,8,983
5,2024-06-03 14:02:15.286608+00:00,46.096214,13.502088,10.144531,193.251,1.46006,2.3040302081353015,10,10,0.0457156,1.84918,0.83315,2024-06-03,999,0.06843810700790333,0,0,9.99999999999889,5,5,5,0.5426121686628581,0.5371591735715349,0.14650846417756902,4,984
13,2024-06-03 17:02:45.406232+00:00,46.901026,11.215985,9.264063,97.1069,15.2208,5.781939959909649,19,19,0.525438,3.45769,1.77185,2024-06-03,999,0.42164789430844507,0,0,19.0,11,8,8,0.9584342294146009,0.8635327539438219,0.10022379886314702,8,985
14,2024-06-04 04:29:12.553571+00:00,46.432763,13.160107,14.891406,84.4821,3.80198,2.115465149795666,33,33,0.224753,1.043,0.881448,2024-06-04,999,0.15306435442480995,0,0,32.91350430447664,16,17,15,0.9298158485323249,0.8587546212879447,0.0959844321745851,15,986
4,2024-06-04 11:48:17.432450+00:00,44.398596,10.014566,48.846875,285.009,10.9632,8.252339850006178,9,9,0.349855,18.3536,7.61503,2024-06-04,999,0.4674098163785147,0,0,9.0,5,4,4,2.1422923594943155,2.2265356245149204,0.22391048155449614,4,987
9,2024-06-04 13:03:16.657721+00:00,45.337573,14.512756,5.053125,253.794,23.5755,6.040341629411369,22,22,0.571946,4.77281,2.16073,2024-06-04,999,0.7109506113152086,0,0,27.0,16,6,6,1.3739843415182846,1.3268044646293873,0.09559282694196287,6,988
6,2024-06-04 13:26:13.983952+00:00,44.397835,10.641897,24.80625,125.708,6.78308,7.161692607198384,9,9,0.351634,7.47362,3.694,2024-06-04,999,0.5299811683070631,0,0,9.0,5,4,4,1.6609933000723198,1.605261552211506,0.1581140359196552,4,989
17,2024-06-04 13:28:13.265600+00:00,46.633683,12.655968,10.565625,150.093,7.92833,5.873023633529836,12,12,0.0975368,5.69,1.69779,2024-06-04,999,0.10787542268851907,0,0,11.852945845999077,6,6,6,0.900984802822,0.9503536183307902,0.0750962865949776,5,990
8,2024-06-04 14:28:32.441953+00:00,46.183735,13.539663,11.580078,84.8224,7.15513,2.0370791589921096,23,23,0.157244,1.07328,0.727681,2024-06-04,999,0.1811502277743211,0,0,22.606916955671096,11,12,11,0.6882989067174974,0.7759446870432749,0.10603851089547435,10,991
20,2024-06-04 15:16:47.012262+00:00,45.755193,14.139266,14.585156,94.3949,16.4547,5.031844045675501,15,15,0.205737,1.50806,1.18328,2024-06-04,999,0.14122144588392482,0,0,14.918917813041075,7,8,6,0.5092057115694706,0.5296566612099617,0.09905860008826149,6,992
13,2024-06-04 17:12:57.752215+00:00,45.817429,11.008364,9.761719,69.2165,8.74654,3.3511860437761434,19,19,0.364854,1.60772,1.24319,2024-06-04,999,0.2963468716116984,0,0,19.0,9,10,9,0.8471840704836202,0.8635297091148435,0.14238280843597648,8,993
25,2024-06-04 17:58:38.460295+00:00,46.03857,14.717413,1.301562,170.109,7.12889,7.237298736407113,6,6,0.17052,10.8946,3.04611,2024-06-04,999,0.12091607054416217,0,0,6.0,3,3,3,-0.288626855080413,-0.3694541667812188,0.14062351998464612,3,994
23,2024-06-04 18:06:22.453831+00:00,45.863826,14.700997,8.192188,114.613,12.7038,6.231967024944852,9,9,0.306854,2.41213,1.51811,2024-06-04,999,0.1366187196774574,0,0,9.0,5,4,4,0.037483739952019444,0.039217021737862456,0.168235237110199,3,995
22,2024-06-04 19:37:06.504891+00:00,44.479584,10.674077,0.153125,180.807,12.3112,22.48779090973589,7,7,0.229863,22.2742,7.09789,2024-06-04,999,0.47907299937333164,0,0,6.605105943842528,4,3,3,0.9225871128042863,0.8767333156096415,0.13407758806752723,3,996
5,2024-06-04 20:10:20.020330+00:00,45.491056,14.482085,10.489063,199.688,8.92957,5.053286287160069,10,10,0.243901,3.1673,2.52791,2024-06-04,999,0.12237060276332629,0,0,10.0,5,5,5,0.26039430479916514,0.29389555790068367,0.09874182985940844,5,997
12,2024-06-04 22:53:24.167985+00:00,44.645773,10.192534,20.289062,185.598,12.0233,6.237883455147267,10,10,0.299323,3.72243,2.70821,2024-06-04,999,0.3161966557365917,0,0,10.0,5,5,5,1.361017181369635,1.5442328068131403,0.1990059746929138,5,998
10,2024-06-04 23:17:00.865320+00:00,45.490848,14.486856,10.795312,199.821,9.27348,5.390518453729659,11,11,0.263665,3.03074,1.79631,2024-06-04,999,0.15091516280394907,0,0,11.0,5,6,5,0.34553856516736625,0.45101945595298853,0.1345373264397162,5,999
11,2024-06-04 23:26:35.209750+00:00,45.95277,12.9563,0.076563,206.268,3.03844,6.125473777594677,6,6,0.0364436,8.43411,7.55631,2024-06-04,999,0.5783623231046836,0,0,6.903336213014983,3,3,3,0.43148400813523424,0.43148400813523424,0.17741439907251744,2,1000
16,2024-06-04 23:28:05.146168+00:00,46.350773,13.664765,6.660937,134.898,12.8031,4.273558493808175,14,14,0.210006,1.49965,0.937193,2024-06-04,999,0.19322772653696593,0,0,14.996009632374635,7,7,6,0.11704493935268483,0.10836033208207574,0.08224746594887297,6,1001
15,2024-06-04 23:57:08.617391+00:00,46.05048,13.259915,0.382812,246.152,11.1368,7.04027243791034,6,6,0.135887,10.6694,7.14711,2024-06-04,999,0.7494730973595226,0,0,6.0,3,3,3,0.9088975936283723,0.9088975936283723,0.27131678884770105,2,1002
7,2024-06-05 01:30:38.335608+00:00,44.476067,10.514022,25.571875,150.765,10.2308,13.294016022256027,8,8,0.30549,11.11,7.84615,2024-06-05,999,0.6408157329684553,0,0,7.994760147929123,4,4,3,1.0087930815511001,1.023683724935404,0.14460307573390324,3,1003
6,2024-06-05 01:38:43.175098+00:00,46.061646,12.946161,0.076563,246.368,11.3929,7.594655225880896,6,6,0.19153,8.68537,4.15332,2024-06-05,999,0.41031559391705524,0,0,6.0,3,3,3,1.0251161677926395,1.0251161677926395,0.13880085808702097,2,1004
13,2024-06-05 02:15:57.528142+00:00,46.070052,10.609958,6.010156,77.358,7.61362,3.3440841496589164,24,24,0.435578,1.38532,1.16469,2024-06-05,999,0.3253546933809359,0,0,25.0,12,12,10,0.9715420401978577,0.9753352492373225,0.08613172515232279,9,1005
14,2024-06-05 02:16:08.588277+00:00,46.061813,10.613422,4.938281,180.37,7.73214,3.834911315793365,12,12,0.283546,3.05318,1.46508,2024-06-05,999,0.1532431322006462,0,0,12.0,6,6,6,,,,0,1006
8,2024-06-05 03:13:21.006993+00:00,46.406881,14.218073,9.49375,199.354,19.545,4.398808759198335,26,26,0.210245,2.61711,1.26604,2024-06-05,999,0.28970544985592994,0,0,25.832918867434145,13,13,11,0.7356488956894041,0.6808701063353281,0.0695326086305165,10,1007
11,2024-06-05 05:22:03.897516+00:00,46.309993,13.155245,2.890234,198.135,3.31583,2.6480699386534337,8,8,0.0326588,2.07963,0.538937,2024-06-05,999,0.04663660674775608,0,0,7.966974024436006,4,4,4,0.21601594948226333,0.17278620792655752,0.15337589311552582,4,1008
5,2024-06-05 09:24:23.017392+00:00,45.991072,12.457928,0.038281,230.801,2.52705,4.4698966990300795,6,6,0.121141,4.96789,3.43638,2024-06-05,999,0.5998713573166207,0,0,6.0,3,3,3,0.5753729197544332,0.5753729197544332,0.31827561272471205,2,1009
15,2024-06-05 10:59:50.936377+00:00,46.055013,13.643949,6.373828,106.352,7.55551,2.152494111490203,20,20,0.118333,1.03169,0.738951,2024-06-05,999,0.419172004581943,0,0,20.0,12,8,8,1.0241967975299207,1.0189469327190586,0.0764473952256409,8,1010
16,2024-06-05 13:37:50.225567+00:00,46.370923,13.100009,1.722656,190.095,3.70697,3.2683964569800894,12,12,0.161701,1.99202,0.776195,2024-06-05,999,0.1914229323971697,0,0,11.323069212975533,7,5,5,0.422468706501058,0.4288525786450621,0.15196640925644497,4,1011
0,2024-06-05 17:25:00.802254+00:00,46.35983,13.209959,6.622656,188.726,9.69766,4.671459151057622,11,11,0.116002,1.91149,0.944967,2024-06-05,999,0.21250827949774603,0,0,11.0,6,5,5,0.19973501492285028,0.16132518320003775,0.1345065857908285,5,1012
12,2024-06-05 18:14:45.640718+00:00,46.335856,13.190099,1.339844,246.1,7.10163,3.7278314741951517,9,9,0.0937517,1.86614,0.711113,2024-06-05,999,0.5233877877972622,0,0,10.07748115412995,4,5,4,0.38778830923882124,0.25784328109983057,0.21714923439131287,4,1013
3,2024-06-05 20:20:44.060281+00:00,46.316171,13.17419,2.947656,215.404,5.8546,4.153360567058921,6,6,0.0485883,4.25419,2.74238,2024-06-05,999,0.04045680988178401,0,0,6.0,3,3,3,-0.3205345722077919,-0.3205345722077919,0.012293922148899572,2,1014
1,2024-06-05 21:52:00.076105+00:00,46.325913,13.025337,8.230469,135.611,3.95794,1.799775413766951,9,9,0.0943342,1.22489,1.04718,2024-06-05,999,0.10464123618640024,0,0,9.0,4,5,4,-0.04767778958652369,-0.04767778958652369,0.04813816839540519,2,1015
2,2024-06-05 22:37:42.149372+00:00,45.885079,10.900471,5.550781,176.784,6.57473,4.126954785310835,6,6,0.0233106,4.57681,1.35448,2024-06-05,999,0.01679920019858745,0,0,6.0,3,3,3,0.013692168411002958,0.013692168411002958,0.20983233651942856,2,1016
1,2024-06-06 00:17:12.679676+00:00,46.146024,14.379244,6.622656,145.174,11.6755,5.595187458879282,8,8,0.179681,2.12218,1.35404,2024-06-06,999,0.04614036486679956,0,0,8.0,4,4,4,-0.13221208114493876,-0.0928612708851222,0.17534213529477,4,1017
13,2024-06-06 01:17:04.716893+00:00,45.903285,14.617235,7.005469,63.6291,13.959,3.250103382971071,94,94,0.724382,1.43922,1.14833,2024-06-06,999,0.6193075726288041,0,0,107.06359321989146,46,48,38,2.0382524910985818,2.045367380817496,0.03713645453281053,33,1018
5,2024-06-06 02:14:50.842460+00:00,46.112947,13.023219,8.421875,247.954,16.7156,11.46255338046458,6,6,0.241176,14.7809,4.62642,2024-06-06,999,0.5642339765722901,0,0,6.0,3,3,3,0.9917324610914648,0.9917324610914648,0.18332566942599637,2,1019
8,2024-06-06 02:58:29.041260+00:00,44.55713,11.863043,2.603125,228.339,14.8606,10.62954284059291,6,6,0.0958367,20.7714,11.0139,2024-06-06,999,0.45497769448901115,0,0,5.6874004617056295,3,3,3,1.400358460252054,1.400358460252054,0.036310324095777724,2,1020
9,2024-06-06 05:19:17.594515+00:00,45.816367,12.03197,8.919531,166.65,2.63955,2.2046123922358776,13,13,0.134871,2.24328,1.00122,2024-06-06,999,0.3826595469399902,0,0,13.0,6,7,6,1.009981404938673,1.0546657901533592,0.08658574223867527,5,1021
3,2024-06-06 06:53:23.584926+00:00,45.702953,14.181809,9.761719,119.73,19.1436,7.691735824896744,11,11,0.148457,1.22661,1.06134,2024-06-06,999,0.4646216495073523,0,0,11.0,6,5,5,0.21088674252767556,0.19092588003005284,0.08084382470123373,5,1022
2,2024-06-06 08:49:37.155710+00:00,45.924555,13.685794,4.364063,245.581,8.08864,8.425853487926311,16,16,0.259593,3.65695,2.51339,2024-06-06,999,0.40191031465048177,0,0,18.0,10,6,6,1.0946162130457457,1.0490659413208263,0.09942044158946614,6,1023
11,2024-06-06 09:03:29.744230+00:00,45.808838,14.299673,8.421875,181.075,17.9352,8.843859847374334,10,10,0.176868,3.26636,1.6636,2024-06-06,999,0.2525847423175242,0,0,10.0,5,5,5,0.5050073659561296,0.49031492318654724,0.048959263389577505,4,1024
0,2024-06-06 09:03:51.399276+00:00,45.807216,14.285685,4.861719,184.539,13.1223,6.302373600477839,9,9,0.142553,3.21631,1.14125,2024-06-06,999,0.3550677248417846,0,0,8.635522621042206,5,4,4,1.0665808640431527,0.998108546980167,0.23421629531973812,4,1025
4,2024-06-06 11:15:19.482358+00:00,46.081822,14.63376,11.522656,99.0463,5.68529,2.339946089122568,82,82,0.57302,1.77387,1.42676,2024-06-06,999,0.49603569061305236,0,0,83.84811949679766,45,37,35,1.9453325637513585,1.9276862771575325,0.04931397726338453,32,1026
12,2024-06-06 14:30:02.682219+00:00,45.578896,10.320832,8.919531,71.7231,1.88113,4.303959026291955,41,41,0.365187,1.93636,1.25712,2024-06-06,999,0.5547677685704322,0,0,43.59282773025881,24,17,16,1.8890020358221102,1.862946053278863,0.10102865056508221,15,1027
6,2024-06-06 16:11:34.670947+00:00,46.217762,13.027196,12.383984,20.3415,3.9836,1.0522300271328509,134,134,0.241964,0.483104,0.452723,2024-06-06,999,0.37694306907009023,0,0,135.00990622043219,66,68,65,1.8583475330568668,1.8260719957065707,0.04597119936813267,65,1028
10,2024-06-06 19:19:48.041919+00:00,46.329163,13.182355,3.713281,236.303,6.1541,3.5630453266833415,9,9,0.0845995,1.75552,0.613391,2024-06-06,999,0.05735666864616975,0,0,9.0,4,5,4,0.4311979120343364,0.38461455803846245,0.13551712662320867,4,1029
7,2024-06-06 23:17:34.869619+00:00,46.201134,13.049475,6.814063,214.753,2.3294,4.103821097465142,7,7,0.146114,7.4449,5.49437,2024-06-06,999,0.6449133335723017,0,0,6.89642976335744,4,3,3,0.678740139823671,0.678740139823671,,1,1030
0,2024-06-07 01:19:49.762105+00:00,46.628771,13.648795,5.703906,274.469,0.565782,3.0268810845489122,8,8,0.0370494,3.63744,1.88159,2024-06-07,999,0.06066191738159074,0,0,8.0,4,4,4,-0.04512895849650045,-0.050596705954534915,0.02162360359449042,4,1031
13,2024-06-07 01:22:26.632028+00:00,46.071155,14.667252,12.479687,98.5084,4.30113,4.715835652352613,10,10,0.31771,2.94162,1.77124,2024-06-07,999,0.19176537711393385,0,0,10.0,5,5,5,0.028069041110269033,0.02261135493599431,0.1284421805569703,4,1032
11,2024-06-07 03:33:43.963102+00:00,46.649843,13.668139,8.192188,224.019,3.011,3.238161283815246,34,34,0.300161,2.1175,2.02037,2024-06-07,999,0.23140572062042308,0,0,35.0,19,15,14,1.1781863153883823,1.0895001360957388,0.07191292351540515,14,1033
10,2024-06-07 04:10:13.565046+00:00,46.818239,9.596275,4.632031,153.544,5.61862,4.04145773205659,10,10,0.166623,1.73702,1.19527,2024-06-07,999,0.179735875898676,0,0,10.0,6,4,4,1.7459281139415446,1.7292738449209253,0.02982553746126484,3,1034
15,2024-06-07 10:55:28.941862+00:00,46.630106,10.552301,2.832813,247.064,21.9936,11.628724779613627,6,6,0.207592,17.0031,8.75686,2024-06-07,999,0.14516516699248166,0,0,6.0,3,3,3,0.3133570208931771,0.3133570208931771,0.0033933557077565624,2,1035
17,2024-06-07 14:09:42.345535+00:00,46.529377,12.64473,0.019141,121.343,1.94806,2.617034715092637,12,12,0.148074,2.18843,0.714303,2024-06-07,999,0.44046162555803015,0,0,10.6306782020807,6,6,6,0.6868731728621071,0.6786976682534357,0.02784917664841316,4,1036
1,2024-06-07 20:48:35.447197+00:00,46.36657,13.655628,0.650781,197.265,10.9847,5.746546528133223,6,6,0.0619194,5.52996,3.72982,2024-06-07,999,0.05817368295916103,0,0,6.0,3,3,3,-0.2657455230030013,-0.29913871858863716,0.14381381819028413,3,1037
3,2024-06-07 22:50:05.912272+00:00,45.636609,13.934671,0.019141,149.826,3.11271,2.9640164304537855,8,8,0.110974,2.4202,0.766743,2024-06-07,999,0.34971668234356734,0,0,7.948943002349103,4,4,4,0.17277579524359105,0.17277579524359105,0.3380738899434565,2,1038
6,2024-06-08 06:16:13.260324+00:00,46.308543,13.131454,9.551172,114.093,2.82494,1.2610151069673987,20,20,0.109036,1.02002,0.668238,2024-06-08,999,0.16171489048218735,0,0,20.0,9,11,9,0.48383132746615004,0.4210260781335349,0.08300788673034948,7,1039
12,2024-06-08 06:25:09.197166+00:00,45.755483,14.139892,6.354687,176.359,23.6851,13.224049833541915,8,8,0.224679,3.06576,2.38027,2024-06-08,999,0.19928447719935832,0,0,8.0,4,4,4,0.3436402070377318,0.285730650446258,0.0863897454891121,3,1040
7,2024-06-08 08:59:34.232840+00:00,45.676829,10.731893,1.799219,95.815,4.33841,3.3813083858175372,12,12,0.124873,1.60634,0.706316,2024-06-08,999,0.2636931449932402,0,0,12.0,6,6,6,0.8331860289455356,0.8658085589944197,0.05680769788763074,6,1041
8,2024-06-08 09:33:22.844222+00:00,46.316132,13.175403,0.038281,169.013,5.94818,3.645650518083158,8,8,0.0908314,2.28473,1.05672,2024-06-08,999,0.48156467955988286,0,0,9.0,4,4,4,-0.18057953908691085,-0.2085633120891277,0.06974455644393343,3,1042
10,2024-06-08 12:22:58.577680+00:00,46.335246,12.883701,6.546094,130.894,7.44373,2.2280889120499654,21,21,0.167564,0.962151,0.57078,2024-06-08,999,0.33483117619271763,0,0,21.0,10,11,10,0.3747961094270698,0.35430290441626466,0.11564661728292737,6,1043
4,2024-06-08 16:25:50.557781+00:00,46.024865,14.636934,3.024219,117.121,8.72337,5.019249814464309,8,8,0.13264,2.38214,0.972693,2024-06-08,999,0.12650179286582092,0,0,8.0,4,4,4,0.02593213291797336,-0.027487912353383326,0.1741992285231816,4,1044
0,2024-06-08 17:02:39.091982+00:00,46.291985,13.632359,3.521875,148.532,10.75,3.9897463703849647,10,10,0.13064,1.28151,0.703239,2024-06-08,999,0.015502324602582806,0,0,10.0,5,5,5,0.31283053058649085,0.33091753528632495,0.08700467547232656,4,1045
1,2024-06-08 17:49:37.614886+00:00,46.291018,13.632893,4.325781,148.269,10.6481,4.44473624639303,10,10,0.169866,1.37427,0.839946,2024-06-08,999,0.06697378391144251,0,0,10.0,5,5,5,0.17329950252354548,0.20094632194624917,0.07602553810374928,4,1046
14,2024-06-08 19:25:20.457023+00:00,46.295484,13.635963,5.493359,103.32,10.8092,2.938077143303082,30,30,0.209584,0.78108,0.566141,2024-06-08,999,0.3614352336979056,0,0,31.0,15,15,14,0.7600342141117808,0.75979930425617,0.06920210967257613,12,1047
15,2024-06-08 23:32:13.220717+00:00,46.194772,12.989648,12.403125,280.068,6.23651,8.038009081856028,6,6,0.0902108,13.7561,3.83396,2024-06-08,999,0.6406634347899731,0,0,6.0,3,3,3,1.1351027724999199,1.1351027724999199,0.18657129884399226,2,1048
10,2024-06-09 02:48:11.176460+00:00,45.588912,14.320432,0.076563,113.661,8.27753,4.671821850199342,81,81,0.71575,3.62925,1.77987,2024-06-09,999,0.5673787703813477,0,0,102.68016759156194,40,41,34,1.6904130919892866,1.719184715861696,0.04307540686041983,30,1049
14,2024-06-09 13:40:37.771500+00:00,46.260245,13.339201,4.249219,238.726,4.51693,3.418163410371131,7,7,0.06732,2.82787,1.67949,2024-06-09,999,0.3392769504210182,0,0,6.979919304247083,3,4,3,0.2757618239086514,0.2758168005581887,0.0514063080193596,3,1050
16,2024-06-09 19:55:41.209601+00:00,44.543501,10.595277,28.328125,279.453,18.3836,10.693494283909258,6,6,0.199311,8.95982,8.39799,2024-06-09,999,0.18186079880047015,0,0,6.0,3,3,3,1.156615909909431,1.1738101457495225,0.16960506901274144,3,1051
12,2024-06-09 23:15:55.613150+00:00,45.846689,11.085065,8.153906,196.475,8.8767,5.157826509296333,6,6,0.0412188,4.43243,3.19645,2024-06-09,999,0.020184547153222984,0,0,6.0,3,3,3,0.07288508577466857,0.07288508577466857,0.005835116632022297,2,1052
1,2024-06-10 02:17:23.651098+00:00,46.199975,14.320358,14.164063,119.929,14.0449,5.7364234589158425,10,10,0.264757,2.34769,1.88837,2024-06-10,999,0.1912624174994699,0,0,10.0,5,5,4,0.4258352551254286,0.40169255938961845,0.15829836888480364,4,1053
7,2024-06-10 02:23:03.665505+00:00,45.94007,12.916886,0.995313,237.65,6.40774,4.9935278010640936,6,6,0.0528159,7.0444,2.01791,2024-06-10,999,0.37409456699307103,0,0,6.0,3,3,3,0.6578718392233323,0.6578718392233323,,1,1054
9,2024-06-10 02:33:19.725928+00:00,45.972812,14.572923,3.330469,169.502,8.64603,5.2090185735894625,7,7,0.18565,3.56585,1.42131,2024-06-10,999,0.060549012820826933,0,0,7.0,3,4,3,0.21544058635564534,0.21544058635564534,0.25767515930868556,2,1055
6,2024-06-10 02:55:15.636212+00:00,45.983022,12.999255,6.048438,193.612,2.16166,7.307414727521629,7,7,0.0851113,11.0807,1.41386,2024-06-10,999,0.3779949926692361,0,0,6.989382364442472,4,3,3,0.7382970501627311,0.7382970501627311,0.11189064991784448,2,1056
15,2024-06-10 07:02:47.209289+00:00,46.045646,12.347169,0.038281,151.348,4.66707,3.5899214197528058,7,7,0.0681663,2.81132,1.58345,2024-06-10,999,0.16606783818702073,0,0,7.0,4,3,3,0.9259251678204907,0.9990678308722067,0.18810083699818506,3,1057
4,2024-06-10 08:18:36.626857+00:00,46.04141,13.631744,7.426563,211.455,10.4104,6.131147527176295,8,8,0.0380565,4.42234,2.40505,2024-06-10,999,0.02424329336721135,0,0,7.966377393830613,4,4,4,0.44466156562176506,0.44466156562176506,0.23551750330832955,2,1058
10,2024-06-10 15:35:34.147855+00:00,46.458239,10.259021,0.076563,264.99,8.91744,5.305932048189082,6,6,0.0267643,10.482,2.63896,2024-06-10,999,0.06669931695021797,0,0,6.0,3,3,3,0.31794439473726444,0.4595372826633424,0.33907503216656104,3,1059
19,2024-06-10 21:13:03.898299+00:00,45.986048,13.064678,4.057813,259.248,6.14909,7.673977521468251,6,6,0.186771,10.3353,5.44132,2024-06-10,999,0.5338896919425283,0,0,5.978622658889538,3,3,3,1.7009737297678846,1.7009737297678846,0.00329750855858002,2,1060
17,2024-06-10 23:36:32.247788+00:00,46.207298,13.695735,8.077344,80.2867,3.92765,1.9355408546450266,18,18,0.258705,1.18414,0.962357,2024-06-10,999,0.400748983061307,0,0,18.0,9,9,8,0.5222484820110294,0.46112830892594037,0.12469685505479887,7,1061
8,2024-06-11 00:45:22.797425+00:00,45.95823,13.015199,5.550781,175.533,0.997184,4.038049851103872,7,7,0.111404,5.09511,4.43667,2024-06-11,999,0.7869497999495414,0,0,7.0,3,4,3,1.729747223958463,1.729747223958463,,1,1062
2,2024-06-11 01:38:07.524932+00:00,46.549676,10.400028,0.038281,174.415,8.44743,5.113530346052519,9,9,0.195069,3.1967,2.90811,2024-06-11,999,0.10181985429893962,0,0,9.0,5,4,4,0.6926292794108458,0.7930702243226389,0.231165826781324,4,1063
3,2024-06-11 02:37:52.373671+00:00,46.542358,10.345912,0.019141,200.717,7.63018,3.1135894077414896,6,6,0.0687329,4.53673,2.58556,2024-06-11,999,0.00950544967026962,0,0,6.0,3,3,3,-0.20337437140797876,-0.20337437140797876,0.028085974779822553,2,1064
5,2024-06-11 02:59:38.410794+00:00,45.476738,14.448499,13.321875,205.207,7.77839,4.155968984484845,12,12,0.223991,3.39039,1.71136,2024-06-11,999,0.3001619929034728,0,0,12.0,6,6,6,0.7241362446391628,0.6213665127365323,0.15854556238767123,6,1065
11,2024-06-11 09:00:42.265857+00:00,46.28739,14.191989,7.579688,289.839,15.1932,5.2499113611564905,13,13,0.137243,3.78574,2.91603,2024-06-11,999,0.1840554769002135,0,0,13.0,7,6,6,0.8388397819384057,0.8392906133619925,0.054958256907506484,6,1066
0,2024-06-11 10:33:03.454635+00:00,46.115175,11.179317,0.535938,222.666,13.9908,6.221195463895986,6,6,0.0372033,5.74339,4.13796,2024-06-11,999,0.020119005948758407,0,0,6.0,3,3,3,0.4984319686675165,0.4984319686675165,0.025274898977687643,2,1067
7,2024-06-11 11:39:10.032936+00:00,44.342948,10.699515,29.246875,187.875,8.93342,10.32274435409499,8,8,0.2473,15.731,6.72376,2024-06-11,999,0.5702362501175146,0,0,8.0,4,4,4,1.7406125250787952,1.6686982692130534,0.17112384497779534,4,1068
10,2024-06-11 15:48:42.748779+00:00,46.326412,13.164849,1.435547,199.644,5.17964,2.9240525987061177,10,10,0.0507745,1.76487,0.3986,2024-06-11,999,0.09145742770659837,0,0,9.999783259759305,5,5,5,0.5107295559309377,0.6113881794725737,0.1542389073475612,5,1069
4,2024-06-11 19:10:27.784934+00:00,45.494565,14.94342,36.290625,288.283,11.2053,9.030096732593732,8,8,0.378855,12.214,8.28888,2024-06-11,999,0.5316831043723181,0,0,9.0,5,3,3,0.9136124112949786,0.8924860417503624,0.16960404830251566,3,1070
13,2024-06-11 20:31:27.040969+00:00,46.160107,12.215231,9.053516,62.2096,1.63787,1.6002046556612688,39,39,0.290111,0.876504,0.826242,2024-06-11,999,0.4183530602439982,0,0,39.9990853671111,19,20,18,1.1484899803081892,1.1246102585076476,0.08315918779914203,17,1071
12,2024-06-11 20:32:06.239661+00:00,46.168984,12.206881,9.225781,144.951,2.51781,2.236911933894582,26,26,0.281918,1.57325,1.21555,2024-06-11,999,0.33873940256573254,0,0,26.370215502044733,13,13,12,0.6926995987972518,0.7114590619251417,0.029490470561929914,7,1072
6,2024-06-11 23:41:17.157675+00:00,46.286987,13.208068,4.057813,183.298,14.0496,6.644604502903088,7,7,0.195035,8.43778,1.41096,2024-06-11,999,0.5493326076141598,0,0,7.451348608878858,3,4,3,1.0193236606688836,1.0193236606688836,0.18777808610616054,2,1073
0,2024-06-12 00:34:07.532479+00:00,45.397339,14.282561,11.101563,238.4,16.4346,6.0088184362651536,11,11,0.208,4.06047,1.90691,2024-06-12,999,0.32620980320458304,0,0,11.0,6,5,5,0.4677127143547768,0.5462415454261966,0.09489936618034461,5,1074
10,2024-06-12 03:50:46.435868+00:00,45.937454,10.737653,0.957031,143.074,10.0929,6.455084817413324,6,6,0.123473,3.60779,2.26785,2024-06-12,999,0.1400257766401449,0,0,6.0,3,3,3,0.6594619291416203,0.6330038647556382,0.04013570200170119,3,1075
6,2024-06-12 11:50:20.116648+00:00,45.746876,13.84568,2.679688,164.376,7.62302,5.712231639210721,11,11,0.334251,3.44133,2.65487,2024-06-12,999,0.23736870383874575,0,0,11.0,7,4,4,1.2770586052247106,1.3393774179879165,0.23701353515907866,4,1076
3,2024-06-12 20:13:45.868564+00:00,44.499256,10.200212,23.198438,146.81,10.7996,5.297149563680452,10,10,0.186769,3.49559,2.41597,2024-06-12,999,0.2129108274135561,0,0,10.0,5,5,5,1.9411928489359354,1.9185620060874835,0.13487198440537407,5,1077
3,2024-06-13 00:05:47.694848+00:00,46.270011,13.325616,7.445703,152.968,3.77983,1.6733452273813674,14,14,0.100951,1.0229,0.613063,2024-06-13,999,0.12932791263880436,0,0,14.0,7,7,7,0.6345279054312999,0.5887907115054857,0.12566316133294675,6,1078
13,2024-06-13 00:16:10.865811+00:00,46.220708,12.029276,1.607812,189.674,7.05313,4.715042131306994,6,6,0.1045,5.58173,2.34959,2024-06-13,999,0.13229712835983357,0,0,6.0,3,3,3,0.49193561895550986,0.49193561895550986,0.012298864712557367,2,1079
16,2024-06-13 01:29:13.529612+00:00,45.988115,13.079307,1.454688,194.397,6.65119,4.65538521499564,6,6,0.0854449,3.55353,3.33056,2024-06-13,999,0.19164594793699366,0,0,6.0,3,3,3,0.7453167803118698,0.7567053308596939,0.12060991420155062,3,1080
15,2024-06-13 02:31:47.120340+00:00,46.290301,12.856027,0.229688,240.434,5.32806,3.014470417834615,6,6,0.0277709,5.08643,0.770129,2024-06-13,999,0.07007662369857605,0,0,6.0,3,3,3,0.1935367161158076,0.17275137270065333,0.062051823726759756,3,1081
0,2024-06-13 02:50:02.751518+00:00,44.452327,9.999751,16.460938,241.294,6.69746,4.461905411368556,11,11,0.252205,4.7466,3.48578,2024-06-13,999,0.4357518345584294,0,0,11.0,6,5,5,2.2589794418262215,2.251052829568926,0.25293783796770547,5,1082
12,2024-06-13 08:20:20.448739+00:00,45.990646,13.058933,9.340625,125.997,5.7667,6.888619890805415,14,14,0.224466,3.0718,2.24851,2024-06-13,999,0.2831589761217578,0,0,13.902073597144431,7,7,7,0.9261847368975926,0.8487821144136678,0.07741054988565056,7,1083
11,2024-06-13 10:04:33.591242+00:00,46.132662,11.19196,6.507812,211.465,14.3229,5.779078957757887,7,7,0.100434,4.54519,1.28922,2024-06-13,999,0.1511982575359976,0,0,7.0,4,3,3,0.6496227358295886,0.6496227358295886,0.0038734727721047024,2,1084
7,2024-06-13 12:46:39.895835+00:00,45.888302,11.340677,6.010156,146.808,11.8525,4.397195458471229,11,11,0.150263,1.67068,1.02114,2024-06-13,999,0.28452461620731684,0,0,11.0,5,6,5,1.0238504127023382,1.0017708767556546,0.02828689106067429,4,1085
5,2024-06-13 13:52:20.941353+00:00,45.638102,10.631408,9.225781,172.913,2.6278,1.5784101779955677,27,27,0.24184,1.51366,0.952986,2024-06-13,999,0.3937672607305605,0,0,28.0,14,13,13,1.3497097004433045,1.4157372510760469,0.06604187818483452,13,1086
4,2024-06-13 13:54:56.547124+00:00,45.634887,10.637345,9.225781,120.285,3.16561,1.6873133052281666,27,27,0.262024,1.44606,1.29402,2024-06-13,999,0.34681376761397303,0,0,27.0,14,13,12,1.2235982217085208,1.2492262353024501,0.06584120929816413,11,1087
6,2024-06-13 15:18:46.742862+00:00,45.530099,14.330371,9.914844,180.609,3.94687,3.2193236401455505,12,12,0.205073,2.18882,1.72907,2024-06-13,999,0.24375193104533072,0,0,13.0,6,6,6,0.4321549957701153,0.38806392515761745,0.0976191073905714,5,1088
8,2024-06-13 17:23:09.719835+00:00,45.879863,14.618696,8.613281,60.9292,14.9373,3.827770865660587,24,24,0.366793,1.31345,1.04886,2024-06-13,999,0.20934417833799046,0,0,24.0,14,10,10,1.0872524227442741,1.1168070021479286,0.07806807644452697,9,1089
1,2024-06-13 22:46:53.288436+00:00,46.510703,12.577184,1.933203,135.616,5.71096,2.6037756047708873,8,8,0.0904529,1.5475,0.592304,2024-06-13,999,0.14538082560540364,0,0,8.0,4,4,4,0.07044923977131286,0.07155457469307458,0.20522696801580073,3,1090
9,2024-06-13 22:51:27.774956+00:00,46.068184,14.180599,8.804688,65.4956,6.40659,3.436450407033397,43,43,0.417961,1.40494,0.895142,2024-06-13,999,0.5030314064341926,0,0,43.0,22,21,20,0.955573041311934,0.8649916013355574,0.06968265918861136,18,1091
9,2024-06-14 00:04:25.046238+00:00,46.296493,13.216607,1.799219,326.564,6.70714,3.0745423236638,6,6,0.0289102,6.09116,1.36819,2024-06-14,999,0.543905368591214,0,0,6.0,3,3,3,-0.2599719569117701,-0.2599719569117701,0.0002433510876235223,2,1092
15,2024-06-14 00:08:31.267779+00:00,45.838429,12.117305,6.852344,210.371,3.10271,4.600715813870707,9,9,0.195583,3.56701,1.76689,2024-06-14,999,0.2724625432585388,0,0,8.742076253834082,4,5,4,0.5290257241059142,0.5865435236447538,0.1787936375026827,4,1093
4,2024-06-14 01:15:03.712672+00:00,46.083214,12.081066,5.895313,171.838,13.7967,10.363170750306105,6,6,0.0425894,8.76566,6.45932,2024-06-14,999,0.6833182318190149,0,0,7.0,3,3,3,,,,0,1094
11,2024-06-14 02:57:59.448062+00:00,46.295947,13.670926,5.014844,111.003,9.10403,4.020734472705205,8,8,0.183815,2.6699,0.932145,2024-06-14,999,0.12287275590766203,0,0,8.0,3,5,3,0.1433286971985408,0.15411424584506173,0.07223358336366126,3,1095
12,2024-06-14 07:37:37.016823+00:00,46.264603,12.817426,3.483594,198.246,5.71421,2.8656860784112412,8,8,0.0576857,4.3197,0.349278,2024-06-14,999,0.12068186650071618,0,0,8.0,4,4,4,0.29822347821462875,0.3520507767733314,0.12481328654347536,3,1096
6,2024-06-14 07:53:30.284413+00:00,45.845091,10.992845,11.254688,68.3946,7.78146,2.8464420774011896,22,22,0.327209,1.1907,1.0975,2024-06-14,999,0.23435729920492826,0,0,22.0,11,11,11,0.987550273948432,0.9144276232870336,0.0717463339742365,10,1097
18,2024-06-14 08:08:24.501249+00:00,45.580482,13.904757,8.192188,208.703,5.33734,4.057601730086382,8,8,0.141312,7.00811,1.11454,2024-06-14,999,0.3237922678357478,0,0,8.0,5,3,3,0.8858200680950882,0.8907394523372432,0.09918628820790787,3,1098
7,2024-06-14 08:48:21.127379+00:00,46.138604,13.517277,6.852344,194.28,7.6281,3.619529651764162,9,9,0.106037,3.00011,0.681401,2024-06-14,999,0.1793004682170515,0,0,9.0,5,4,4,0.622211721501472,0.6460961480773862,0.06909868709051929,4,1099
8,2024-06-14 10:25:02.130284+00:00,46.263414,12.814926,2.794531,196.218,5.85553,2.774491016384807,8,8,0.0457023,2.45425,0.463783,2024-06-14,999,0.11724649009236829,0,0,8.0,4,4,4,0.23673546301474446,0.23938532017261072,0.07469127548348818,4,1100
3,2024-06-14 10:42:30.088039+00:00,46.057165,13.649856,5.742188,102.48,7.8537,2.6826894714073783,21,21,0.178197,1.06244,0.702323,2024-06-14,999,0.40664361625929113,0,0,19.603831527501654,13,8,8,0.9959439315286112,1.0363583132241412,0.08605189589066102,8,1101
1,2024-06-14 13:45:35.130094+00:00,46.018267,14.962098,5.589063,162.394,5.52293,5.037404123157085,17,17,0.335382,2.76132,1.72108,2024-06-14,999,0.31833181263992893,0,0,17.0,10,7,7,0.9203408513314594,0.9456498540290494,0.08824125994122747,6,1102
10,2024-06-14 14:03:00.308715+00:00,45.903674,12.294062,19.255469,182.61,8.43275,3.9514020676210615,37,37,0.361703,2.56623,1.1829,2024-06-14,999,0.5297531598337617,0,0,38.0,18,19,18,1.4479968354480262,1.4326823572926335,0.059975021375476945,16,1103
14,2024-06-14 14:34:05.604280+00:00,46.419984,12.775406,4.191797,86.3444,2.65758,2.2721643646532264,17,17,0.175693,0.797996,0.619087,2024-06-14,999,0.18726484435137247,0,0,16.999941518577714,9,8,8,0.6084810844911619,0.7075837352316093,0.12008627995072865,6,1104
0,2024-06-14 17:01:14.613917+00:00,47.185581,10.995443,2.985938,156.823,16.6208,8.655961067380098,6,6,0.18046,13.1009,2.55529,2024-06-14,999,0.04099359019601279,0,0,6.0,3,3,3,0.4660815373812201,0.37373261904986976,0.17277243645706877,3,1105
13,2024-06-14 21:28:49.358636+00:00,46.266793,12.925013,4.670313,138.302,3.60954,2.8900891681745735,7,7,0.0937955,3.946,0.79595,2024-06-14,999,0.054926882670645334,0,0,6.369398068324352,3,4,3,0.39208240563289426,0.3251009653699415,0.16597475857260657,3,1106
15,2024-06-15 02:45:31.681175+00:00,46.34922,13.287977,13.149609,34.0015,5.28439,1.154734432672725,162,162,0.362742,0.590834,0.516887,2024-06-15,999,0.4844365011494336,0,0,166.99938103414468,88,74,71,1.7110494085115433,1.6825333649720773,0.03215132344791095,68,1107
13,2024-06-15 08:52:52.942690+00:00,46.65778,10.012355,1.301562,221.259,17.0075,8.770310541822337,6,6,0.206148,14.8833,9.84496,2024-06-15,999,0.039092035192668226,0,0,6.0,3,3,3,0.5119898162965414,0.3773908068092886,0.24260395573463742,3,1108
5,2024-06-15 10:31:28.135698+00:00,46.052026,13.134236,4.976562,265.446,13.7786,6.5863088296860175,6,6,0.142952,5.41471,2.8987,2024-06-15,999,0.6207410448342767,0,0,6.0,3,3,3,1.3230314402924215,1.3230314402924215,0.6335006288420659,2,1109
4,2024-06-15 11:22:30.878495+00:00,44.463103,10.22683,23.734375,255.328,13.2283,8.112519152519765,6,6,0.114743,9.94572,4.89683,2024-06-15,999,0.10220524551910475,0,0,6.0,3,3,3,1.9095210069527948,1.8618867845369262,0.14509719714615232,3,1110
16,2024-06-15 12:48:33.612561+00:00,45.78691,11.203733,7.082031,16.9943,10.5058,2.4387828316600886,210,210,0.69046,0.893448,0.806088,2024-06-15,999,0.6337786575887681,0,0,215.37477899643036,115,95,84,2.790211858144523,2.799929742170171,0.029961153907306165,76,1111
3,2024-06-15 18:55:52.183436+00:00,46.481064,13.029263,10.067969,91.8774,7.74819,2.722137909805453,17,17,0.190801,1.33943,0.871372,2024-06-15,999,0.11525375906088967,0,0,16.791298426674132,8,9,8,0.3905306130384592,0.34536648198274866,0.08107394478402258,7,1112
7,2024-06-15 18:56:55.330897+00:00,46.462754,13.039654,2.526562,219.04,10.9921,5.979697483986961,7,7,0.0723783,3.52689,1.48562,2024-06-15,999,0.06718821866521463,0,0,6.648171483295114,3,4,3,-0.09260914548469923,-0.09260914548469923,0.013297254349586951,2,1113
1,2024-06-15 20:00:56.198134+00:00,46.361688,12.907228,9.072656,144.121,6.29862,4.1230996228565715,8,8,0.0786614,2.03907,0.87677,2024-06-15,999,0.06599217833503764,0,0,8.0,4,4,4,-0.11718421786178324,-0.11718421786178324,0.019261817770564793,2,1114
11,2024-06-15 21:12:04.341460+00:00,46.377531,12.883881,5.244531,230.594,8.83204,5.860258415803862,8,8,0.12315,6.6055,2.98447,2024-06-15,999,0.30306452628643116,0,0,8.0,4,4,4,-0.3759318636458285,-0.343897966109588,0.12327200156901293,3,1115
14,2024-06-15 21:20:53.614180+00:00,45.892482,14.872528,1.914063,159.634,10.2647,6.8431445257279195,7,7,0.172967,5.13927,4.25635,2024-06-15,999,0.21362271677959785,0,0,7.0,4,3,3,0.037807585548790934,0.037807585548790934,0.047079462990932575,2,1116
1,2024-06-16 03:10:52.793115+00:00,46.251196,10.433366,6.967187,90.691,22.6903,8.091889519759894,12,12,0.53594,2.57041,2.41994,2024-06-16,999,0.27211582962380626,0,0,12.0,6,6,6,0.5562085881873855,0.5475722550993686,0.07083948284251938,4,1117
12,2024-06-16 04:14:07.722142+00:00,46.542824,10.346835,0.459375,122.393,7.66193,4.567024304730597,12,12,0.204209,1.47538,0.741647,2024-06-16,999,0.0848538138067766,0,0,12.0,6,6,5,0.7341988410080835,0.5378829441161104,0.19025622051141391,5,1118
7,2024-06-16 04:15:14.251354+00:00,46.423959,12.930288,4.498047,102.756,3.4083,2.274509067908941,13,13,0.143101,1.16535,0.568984,2024-06-16,999,0.19111610580713478,0,0,12.928179332500024,7,6,6,0.41893924506432423,0.47685685188701044,0.20434348863274934,5,1119
11,2024-06-16 05:11:08.976626+00:00,46.349523,12.82743,1.186719,203.101,10.7403,5.132833379333484,6,6,0.0377525,4.39248,2.30406,2024-06-16,999,0.3608768104208239,0,0,7.0,3,3,3,-0.04910666676380937,-0.04250852654476445,0.04230411352448149,3,1120
15,2024-06-16 09:40:02.398118+00:00,45.68298,14.05939,6.201562,162.325,14.0923,7.885982247000053,9,9,0.164525,2.23624,1.93102,2024-06-16,999,0.4843939973805696,0,0,10.0,4,5,4,0.38837500931002816,0.3046075722274355,0.14337485800020713,3,1121
3,2024-06-16 11:19:11.707325+00:00,45.918972,11.958213,8.766406,145.612,2.89788,2.733532165532354,10,10,0.144921,1.74109,1.2849,2024-06-16,999,0.0774933244389201,0,0,10.0,5,5,5,0.8148173235293583,0.8451885084167836,0.14412749645472003,5,1122
6,2024-06-16 12:47:19.706285+00:00,46.255659,10.699274,4.59375,134.711,18.8514,8.869069962515798,7,7,0.304244,3.25977,1.65007,2024-06-16,999,0.10995047285032268,0,0,7.0,4,3,3,0.5644476917047786,0.5644476917047786,0.012867292355443039,2,1123
13,2024-06-16 18:13:58.189098+00:00,46.25393,10.683457,3.904688,105.316,19.059,4.989500295620795,19,19,0.467814,1.90521,1.38403,2024-06-16,999,0.33856136676395115,0,0,19.978254820537394,11,8,6,0.759953515038659,0.6932783801558166,0.1029366821529602,6,1124
2,2024-06-16 21:02:41.767317+00:00,45.918341,11.958185,8.919531,147.162,2.86802,3.0327996801635284,10,10,0.148179,1.83765,1.27827,2024-06-16,999,0.07691910674031441,0,0,10.0,5,5,5,0.547205561300653,0.42472966787446587,0.16546438694330565,5,1125
4,2024-06-16 23:56:28.700909+00:00,46.042714,14.737154,1.148438,186.287,7.11999,6.414682455118101,6,6,0.145005,9.85103,3.31902,2024-06-16,999,0.17958405520319007,0,0,6.0,3,3,3,-0.42368357977606075,-0.42368357977606075,0.010121082023667016,2,1126
5,2024-06-17 01:34:02.298377+00:00,46.129215,12.838953,10.795312,262.323,5.67531,6.58703233634085,6,6,0.199179,8.07373,3.67647,2024-06-17,999,0.1675003220249843,0,0,6.0,3,3,3,1.0512270482082946,1.0512270482082946,0.411513337607447,2,1127
8,2024-06-17 03:53:57.747648+00:00,46.744935,10.325499,6.584375,157.044,6.12771,4.292712033202321,8,8,0.193499,2.61995,1.90441,2024-06-17,999,0.08269441785854528,0,0,8.0,5,3,3,0.8228991046203747,0.9193758877437137,0.18684861888499946,3,1128
10,2024-06-17 06:30:50.262401+00:00,44.538361,10.604601,27.715625,276.011,17.552,10.013455797076253,6,6,0.176188,9.08723,8.30204,2024-06-17,999,0.1557370000520535,0,0,6.0,3,3,3,1.6681659020904072,1.7202433750997916,0.14872156078994728,3,1129
1,2024-06-17 06:39:03.539297+00:00,45.951052,14.691666,5.321094,97.8411,16.784,6.356499508377232,10,10,0.322036,1.34729,1.22276,2024-06-17,999,0.17219575684568092,0,0,10.000370994779082,5,5,5,0.3368513248011846,0.3377857433911726,0.08717632963584154,4,1130
0,2024-06-17 07:02:37.500975+00:00,46.418883,12.511438,2.871094,202.606,5.34268,2.535076349935047,9,9,0.0465876,1.97421,0.633365,2024-06-17,999,0.21659889270540408,0,0,8.716762847418654,4,5,4,0.7008691713639466,0.6826707984889742,0.05288480545826842,4,1131
9,2024-06-17 08:28:51.481492+00:00,46.416901,12.934106,9.704297,91.5604,5.16382,1.6068891156517304,17,17,0.132476,1.08505,0.742797,2024-06-17,999,0.14212414454326303,0,0,17.0,9,8,8,0.5523581604305834,0.6776304264528381,0.11390760949471342,8,1132
2,2024-06-17 10:01:42.291343+00:00,46.131814,11.185272,7.924219,67.2182,6.70286,3.091979026448918,25,25,0.290603,1.02262,0.988093,2024-06-17,999,0.2954046032485067,0,0,24.98286982148982,15,10,10,1.0313974988970567,1.078756925758581,0.05614715216305858,9,1133
4,2024-06-17 14:27:14.907525+00:00,46.157988,12.397797,6.546094,138.049,2.78188,2.7665468186893207,19,19,0.169194,1.88394,0.975225,2024-06-17,999,0.22341379505694497,0,0,18.83524525897415,9,10,8,0.8947542820704529,0.9127655082095582,0.07563155468836846,6,1134
6,2024-06-17 15:14:01.088137+00:00,46.149749,11.188849,2.296875,135.017,15.7779,7.050793997841661,7,7,0.156065,5.3499,2.77178,2024-06-17,999,0.4064357466708256,0,0,7.0,4,3,3,0.6895325265877567,0.6895325265877567,0.005284994091477091,2,1135
3,2024-06-17 16:20:47.737033+00:00,46.138051,11.190308,9.149219,69.5252,7.20155,2.18935632093088,22,22,0.167782,1.14621,0.944974,2024-06-17,999,0.2714660249176647,0,0,21.997132104584388,14,8,8,1.2026242202270325,1.104777788380721,0.16057969892567742,8,1136
12,2024-06-17 17:43:20.822392+00:00,45.290379,14.608809,13.321875,271.232,31.1127,9.190741156185391,15,15,0.413088,6.32158,3.32131,2024-06-17,999,0.470038788161633,0,0,15.456795323006338,9,6,5,1.136798608957554,1.0472469748576647,0.11479235150588898,5,1137
11,2024-06-17 21:16:42.358266+00:00,46.308868,13.807399,7.273438,184.321,10.5127,4.713593236587137,12,12,0.14564,2.99213,1.04061,2024-06-17,999,0.1491431989938852,0,0,11.88686649769785,6,6,6,0.0736065688031502,-0.012999217017160447,0.20863660713804075,5,1138
1,2024-06-18 00:51:28.033168+00:00,45.949371,14.680039,9.570313,128.698,18.4562,7.074959151825542,11,11,0.346319,4.47968,1.54545,2024-06-18,999,0.26359691195548296,0,0,11.0,5,6,5,-0.24600104831543457,-0.2610414229094882,0.043825988215238906,4,1139
4,2024-06-18 01:09:10.388877+00:00,45.958923,14.16654,4.057813,193.737,15.422,8.619487049703132,6,6,0.122244,8.52042,3.95759,2024-06-18,999,0.04964959018297903,0,0,6.0,3,3,3,-0.2151965952625369,-0.24354496502779854,0.22777506246195148,3,1140
13,2024-06-18 02:01:00.162451+00:00,46.457463,14.555111,11.714063,216.459,20.1303,5.194822354999254,35,35,0.326894,3.18924,1.90184,2024-06-18,999,0.36241419651825746,0,0,36.0,20,15,15,0.9046863673265627,0.9325737287179422,0.0629210349392098,14,1141
2,2024-06-18 03:11:42.735111+00:00,45.981668,14.166039,11.714063,141.085,13.2715,7.34766445886038,8,8,0.185601,3.34525,1.78082,2024-06-18,999,0.18447286275266037,0,0,10.0,4,4,3,0.4329213967603839,0.4329213967603839,0.033314808204584545,2,1142
9,2024-06-18 09:59:25.224517+00:00,46.054807,13.64091,6.565234,110.928,7.51158,2.7255657210935125,13,13,0.110459,1.03751,0.678276,2024-06-18,999,0.3377671038810475,0,0,12.101392958519801,8,5,5,0.8542864668477194,0.9059945740369915,0.08495677927725023,5,1143
3,2024-06-18 12:00:25.454993+00:00,45.747063,14.067021,9.264063,189.183,18.7592,9.880338607557942,12,12,0.273043,3.21827,2.04152,2024-06-18,999,0.345083491767109,0,0,12.0,7,5,5,0.43652361114726423,0.4601509854543113,0.06783100079127839,4,1144
7,2024-06-18 23:52:41.089694+00:00,45.410771,14.470221,12.020313,229.917,14.798,5.6680737027671055,10,10,0.208899,3.95443,1.83469,2024-06-18,999,0.22061158524477445,0,0,10.0,5,5,5,,,,0,1145
7,2024-06-19 01:35:28.947448+00:00,46.523599,12.56114,3.253906,147.918,5.81937,2.992327104445635,8,8,0.132077,1.47197,0.989956,2024-06-19,999,0.12595664989818592,0,0,8.0,4,4,4,-0.34723091850450305,-0.34723091850450305,0.11161245391629371,2,1146
4,2024-06-19 08:00:09.877278+00:00,45.597025,13.925848,7.311719,176.197,4.14097,3.323101698714621,8,8,0.0871979,4.80301,0.968652,2024-06-19,999,0.48505746634386643,0,0,7.6645126605888,4,4,3,0.8930254553679636,0.8930254553679636,,1,1147
1,2024-06-19 08:17:49.023257+00:00,46.151905,12.425951,0.076563,273.695,10.4265,6.135492889735917,6,6,0.0600022,6.34034,1.88776,2024-06-19,999,0.2310536584892433,0,0,6.0,3,3,3,0.6893999226163552,0.6584534143967826,0.04983815163371708,3,1148
9,2024-06-19 08:28:02.186815+00:00,45.740579,14.071302,11.101563,221.449,22.0686,12.230458004506618,8,8,0.124771,9.31799,2.39997,2024-06-19,999,0.16870480462989348,0,0,8.0,4,4,4,,,,0,1149
10,2024-06-19 09:06:44.122112+00:00,45.572703,10.34772,0.382812,206.586,3.06795,7.674230515172189,6,6,0.10865,8.55208,4.22167,2024-06-19,999,0.1367483399509538,0,0,6.0,3,3,3,1.3906862875327686,1.3611955929712791,0.14531203845879764,3,1150
2,2024-06-19 11:34:14.087291+00:00,45.436593,14.309808,11.560937,223.164,11.5735,4.583908714187053,10,10,0.195348,3.59263,1.69642,2024-06-19,999,0.34072407043653613,0,0,10.0,5,5,5,,,,0,1151
3,2024-06-19 22:57:54.697871+00:00,45.97048,12.055895,7.464844,159.168,4.56235,4.677994752027838,6,6,0.0870837,4.38987,1.53901,2024-06-19,999,0.2590501897949534,0,0,6.0,3,3,3,0.5831430025973067,0.5831430025973067,,1,1152
14,2024-06-20 00:09:01.343955+00:00,46.329082,13.105768,11.292969,171.427,1.20799,2.368167413845567,13,13,0.162474,2.18418,1.06007,2024-06-20,999,0.09678060594082616,0,0,13.0,7,6,6,-0.033632629231333325,-0.07141006423461427,0.09550093105275775,5,1153
7,2024-06-20 01:54:33.816018+00:00,45.504892,10.837718,19.064063,225.621,3.11815,3.8329777980050963,8,8,0.0686337,3.64596,2.45421,2024-06-20,999,0.047359434627180674,0,0,8.0,4,4,4,0.6544098651270791,0.6643647933393455,0.08193331441975103,4,1154
21,2024-06-20 02:15:18.669393+00:00,46.32843,14.701218,11.714063,265.588,20.2679,5.69855499227655,17,17,0.257512,4.41539,2.08713,2024-06-20,999,0.3004077916839519,0,0,16.96961787873063,11,6,6,,,,0,1155
24,2024-06-20 02:32:07.732310+00:00,46.162911,14.360743,15.542188,79.1441,11.9611,2.953744538716915,53,53,0.470075,1.85103,1.14572,2024-06-20,999,0.4448226724560149,0,0,52.884758199891635,27,26,24,1.1755352604232598,1.253173153332532,0.0942676224079293,9,1156
9,2024-06-20 05:58:33.293988+00:00,46.272692,12.631521,0.076563,123.816,13.7597,10.583848213197316,10,10,0.154526,5.83971,3.1612,2024-06-20,999,0.5788250377988418,0,0,10.70852938505348,5,5,5,0.918379301679678,0.9190094289018751,0.05973350439692107,4,1157
22,2024-06-20 08:25:53.772462+00:00,45.748513,14.062328,12.632812,158.595,18.6174,11.044832637935261,12,12,0.231794,2.40481,2.05209,2024-06-20,999,0.3116988218074759,0,0,12.0,7,5,5,,,,0,1158
2,2024-06-20 09:14:25.888499+00:00,47.138618,10.695544,12.173438,129.754,13.3124,4.850011742253827,27,27,0.537057,2.87814,1.62331,2024-06-20,999,0.4994348630743609,0,0,26.9501933234547,17,10,9,1.886267431272523,1.8384887869044373,0.07462670554081445,9,1159
11,2024-06-20 09:20:53.794628+00:00,46.106858,14.769879,2.985938,156.327,5.33751,4.359689977509869,11,11,0.219979,1.96798,1.0454,2024-06-20,999,0.3217639073528158,0,0,11.0,7,4,4,,,,0,1160
15,2024-06-20 09:38:09.628387+00:00,46.51912,12.557533,1.665234,154.802,6.10778,2.6829592058024287,6,6,0.0198229,2.18564,1.30626,2024-06-20,999,0.01579318059651481,0,0,5.998686101780948,3,3,3,0.26416195823651445,0.26416195823651445,0.20395295041008055,2,1161
26,2024-06-20 10:02:21.438998+00:00,46.13742,11.190288,8.307031,79.9363,7.18578,2.259162499688767,25,25,0.205374,1.01326,0.886622,2024-06-20,999,0.3156826368607727,0,0,24.993325508819446,14,11,11,1.0680617951189422,1.1246221688430929,0.0745054565900823,10,1162
10,2024-06-20 11:45:59.108155+00:00,47.149395,10.750084,3.751563,175.019,14.3532,20.477689322772722,7,7,0.201355,13.6077,3.37326,2024-06-20,999,0.14422853232047805,0,0,7.0,3,4,3,0.7401147112306532,0.7401147112306532,0.014300882456498076,2,1163
4,2024-06-20 11:47:36.097250+00:00,47.15208,10.735337,4.210938,181.254,14.5706,20.498881432897747,7,7,0.232434,14.1446,4.07658,2024-06-20,999,0.19414875422015648,0,0,7.0,3,4,3,0.616029014681669,0.616029014681669,0.000856886782894084,2,1164
17,2024-06-20 12:01:24.306926+00:00,45.21391,11.127555,17.303125,243.516,36.0615,8.276536836141068,24,24,0.342619,4.5533,3.25597,2024-06-20,999,0.37382353489195863,0,0,23.895948890806494,12,12,10,1.4746626264076685,1.493380985166176,0.09096397296781696,10,1165
13,2024-06-20 13:38:48.698484+00:00,46.526061,10.352064,7.847656,145.867,5.75822,4.946572884331131,8,8,0.085579,8.6017,1.27055,2024-06-20,999,0.24952454133894103,0,0,8.0,4,4,4,0.4324901078766763,0.43393478299065835,0.22343993614424595,4,1166
1,2024-06-20 13:40:07.621742+00:00,46.442204,10.200335,2.373438,116.787,7.21346,4.930264637927664,10,10,0.354082,2.2004,1.29763,2024-06-20,999,0.11125454285893494,0,0,10.0,5,5,5,0.2886097118220084,0.27872282086237943,0.23157054295202406,4,1167
23,2024-06-20 14:58:26.113304+00:00,46.417332,12.774334,5.091406,103.52,2.6671,2.7123491110106017,26,26,0.261917,1.0412,0.797065,2024-06-20,999,0.23497855385594946,0,0,26.0,13,13,13,0.6565408181298155,0.7080528017464642,0.08146820508873479,11,1168
19,2024-06-20 17:42:22.115869+00:00,46.672902,9.624455,0.401953,169.242,7.86141,3.064462367202443,11,11,0.132805,1.47815,0.563795,2024-06-20,999,0.1006975707789136,0,0,11.0,6,5,5,1.1048471815087957,1.1878776671741367,0.16506023484080404,5,1169
12,2024-06-20 21:10:25.191496+00:00,46.519701,12.559396,2.775391,152.235,6.1204,2.5905440162251634,12,12,0.137036,1.02601,0.650996,2024-06-20,999,0.1905815889031132,0,0,12.0,6,6,6,0.468150457823358,0.47364637110003627,0.1369925560352619,6,1170
5,2024-06-20 21:20:30.998687+00:00,46.520864,12.563121,2.507422,147.177,6.15757,2.889234050747706,7,7,0.0577837,0.925224,0.884822,2024-06-20,999,0.09934572522870096,0,0,7.0,3,4,3,0.15448791887909452,0.15448791887909452,0.26866483769573823,2,1171
6,2024-06-20 22:42:10.432733+00:00,47.31707,11.405206,2.067188,163.023,13.1017,6.066117291975156,8,8,0.132993,2.46835,0.959691,2024-06-20,999,0.322507548512738,0,0,8.0,4,4,4,0.7926241388197356,0.7956350410004094,0.010646753767342435,3,1172
